bldg_cost,type_pop,day_pop,night_pop,transit_pop,bldg_count,Complete_count_High,Extensive_count_High,Moderate_count_High,Slight_count_High,Collapse_count_High,Complete_count_Low,Extensive_count_Low,Moderate_count_Low,Slight_count_Low,Collapse_count_Low,Complete_count_Moderate,Extensive_count_Moderate,Moderate_count_Moderate,Slight_count_Moderate,Collapse_count_Moderate,Complete_count_Precode,Extensive_count_Precode,Moderate_count_Precode,Slight_count_Precode,Collapse_count_Precode,Fatalities_day_High,Fatalities_day_Low,Fatalities_day_Moderate,Fatalities_day_Precode,Fatalities_night_High,Fatalities_night_Low,Fatalities_night_Moderate,Fatalities_night_Precode,Fatalities_transit_High,Fatalities_transit_Low,Fatalities_transit_Moderate,Fatalities_transit_Precode,Complete_prob_High,Complete_prob_Low,Complete_prob_Moderate,Complete_prob_Precode,Extensive_prob_High,Extensive_prob_Low,Extensive_prob_Moderate,Extensive_prob_Precode,Moderate_prob_High,Moderate_prob_Low,Moderate_prob_Moderate,Moderate_prob_Precode,Slight_prob_High,Slight_prob_Low,Slight_prob_Moderate,Slight_prob_Precode,Collapse_prob_High,Collapse_prob_Low,Collapse_prob_Moderate,Collapse_prob_Precode,Fatality_rate_High,Fatality_rate_Low,Fatality_rate_Moderate,Fatality_rate_Precode,Complete_prob_High_residential,Complete_prob_Low_residential,Complete_prob_Moderate_residential,Complete_prob_Precode_residential,Extensive_prob_High_residential,Extensive_prob_Low_residential,Extensive_prob_Moderate_residential,Extensive_prob_Precode_residential,Moderate_prob_High_residential,Moderate_prob_Low_residential,Moderate_prob_Moderate_residential,Moderate_prob_Precode_residential,Slight_prob_High_residential,Slight_prob_Low_residential,Slight_prob_Moderate_residential,Slight_prob_Precode_residential,Collapse_prob_High_residential,Collapse_prob_Low_residential,Collapse_prob_Moderate_residential,Collapse_prob_Precode_residential,Fatality_rate_High_residential,Fatality_rate_Low_residential,Fatality_rate_Moderate_residential,Fatality_rate_Precode_residential,Proba,Mag,Code
1.43949803388e+12,35081507.8316,11759179.5205,17208141.5234,12023067.652,7016301.56631,73141.9014816,202912.008554,579673.291039,1285264.23971,5071.43652489,374751.229945,672498.820841,1292070.86928,2012925.37216,24769.2776858,202783.453018,422099.216132,877162.805795,1567347.27355,13450.9396197,493574.992503,863136.134306,1566869.59522,2300138.8921,31728.6745605,1223.26193278,5982.74812599,3212.95308465,7620.68654255,1326.61238497,6985.08631381,3645.20088573,9004.6073843,864.201510758,4531.04459527,2369.96820396,5849.61372603,0.0123712215908,0.0633040704831,0.0334890006494,0.0825985282277,0.038585697667,0.113858629664,0.0709109986876,0.145242290694,0.109605338289,0.212403417767,0.154085072853,0.26155682802,0.221926884106,0.314380663638,0.258770443398,0.366057111712,0.0008823306796,0.00444154540015,0.00235781324492,0.00570574722193,8.64065300245e-05,0.000436112591514,0.000231392319698,0.000559053408668,0.0104245663888,0.0534115055351,0.0289017584409,0.0703468897165,0.0289200808483,0.0958480496434,0.0601597881936,0.123018676741,0.0826180695856,0.184152698835,0.125017831332,0.223318450669,0.183182582386,0.286892653221,0.223386531884,0.327827826436,0.000722807661124,0.00353024701856,0.00191709827358,0.00452213666425,6.79533729959e-05,0.000334757802842,0.000181590629837,0.000427108574998,5.64398970633e-11,7.3,F01310A
1.29261374784e+12,31501841.7884,10509503.9127,15445308.6912,10834318.4481,6300368.35769,57281.0281037,161315.140797,452924.728856,978354.866467,4035.24848978,296607.123889,522063.229874,985693.252109,1539294.62976,19900.5614169,161299.89394,332741.133704,674257.138764,1193254.74815,10900.2876353,387521.974648,664400.960153,1196278.8626,1767116.52457,25221.1128006,977.854573031,4822.31601699,2616.80720524,6071.06779599,1042.58092328,5488.79732688,2898.95683552,7010.86229801,680.15877701,3564.00593492,1886.80320065,4555.37527843,0.010827769555,0.0556326159372,0.0297005170354,0.0718920152847,0.0341674104257,0.0978663332599,0.0620555810543,0.123949715533,0.0943244976168,0.180434033156,0.131312252466,0.222940159742,0.188603245026,0.26855054894,0.220148183774,0.314655986421,0.000779131472451,0.00393940991068,0.00211422712786,0.00500590783716,7.63955985506e-05,0.000387096131944,0.000207723068046,0.000490766188076,0.0090916950965,0.0470777432444,0.0256016608526,0.0615078282169,0.0256040808472,0.082862334428,0.0528129650226,0.105454304008,0.0718886108148,0.156450098812,0.107018685335,0.189874431888,0.155285343796,0.244318195759,0.189394441785,0.280478287022,0.000640478184876,0.00315863458882,0.00173010322833,0.00400311717803,6.03447391262e-05,0.000299876195386,0.000164208276329,0.000378363952367,9.53095591892e-09,7.1,F01310B
1.29275574477e+12,31505302.3463,10502608.4549,15445883.4085,10841663.7394,6301060.46927,55788.9504655,160909.929592,486017.720198,1099058.33405,3878.91529805,308092.75878,567569.723834,1104534.48491,1723516.55686,20675.7925495,161005.603156,349101.347067,746117.367624,1341314.57246,10785.636964,411330.168977,733443.467865,1341092.28982,1970944.16386,26807.534415,937.542729713,5027.05849618,2587.19870598,6481.58717102,1019.28330454,5827.98271731,2928.9209984,7598.09053789,664.137173742,3782.49809965,1904.9911509,4937.95094242,0.0105610461554,0.0585147156587,0.029826423902,0.0772829391519,0.034720339728,0.107644931056,0.0659041558232,0.137921192939,0.103372050788,0.202365610529,0.146410103166,0.249450867481,0.21149370374,0.299905155686,0.246742985687,0.349594104275,0.000753602889541,0.00413779883201,0.00211036585493,0.005378079678,7.38322458228e-05,0.000406829123095,0.00020731353314,0.000527624775743,0.0088538985997,0.0488953820207,0.0255521437926,0.0652795146125,0.0255369600684,0.0900752701236,0.0554035862328,0.116400004641,0.0771326862467,0.175293427241,0.118411396187,0.212835965686,0.174424343237,0.273528014097,0.212871242706,0.312795627574,0.000615597218431,0.00328131949381,0.0017117177365,0.0042544480482,5.79116912734e-05,0.000311975288254,0.000162449464233,0.000402822808533,1.28933676501e-05,7.2,F01310C
3.57098415512e+12,87027217.5826,31162511.5856,42966042.042,28303194.2713,17405443.5165,106144.192974,441514.239723,1869517.90817,4386487.04385,8262.26758324,1089166.36849,2292968.61556,4368575.39902,6131220.21728,85056.1638338,447473.995082,1267741.02818,3039119.48421,5149482.80949,34351.3359398,1562931.2713,2995738.93826,5092720.11255,6686955.64572,117465.352271,2080.03924336,21625.0962007,8593.56096101,29728.8944406,2094.30230092,22011.0026202,8812.61668327,30289.3100357,1374.82030382,14437.261778,5768.53889551,19881.8571079,0.00771219808963,0.0790100295683,0.0316891353034,0.110969851486,0.0396234937408,0.161223485853,0.0912665097059,0.205322037826,0.150256580015,0.283736949863,0.214449886052,0.329999731067,0.291083451405,0.375266261986,0.328574899729,0.412405584109,0.000581220207797,0.00605067516151,0.00241116177291,0.00834552670983,5.75484452125e-05,0.000600867792383,0.000239302434768,0.000826695314641,0.00609833313777,0.0625761916065,0.0257088533629,0.0897955441248,0.0253664458078,0.13173859163,0.0728358933785,0.172115059028,0.10740995519,0.250989030809,0.17460741413,0.29259352729,0.252018113741,0.352258775334,0.295854730999,0.384187604261,0.000474694458397,0.00488675647668,0.00197359727761,0.00674877098994,4.53974358892e-05,0.000473568064727,0.000190837506559,0.000650668443649,9.68908663382e-10,7.3,F01770A
1.5759856129e+12,38407799.3301,12994534.0332,18856530.7316,13070992.1065,7681559.86603,19531.5957216,83212.2019787,372657.687649,994060.341036,1404.46565652,209882.787924,468687.002649,1003208.87705,1588390.02804,15610.707219,84111.5182117,247112.342349,639649.751833,1232844.68858,6035.63932257,307857.06402,637305.111786,1233076.41082,1813810.54983,22219.6179106,348.320284125,3937.25480801,1489.7234219,5590.07573796,391.19660216,4323.64100869,1674.06201009,6099.96093155,254.709546427,2825.5350437,1091.7992549,3995.32156438,0.00322590018233,0.0347438466662,0.0135205343968,0.0500613259589,0.0170284872904,0.0761675335524,0.0405813977788,0.101596903202,0.0713558713091,0.153114560645,0.107359470044,0.189705653133,0.159127434634,0.227106288084,0.187135486465,0.263522230336,0.000231787463629,0.00258243315529,0.000988068609787,0.00366804774749,2.28276391845e-05,0.00025589328206,9.77324504399e-05,0.00036269602992,0.00254266009277,0.0273229385157,0.0109497966141,0.0400774151851,0.010832721925,0.0610145609516,0.0321695523642,0.0829655854932,0.0485132829983,0.130599630094,0.0832708151716,0.160524220644,0.129408656363,0.206779619731,0.160494054604,0.236125289845,0.000182835996987,0.00203223140759,0.0007857309489,0.00289259190817,1.73284740569e-05,0.000196340878565,7.55884191244e-05,0.000278251484836,1.49396558131e-07,7.4,F01820A
2.10196464279e+12,51226252.0282,17409993.2095,25160777.0104,17373297.8408,10245250.4056,73054.5175404,220428.796794,646493.598803,1289397.61636,5241.01635787,421894.46531,737210.416045,1290928.87777,1871233.05876,29052.7251335,220814.117405,474006.270192,935573.405663,1518287.49348,15285.6005332,553445.593431,917099.691251,1515282.97338,2098327.23761,36818.0554763,1279.34077888,7094.04017165,3699.90286803,8910.49010833,1349.86909232,7835.28657662,4030.3927709,9941.41896732,881.217954349,5103.32358368,2626.48306893,6479.71261823,0.00858233594541,0.0489386364404,0.0252647701193,0.0630968079008,0.0293678331135,0.0840381814781,0.0545717570453,0.103367278656,0.0806364266895,0.141980761661,0.108602412629,0.168978077837,0.147205209183,0.19760262005,0.167530344588,0.225582746055,0.00062308995974,0.00351506748446,0.00182204627574,0.00444924291048,6.12026722697e-05,0.000345973111374,0.000179362456423,0.000436710495436,0.00713057413416,0.0411795172012,0.0215528277653,0.0540197234346,0.0215152180831,0.0719563101785,0.0462659526536,0.0895146194519,0.0631017860185,0.126002667252,0.0913177685874,0.147901018852,0.125853206638,0.182643955459,0.148194278652,0.204809756183,0.000511555711219,0.00283572621295,0.00149196944223,0.00359367062967,4.83306096855e-05,0.000270155847714,0.000142128629928,0.000340530021208,2.96656853535e-16,7.3,F01850A
1.55822389364e+12,37974934.6241,12785962.438,18635355.0918,12971177.0651,7594986.92481,21077.7131478,66246.7558765,214511.192144,563112.710488,1492.35405127,132346.314755,260510.767029,582660.088915,1047336.89766,8978.10348257,66332.9949844,151210.57132,349933.007662,740694.191968,4501.19646217,180505.298134,353833.826985,760116.618579,1268156.33272,11924.8140036,363.836076302,2196.68398565,1086.75153755,2907.47512657,394.585613226,2553.40705931,1229.26787215,3414.12511355,257.151136841,1655.58760723,799.309225169,2216.95064653,0.00336453492716,0.0210855372651,0.0103045126685,0.0285298136144,0.012130412383,0.0419981770751,0.023961543703,0.057119449389,0.0403491233771,0.0932142922057,0.0610738893139,0.124825759946,0.098556957627,0.157536608661,0.121077805994,0.195865264287,0.000241953997396,0.00149909966922,0.000733982137525,0.00199878939636,2.37476954709e-05,0.000147593499694,7.22096757821e-05,0.000196430486009,0.00277521388206,0.0174254828962,0.00873378659385,0.0237663737832,0.00872243185305,0.0343003575395,0.0199092602551,0.0465878125253,0.0282437868909,0.0767164044761,0.0460742080436,0.100081359732,0.0741426833334,0.137898446439,0.0975240904692,0.166972813156,0.000196491984258,0.00118210914271,0.000592653615698,0.00157009012941,1.85394042125e-05,0.000112653808544,5.63976816646e-05,0.000149086424373,2.05647067588e-06,6.9,F01280B
1.8580429446e+12,45281720.8347,15199916.1175,22214558.2987,15502298.7608,9056344.16693,36450.3037343,109934.588203,400930.093543,1165502.6818,2513.25834988,233869.972406,511775.191977,1182866.91556,1983167.43365,16310.1080641,110258.877275,271961.008076,709210.974677,1491410.8263,7380.23278632,334050.094761,713453.460681,1494222.33273,2292083.84484,23025.6951331,607.312480796,4032.42476823,1775.49376852,5718.97817356,671.514940059,4682.85388545,2052.90613291,6599.95643584,436.738678106,3041.03944667,1333.74029099,4300.10246541,0.00481910801614,0.0320156588964,0.0143853482704,0.0456909069372,0.0172575471351,0.07127254313,0.0371589584144,0.0982445410283,0.0672369958038,0.156220369223,0.104579153339,0.19874565538,0.163192961428,0.242592882062,0.195717346012,0.284590568104,0.000341976019227,0.00230354567055,0.001015961412,0.00326553252994,3.34989230067e-05,0.000227309449765,9.98977485018e-05,0.000322007380918,0.00402483640887,0.0258238830256,0.0121747666876,0.0368857552898,0.0121389587428,0.0565101306381,0.0300298887789,0.0787794111542,0.0442706335087,0.130611965905,0.0783109565631,0.164991778712,0.128694610134,0.218981014535,0.164681332645,0.253091512711,0.000277513564364,0.00180095938973,0.000814924063207,0.0025424933846,2.60838263693e-05,0.000172456875502,7.74575724639e-05,0.00024316896874,5.33689489237e-13,7.2,F01280A
5.56392602834e+12,135596513.467,48724001.0835,66968777.7416,43969102.1836,27119302.6935,51790.6845423,159950.420604,507481.777971,1184674.35866,3507.46989678,315002.971685,597258.651335,1198185.68986,1907026.88547,20329.1634881,159815.130248,359551.185869,791529.480799,1464465.47693,10292.6159088,426223.602357,782372.393898,1473235.18449,2201831.01819,26807.0256836,845.354486926,4898.70789013,2448.59869181,6420.82879807,969.339111549,6020.89136859,2951.23154506,7919.69932317,628.992783312,3903.01731754,1915.77063589,5149.25849613,0.00230651207688,0.01395999837,0.0069224521955,0.0186684670052,0.00811496602286,0.0264403589386,0.0158153085944,0.034378492354,0.0253982055059,0.0514593597913,0.036533934386,0.0643482525965,0.0537993601941,0.0777179142859,0.0633396707922,0.0915754870099,0.000161674222087,0.000964285483752,0.000478216001325,0.00127094825294,1.58135536778e-05,9.46179636904e-05,4.68891638336e-05,0.000124428094073,0.0019097351111,0.0116154524785,0.00589303980468,0.0157166136303,0.0058980285154,0.0220233778901,0.0132581279811,0.0288492813676,0.0187129360849,0.0441820242725,0.0291869407464,0.0543242280651,0.0436838060346,0.0703199085545,0.0540008529527,0.0811905469354,0.000129334811312,0.000749619697744,0.000379530994037,0.00098848506492,1.21306483258e-05,7.10558343828e-05,3.59148176174e-05,9.3317090635e-05,7.86850821306e-17,7.3,F01462A
1.34124405993e+12,32686994.2751,11054458.3082,16047233.9855,11127561.0493,6537398.85503,116369.560852,339881.513715,939443.322812,1733479.85715,8557.6959779,631281.965509,1058652.1225,1722299.742,2301378.93532,44645.0680705,340656.450107,702804.621055,1314997.22866,1970892.8418,24243.4386318,813633.261384,1284745.06769,1952060.61907,2495574.74199,55585.0359083,2098.48667218,10947.8705536,5899.89036886,13513.6404055,2130.99669964,11523.318537,6142.53734488,14375.862758,1395.07321766,7518.17078289,4009.04083925,9377.06143241,0.0213458095438,0.113836845443,0.0607674693608,0.144129150932,0.0700412927166,0.18675263314,0.12589668006,0.223311500703,0.17882338411,0.28988447348,0.232744411001,0.330221446146,0.29788459771,0.372421637102,0.329598396803,0.408238766891,0.00157468885162,0.0083180175179,0.00446036182673,0.0103422712564,0.000154930940588,0.00081964572204,0.00043965994567,0.00101637370724,0.0178005906374,0.0965647009626,0.0521088674045,0.12445825617,0.0519903284551,0.161937820528,0.10750523819,0.196522362514,0.143702922775,0.26345336734,0.201149915711,0.298598978334,0.265163545255,0.352032817081,0.301479668826,0.381738180175,0.00130903684595,0.00682917916752,0.00370842274877,0.0085026227007,0.000124026210783,0.000651576139418,0.000353940526672,0.000806908960113,0.0,7.1,F01240A
1.61807491648e+12,39433543.1646,13235409.2374,19345328.4366,13501250.1612,7886708.63292,125960.096817,435814.648919,1400560.21797,2605456.29087,9359.47410342,894630.375431,1581055.30474,2565103.12308,3268448.4534,63896.1828636,437915.37508,1011858.52991,1997410.25231,2899517.68115,31518.5835903,1190600.8837,1929664.29064,2849573.97714,3460052.76291,81488.2970613,2316.44903958,15798.8126525,7730.75075289,19918.7038818,2404.40026474,16919.5067769,8216.99863112,21550.4664307,1573.31161012,11043.8889389,5364.30524799,14067.8966555,0.0196896682354,0.136687772168,0.0662974974389,0.1775161991,0.0785648115498,0.232785849419,0.153083921805,0.277525234697,0.222208357569,0.352600066223,0.28972586673,0.390668794483,0.361491977404,0.431069060937,0.392707935987,0.458687112681,0.00145207131349,0.0100142105276,0.00488104557159,0.0127258531958,0.000143093466673,0.000988260757691,0.000481981694663,0.00125169677905,0.0159711868004,0.113435200547,0.0555257453346,0.150962960484,0.0552593824881,0.200470865393,0.128299215428,0.244672952997,0.177584881496,0.325243804795,0.253262843256,0.361313459108,0.330360409157,0.414424902139,0.367646101321,0.438719486665,0.00118674019024,0.00810175522357,0.00399641790477,0.0103323580031,0.000112724881159,0.000775776020158,0.000382944383927,0.000982899406851,1.39429772664e-10,7.5,F01220A
1.38085933469e+12,33652444.4104,11343115.3351,16515933.111,11485167.652,6730488.88208,70948.8977543,267270.223559,952658.967149,1921391.58136,5443.14528134,588650.891461,1102632.32755,1899050.33346,2541286.38593,43858.1181725,269530.574588,672463.596147,1418760.2558,2187251.60723,20138.6377292,803929.115453,1377255.83147,2155540.16757,2739626.54014,57336.9778326,1361.00947804,10991.8528158,4994.79982149,14234.5283305,1375.78440542,11423.5655838,5165.48727782,14935.083424,902.388699477,7469.29569212,3376.94361309,9761.98878055,0.0131627638517,0.107312853513,0.0485016201005,0.14301254827,0.0586560605348,0.193825682941,0.12143856938,0.236400957818,0.183690088695,0.311182296254,0.247290293687,0.353330434701,0.319978986278,0.397777909511,0.353826202616,0.432601015566,0.000986597775993,0.00803956009568,0.00364361346779,0.0104855279988,9.75035084753e-05,0.000795777294167,0.000360786396065,0.00103467187528,0.010541418164,0.0874603467555,0.0400462105072,0.119445872289,0.0397103729375,0.163826483761,0.0999130387003,0.204629389574,0.141543799245,0.282156373293,0.210796018039,0.320265021656,0.28547578267,0.377578275584,0.324976631794,0.40704718307,0.000808729555416,0.00651633468845,0.00299215080539,0.00851899153793,7.71562858622e-05,0.000627393219975,0.000288106377113,0.000815063307591,8.36648352808e-07,7.3,F01220B
1.51128726782e+12,36831058.3787,12388272.7451,18072273.6989,12590058.7347,7366211.67575,89554.1175497,330386.918606,1146305.18342,2256945.10561,6727.68977033,713272.574503,1316798.38751,2225504.6085,2907784.79262,51985.4708815,332646.778423,813259.93229,1687222.87611,2543980.94553,24304.6009405,968143.715152,1634333.91265,2501206.39853,3099734.81006,67626.4269503,1673.49709612,12949.7338629,5993.64541644,16675.7735251,1733.2980376,13748.203446,6340.86581221,17850.9843457,1134.76273039,8982.08679778,4141.74309589,11664.5786488,0.0151370813372,0.118174105696,0.0544580564596,0.156522367286,0.0654731733653,0.210323874332,0.13342547459,0.254797999381,0.199728828927,0.330790296224,0.266328700608,0.370816066109,0.339434082364,0.412788829961,0.372217446899,0.442490558997,0.0011210505568,0.00874460300948,0.00403904826206,0.0113389512168,0.000110606419925,0.000864344930332,0.000399367485899,0.00111722428678,0.0121574184251,0.0968303119568,0.0451584604225,0.131430341371,0.0448516731733,0.178761953291,0.110404094817,0.221868985659,0.155616649898,0.302123358174,0.229048926419,0.339551252209,0.306391562577,0.394746298452,0.345358110453,0.420804471349,0.000913317464454,0.00705728713345,0.00329947088278,0.00918062498433,8.69098980103e-05,0.000677876408493,0.000316953711893,0.000876253656059,1.39758264771e-07,7.3,F01220C
6.48507252945e+12,158045455.69,57110581.5163,78100521.7747,51003826.7923,31609091.1381,76223.899834,279369.475351,1132421.87446,3594094.59598,5093.71173191,640755.873934,1490213.82437,3787253.73274,7136413.8704,43431.6502947,280114.423858,753528.46492,2069123.9982,4914369.67945,18156.8036913,937341.885664,2157687.25315,5104061.95332,8763574.46836,63146.1380161,1233.91804453,10696.6729884,4357.15158481,15615.1545599,1490.79833604,13054.4338017,5416.26343152,18651.9794666,964.563810891,8475.94557114,3513.49026281,12173.9965618,0.00299266330524,0.0253809449087,0.010686520296,0.0369495593197,0.0130768524628,0.0600179386131,0.0297062588599,0.086694137495,0.0567352438734,0.149733883979,0.0924292649854,0.206154834837,0.157820653362,0.261406142458,0.198025222834,0.329112233178,0.000207096310518,0.00179359908782,0.000739048303443,0.00260105794981,2.02622284419e-05,0.000176822243032,7.26221939516e-05,0.000256234768319,0.00241145496721,0.0202712526955,0.00886183100407,0.029654186562,0.00883826346446,0.0471451019536,0.0238389791604,0.0682616037178,0.0358258283833,0.119815331488,0.0654597751376,0.161474492608,0.113704458641,0.225770928978,0.155473299058,0.277248543151,0.00016114704816,0.00137402401433,0.000574417138792,0.00199772077407,1.51091260896e-05,0.000131477733776,5.4593978465e-05,0.000190905575596,6.59633418819e-12,7.5,F01622F
5.77832910158e+12,140821656.48,50666115.8295,69558383.9657,45614065.7289,28164331.296,49303.3197433,179110.158954,696352.802185,2316930.05089,3358.58284033,400337.488423,923594.828178,2483468.10488,5034888.52604,27177.5320888,179541.676492,468186.873159,1281691.82161,3295449.30262,11809.2261782,579434.381163,1359267.37447,3471487.5689,6352797.30101,39052.929818,817.07909367,6688.47390439,2842.61389446,9650.64861225,961.935102739,8072.30850208,3449.57591335,11473.2517139,623.548542318,5239.46738905,2239.57321136,7479.22193369,0.00217245121946,0.0176811185065,0.00766671831079,0.0255257930451,0.0093060517782,0.0419052979813,0.0205984877014,0.0620499517333,0.0398826539018,0.112948125174,0.0665170269482,0.162049798726,0.120119246613,0.210796348579,0.154355468127,0.273354596124,0.000152004702631,0.00125189215322,0.000534854937003,0.00179888590264,1.48909926716e-05,0.000123410677473,5.25896409819e-05,0.000177217493936,0.00175055886203,0.0142143438172,0.006374789254,0.0205733406227,0.0063594678344,0.0327930678869,0.016623397454,0.0482620148226,0.0247246346759,0.0881777763081,0.0455076248089,0.123258299032,0.0822646924063,0.17876826093,0.117007901519,0.225561801353,0.000119249514751,0.000964962803596,0.000419297232877,0.00138660951711,1.1208775111e-05,9.22802079008e-05,3.98922971999e-05,0.000132426304386,2.02354576777e-07,7.4,F01622D
5.96095795804e+12,145272441.064,52512995.6227,71791056.3789,46867995.8771,29054488.2128,50747.8235448,189578.918233,810748.192957,2833576.05236,3403.07327883,446847.670954,1099236.40149,3024302.47655,6025948.03124,30293.2635214,190112.487873,530010.171383,1553002.38909,4002793.43008,12292.5932016,666821.415709,1644497.82222,4199007.19007,7540379.09123,45098.5803984,826.228106565,7486.0070746,2954.61902439,11210.6202865,998.543512714,9282.16205718,3716.26415814,13564.5272389,645.380528619,6012.89196855,2406.48103611,8838.75144213,0.00217376549906,0.0194406251604,0.00792745207443,0.028945160203,0.00978402622438,0.0489665257668,0.0229597550393,0.0732141401876,0.0463469178122,0.132837707612,0.0784439009211,0.188634022925,0.140810529633,0.243340005341,0.180063141023,0.312548235805,0.000150719206928,0.00137335240506,0.000547585545257,0.00204020445209,1.47542889134e-05,0.000135486920281,5.38289365935e-05,0.000201183617695,0.00174664317517,0.0153796435057,0.00654330878178,0.0229507197245,0.00652494433372,0.0378336177681,0.0182419379581,0.056600474604,0.0279044045457,0.104090715844,0.0534513765213,0.144521808793,0.0975262765468,0.207401623705,0.137768505877,0.259525448737,0.000117127283534,0.00104263628048,0.000423087583287,0.00155220701422,1.09875347897e-05,9.98669346256e-05,4.02250735557e-05,0.000148571841069,1.17475560698e-09,7.4,F01622E
5.26584951789e+12,128332194.108,46571030.3732,63444796.6945,41263867.2808,25666438.8215,23745.6095325,86898.6269413,340500.406363,997387.291217,1660.16185441,194872.999102,427026.829034,1030920.37427,1891621.76006,13198.0727544,87149.47559,228157.216492,594933.972589,1327174.08778,5826.02501881,279855.83659,601397.557187,1359042.09648,2293306.3408,18490.7950499,406.677119764,3255.76751138,1410.83730084,4550.12681772,463.877413161,3963.19496562,1688.18245167,5544.19362704,300.947147966,2563.88260074,1094.55604939,3597.64795613,0.00114944037007,0.00946372954197,0.00409893987661,0.0134577236308,0.00499143740003,0.0209005078981,0.0109972577462,0.0292903033326,0.0199914403465,0.0492208025089,0.0314976446173,0.0663921410781,0.0521601730973,0.0842606630222,0.0644678149105,0.104806499867,8.16781720824e-05,0.000670127479969,0.0002887900414,0.000940231544917,8.01823534304e-06,6.60710651197e-05,2.84315236574e-05,9.2533411152e-05,0.000925161830889,0.0075925219099,0.00339546425571,0.0109035709448,0.00338569084498,0.0166375566164,0.00888932111221,0.0234312816581,0.0132663673652,0.0401660854251,0.0231794514512,0.0529501621136,0.0388595900721,0.0737002033359,0.051708540363,0.0893503908643,6.46822048804e-05,0.000514215191527,0.000226990002755,0.00072042698165,6.09971282736e-06,4.91669806182e-05,2.16358020364e-05,6.86458150002e-05,3.60377699014e-05,7.1,F01622B
5.65745424908e+12,137875857.33,49865341.8549,68139428.3124,44461774.764,27575171.466,30765.4040244,122604.618676,582769.242946,2294618.73612,2073.26379205,308142.667476,824669.161974,2474999.80544,5173191.48032,21294.3166316,123158.206704,370544.67426,1191303.45386,3338128.1773,8033.31163154,475424.191727,1281931.10033,3526386.38828,6560549.86909,32889.4586247,505.828325658,5312.87999457,1942.5641253,8273.16426863,615.420184118,6603.41288465,2459.8834583,9994.9597822,397.289384253,4271.40278769,1590.86249832,6506.14071155,0.00140234532897,0.0143837569896,0.00547412761397,0.0221895178959,0.0068911665709,0.039585671689,0.0172326037733,0.0614369047819,0.0374331605365,0.116737944281,0.06613285167,0.169911490348,0.124318428834,0.222200323115,0.16149444978,0.289292615641,9.73662907133e-05,0.00102531010663,0.000379769598055,0.00158081512523,9.54160947238e-06,0.000101353362105,3.73857277337e-05,0.000156238648322,0.0011156922111,0.0111746419367,0.00446627165514,0.017241023952,0.00444619605818,0.0299062206373,0.0134376199516,0.046488599424,0.0211338393186,0.0897546478903,0.0432020324999,0.127882664035,0.0832132173304,0.187603238903,0.121055572816,0.237915106972,7.51858894009e-05,0.000772227895585,0.000291324086287,0.00119272000413,7.06117791299e-06,7.42302111162e-05,2.77635927479e-05,0.000114628855654,9.4581910533e-08,7.3,F01622C
5.40981567926e+12,131840743.545,47621148.9819,65148254.0628,42562600.8853,26368148.7091,33838.1376054,125614.544998,459242.681066,1118294.2517,2328.59985316,272980.956054,545548.372732,1131499.32434,1849434.73971,18136.0181504,125870.583343,315927.547704,734785.027645,1395798.53184,8324.58767431,380360.878217,724382.091498,1405503.23946,2155920.3655,24457.1108368,568.652821594,4432.9585523,2007.24758117,5929.55028831,665.000182112,5395.47482762,2421.39063351,7246.12552252,431.171046672,3498.89044617,1572.2084359,4710.9370449,0.00160066505429,0.0127099117374,0.00574678307038,0.0174035868954,0.00692760750359,0.0251179871898,0.0145609737279,0.0330098307088,0.0240958594234,0.0503186791784,0.0352309841961,0.0637164698524,0.0528459892056,0.0779409112553,0.0626746906615,0.0929244999936,0.000112564879194,0.000891011583229,0.000402207056348,0.00119898839622,1.10364501399e-05,8.76725914325e-05,3.95552041921e-05,0.000117655699344,0.00128329591807,0.0103526781142,0.00477358440032,0.0144250126322,0.00476387426298,0.0206896729365,0.011981407993,0.0274718600646,0.0174165689876,0.0429115952289,0.0278663866679,0.0533030685987,0.0424107988786,0.070138968045,0.0529350219933,0.0817622954603,8.8311086184e-05,0.000687800207382,0.000315706186511,0.000927524761281,8.31321261885e-06,6.55606245601e-05,3.00544206719e-05,8.79519503767e-05,6.97420273181e-05,7.2,F01622A
1.2520099671e+12,30512301.1163,10185287.2292,14960961.9434,10489470.7189,6102460.22326,24184.9868069,86135.1762105,286718.668123,602897.437668,1818.05323091,179818.354311,330167.639601,602977.659585,902330.595994,12845.7460885,86566.6751667,204469.295364,427332.151643,718251.455928,6260.03262628,242181.215694,417272.360162,716246.662196,1021541.35637,16572.5150388,451.811147705,3184.04970584,1539.46256355,4064.95739093,465.650721127,3448.52741924,1638.15498571,4469.31782913,304.715564757,2246.14569954,1068.52206345,2910.22010209,0.00491373159168,0.035730051156,0.0170091309231,0.0470954292027,0.0202577212397,0.0640222407357,0.0402499214969,0.0798060563312,0.0613505458474,0.112225333362,0.0843173336081,0.135408138085,0.116975634063,0.160808979261,0.134313208995,0.185690905197,0.000364531011568,0.00261739315644,0.00125553166828,0.00337431007975,3.59595433042e-05,0.000258425964232,0.000124052326699,0.000332108904435,0.00396315353514,0.0294665344356,0.0141855369801,0.0396858327353,0.0141148279643,0.0541040215785,0.0335060431176,0.0683777271617,0.0469841109377,0.0988089454949,0.0700262084484,0.117370148431,0.0987957996628,0.147863412948,0.117698670643,0.16739828184,0.000297921357025,0.00210501103137,0.00102582112742,0.00271571045651,2.83426593234e-05,0.000201682366265,9.83847352142e-05,0.000258550670077,0.0,6.8,F01300E
1.26199627539e+12,30755673.9754,10250917.0182,15078118.1433,10585072.9331,6151134.79509,83567.6231862,210318.115413,522953.714057,1028108.60989,5838.84149283,359858.155472,592408.406498,1033213.07764,1530527.00714,23965.1887285,210062.606312,397801.294333,741310.064572,1223896.93198,14084.7286585,455697.560971,731306.678002,1223942.76054,1728351.03709,29563.5787116,1405.66677345,5758.99783341,3359.63478115,7061.17565377,1478.75971697,6426.93719164,3667.02460248,7970.75241981,964.676633347,4179.22785024,2387.21022981,5187.44228498,0.015879752484,0.0677770301512,0.038963114894,0.0849965171406,0.0439519905144,0.111516488684,0.0745898254226,0.137158233711,0.10754475476,0.190556365579,0.144075915609,0.229300804265,0.197842446852,0.270530991994,0.226949488484,0.311089878513,0.00114159217525,0.00478652299848,0.00276594468917,0.00591448953805,0.000111813262197,0.000469594514976,0.000271359678606,0.000579031049195,0.0135857245809,0.0585027263195,0.0341502199691,0.0740834945342,0.0341917584997,0.0963087993082,0.06467120419,0.118889717485,0.0850174368597,0.167971132491,0.120515984329,0.198978367621,0.167141290857,0.248820267825,0.198970917197,0.280980842505,0.00094922996932,0.00389605975594,0.00228977727324,0.00480619913177,8.9267457311e-05,0.000368738674528,0.000216679624451,0.00045305499121,4.1657987172e-08,7.0,F01300D
1.53675148816e+12,37451638.0697,12585327.4258,18375152.0034,12811123.662,7490327.61393,75300.0187238,207782.340529,590815.224145,1326083.45011,5200.13677052,382290.631435,687416.631022,1334868.08371,2100056.86505,25198.8646636,207610.473375,430454.685578,898244.380177,1625417.91541,13711.2784529,503373.76462,885284.622021,1626638.25993,2407667.28712,32321.1357877,1252.73341733,6079.82669203,3269.94731218,7760.43012656,1364.48973689,7117.31305463,3723.69029005,9188.30424336,888.717970759,4617.25238091,2421.18783189,5969.39938024,0.0119216253966,0.0604523257128,0.0320759906012,0.0789415747637,0.0369169734833,0.109238253236,0.0677234178766,0.139951277302,0.105158195181,0.206272708205,0.148567913494,0.25534778193,0.215692247743,0.307963902327,0.252397641679,0.359909361865,0.000848276861268,0.00423438215681,0.00225250623985,0.00544856371272,8.30423019208e-05,0.000415675198389,0.000220978809608,0.000533803839183,0.0100529673206,0.0510379053013,0.027717141903,0.0672031706175,0.0277400871148,0.0917739071577,0.0574680718607,0.118190373993,0.0788770871712,0.178212242844,0.119920573101,0.217165168705,0.177039445864,0.280369160508,0.217002245988,0.321436846453,0.000694246905949,0.00336418725086,0.00183053120767,0.00431504968189,6.52325378064e-05,0.000318890378421,0.000173289314512,0.00040749401915,0.0,7.3,F01300F
1.48638175143e+12,36224094.6679,12170479.8403,17772547.7038,12393006.7217,7244818.93358,99087.3801214,251698.832203,646788.156715,1322542.48591,6836.3322224,437757.025905,739095.763282,1328401.08649,2002014.34922,28919.2306976,251373.213349,486317.787578,936393.093042,1586490.06573,16632.0234184,560415.521421,923128.047541,1584976.94607,2268969.91197,36143.4903202,1640.83750742,6942.35139152,3954.12993189,8634.38452187,1757.06668092,7894.61293137,4405.6134248,9909.8445509,1145.05541315,5133.17980513,2867.13525292,6451.61871074,0.0159963772141,0.0703879593022,0.0396572184953,0.0893531879213,0.0449357644572,0.119123257299,0.0778649145,0.148172876473,0.114727892645,0.209152831336,0.156101635686,0.253423542396,0.217628042936,0.301079443414,0.250936815681,0.347559818519,0.00114083137616,0.0049425157709,0.00279136865888,0.00618934711178,0.000111633213597,0.000484756198544,0.00027365152175,0.000605869045795,0.013676998836,0.0604234598433,0.0346969628438,0.0773539720673,0.0347419079083,0.10201714771,0.0671262859757,0.127419064024,0.0892759588121,0.183358769718,0.129250033938,0.218773852128,0.182550108986,0.276337389184,0.218982707542,0.313185178646,0.000943616712174,0.00399171200312,0.00229571278052,0.00498887420812,8.85995810912e-05,0.000377720905268,0.000217003544105,0.000470365716768,0.0,7.2,F01300A
1.29305946493e+12,31512704.2051,10521714.4716,15451831.3174,10831488.8125,6302540.84102,73031.4514231,182202.409559,437971.71136,839921.215145,5148.35982102,306294.195075,492492.769339,845431.669163,1258405.50838,20476.2304545,181957.565101,336960.299414,610490.748415,1000700.87424,12300.727492,383731.99368,602860.239191,1002571.85371,1427167.83294,24957.0760166,1242.04173495,4919.38762242,2939.21722542,5954.82136424,1290.72773452,5416.6012738,3161.53265649,6646.52059103,842.647881119,3522.13017579,2058.67967132,4323.22321123,0.0135407641725,0.0559816245348,0.0328639666035,0.0694129759873,0.0368937227596,0.089908666779,0.0613094284788,0.109863167573,0.0869276377346,0.152197927713,0.115334139079,0.183785536815,0.158166131711,0.217646710411,0.181696133186,0.251683420559,0.000978934957708,0.0039661296545,0.00234567978034,0.00484204751407,9.59430877117e-05,0.000389110594462,0.000230217453399,0.000473994404953,0.0115876204955,0.0485985260232,0.0288705094803,0.0608852847383,0.028909358012,0.0781419401733,0.0534641992671,0.0956535236182,0.0694912928622,0.134141402728,0.0968642272719,0.15907423355,0.133267080108,0.199666379024,0.158777372409,0.226443250261,0.000816870521093,0.00324888500859,0.00195170928714,0.00395984360057,7.69042351522e-05,0.000307400542781,0.000184785663579,0.000373069822614,0.0,6.9,F01300C
1.57228415882e+12,38317592.4751,12868599.5038,18798944.3981,13113248.3526,7663518.49502,85585.8749824,237216.969952,695999.567931,1582799.84498,5853.39213047,443867.137195,815114.214149,1587050.80545,2447254.45241,29201.2121591,237053.438096,502069.486858,1072116.24101,1924669.48821,15519.0510846,590458.029358,1054340.62433,1917582.25185,2774440.90036,37927.5502037,1406.71186747,7049.7932095,3693.71321937,9121.76826448,1551.70096078,8339.0808972,4268.48208075,10869.7168145,1009.75258256,5410.40698804,2774.30750313,7066.75615787,0.0132390620218,0.0689766131841,0.0358589893987,0.0910375811311,0.0414705451111,0.127198745936,0.0776297898475,0.163179942898,0.12204263827,0.238516429042,0.17307567109,0.291533443908,0.248733042535,0.348199265264,0.289066228064,0.401270989077,0.000936556228573,0.00482218327884,0.00250432955091,0.0062794842227,9.16207601359e-05,0.000473419808633,0.000245581758093,0.000615352105632,0.0111679609096,0.0579194970931,0.0309327155992,0.0770479029628,0.0309540546038,0.106362921246,0.0655142265507,0.13757918442,0.0908198457906,0.207091665072,0.13989869558,0.250222173156,0.206536964191,0.319338232693,0.251146975043,0.362032257397,0.000763799569907,0.00381041843614,0.00202505560529,0.00494910402165,7.16775534747e-05,0.000361345172537,0.000191578111567,0.000467742179265,0.0,7.4,F01300B
1.61994188905e+12,39479042.5064,13335678.8357,19379496.4483,13451837.28,7895808.50129,29079.2852761,109563.485509,444017.725446,1143326.45001,2093.95867896,257414.274752,550244.63461,1152232.08898,1810355.71901,18891.8407542,110482.033945,300125.786227,744446.53825,1411023.14572,7872.4033969,369259.418116,739821.730116,1410172.30854,2062864.54487,26320.4879541,516.283650682,4737.67740395,1933.74856079,6584.06944478,563.859560177,5196.62215685,2144.39979274,7206.80328036,367.647027372,3392.57048423,1398.32891657,4713.54675706,0.00457538970075,0.0408899756717,0.017017767317,0.0577652101108,0.0209901742009,0.0862475037012,0.0473491726019,0.11399206457,0.0811276771374,0.170391140545,0.120470507292,0.210311750156,0.177126870654,0.25135902354,0.20767080114,0.291036631736,0.000330533553492,0.00302340610411,0.00124155702445,0.00421023591947,3.25256275894e-05,0.000299244031111,0.000122665460413,0.000415867162741,0.00368287620849,0.0326013827096,0.0139924915767,0.0467665113783,0.0138761578997,0.0696881939982,0.0380107732069,0.0936980335827,0.0562346117403,0.145929588945,0.0942837631041,0.178597582288,0.144801694447,0.229280601057,0.17870534037,0.261260711241,0.000265198766993,0.00239264170998,0.000997035755821,0.0033334759765,2.5110503337e-05,0.000230549120933,9.56718817708e-05,0.000319888738756,3.73444712792e-11,7.4,F01830B
1.48610928224e+12,36217454.4156,12232512.7875,17778246.8119,12341597.809,7243490.88311,20652.5471867,79601.740682,335154.482054,880913.788399,1488.33683148,191616.669982,418708.430069,888612.236796,1401118.06357,14131.3450214,80327.9602451,224443.007893,569657.984263,1090033.50831,5733.65718854,277745.965299,566892.364486,1090325.56188,1598896.21619,19895.5806619,367.443334058,3552.41501299,1410.47759905,4990.28509853,402.605726615,3906.86795705,1571.30817795,5467.41983012,262.378034848,2550.22526597,1024.19544685,3576.76168627,0.00355319439395,0.0333789092263,0.013543969854,0.0476302921078,0.0168302109504,0.0718845181827,0.0388205920933,0.0955543136624,0.0674781631062,0.143552609036,0.100989782628,0.177604947033,0.1491993827,0.212342380856,0.175224185487,0.246279682803,0.000256666668362,0.00247275140129,0.000988627934739,0.0034786282471,2.52641011397e-05,0.000244863883143,9.77123120943e-05,0.000343774915992,0.00285118702018,0.0264536358331,0.0110896750671,0.0383442141063,0.0109894168387,0.0578047845749,0.0309854753067,0.0782623149023,0.046269745826,0.122677345928,0.0786441224895,0.150524875295,0.121614536777,0.193431328372,0.150484555844,0.220735587577,0.000205472313764,0.00195090257576,0.0007915599372,0.00274668402059,1.94601361208e-05,0.000188175900012,7.60049141071e-05,0.000263860368374,3.73463385339e-07,7.2,F01830A
4.24915060359e+12,103554577.13,37236063.5058,51147402.7102,33559384.4605,20710915.4259,1142974.64488,3022559.98656,7226146.5458,11215822.194,84296.4316706,5194261.98781,7910720.1731,11115980.3546,13133357.1263,371052.715159,3027257.70368,5669961.43143,9310611.40956,12101475.0332,217537.985014,6420541.76423,9118177.82623,11970545.0863,13667726.6429,444612.378491,20605.5371258,90623.742302,52863.2821836,107616.822118,20407.0968141,90679.2423539,53026.8364346,108224.840357,13376.5752984,59320.7118739,34653.8486809,70732.6640392,0.0651412115701,0.288809565416,0.167867132134,0.349953192715,0.189388288936,0.426382834303,0.313338770365,0.483258564623,0.409092154556,0.570024154596,0.495814664516,0.612249743298,0.577658881705,0.652996330827,0.612962801578,0.681671457862,0.00483216844351,0.0212998647118,0.0124241175177,0.025403297319,0.000475335707476,0.0020976925872,0.00122430508913,0.00249524837377,0.0551870654374,0.250798281051,0.146167257286,0.310007627968,0.145940434037,0.381958982035,0.27376681884,0.440259526859,0.348905222063,0.536720860763,0.44955093573,0.577982423284,0.541541595981,0.634127311915,0.584304207919,0.659928658963,0.00407014513541,0.0179158046628,0.0105035427232,0.0214675387035,0.000385506319537,0.0017066267423,0.00100147686107,0.00203403488416,4.75484409586e-14,7.0,F01482B
5.45843599492e+12,133025652.413,47900688.9577,65713078.2109,43058637.3481,26605130.4826,2020742.57252,4858324.42657,10142317.4365,14124509.7691,146116.498252,7677395.59463,10774014.8237,13978872.3215,15774944.7411,527313.110582,4853221.8933,8259775.78287,12305961.3234,14889865.8092,339117.771979,9148114.46071,12020890.094,14734862.4681,16214672.96,608598.532697,35433.6431684,126784.04293,81556.1961232,144636.198242,35396.9658172,129271.313248,82784.1456465,148757.878,23168.9345255,84351.3966741,54020.5210576,96948.7371198,0.0884186162492,0.324374026827,0.205999179335,0.378698394757,0.227409094448,0.440403953261,0.346664168077,0.483872901526,0.42769190441,0.547612104967,0.495234709621,0.575887766343,0.554299261444,0.604561022107,0.577843247829,0.622818094107,0.00650017963203,0.0234360378332,0.0150244162904,0.0268996794269,0.000638208597073,0.00230020348996,0.00147679846606,0.00263235084497,0.0759531164052,0.288568236854,0.18241676719,0.343847757736,0.182608554758,0.404960044483,0.310458006898,0.451826015357,0.381216601932,0.525420175279,0.462540912229,0.553835376893,0.53089421149,0.592928674093,0.559661446464,0.609456622308,0.00549204215886,0.0198199783657,0.0127463299683,0.0228752320195,0.000518598695928,0.00187561558528,0.00120954887393,0.00215210243426,2.20758785558e-18,7.5,F01482C
5.3908643097e+12,131378886.284,47352169.3543,64905791.9599,42491607.7762,26275777.2569,987999.790439,2914116.20737,7832309.68684,12667725.7284,73980.0223664,5395081.658,8642888.77529,12512247.7042,14826414.7162,391096.872099,2924479.77667,5963474.75313,10377693.5155,13676804.3538,213583.69365,6851754.75816,10104033.7699,13492794.6519,15398475.4049,478574.592081,18219.1026175,96325.4877279,52292.9589137,116645.473462,18072.320637,97036.9709069,52698.9312708,118307.873334,11854.032414,63510.6349976,34459.4333568,77362.0884283,0.0451330517143,0.240826202925,0.130024203784,0.298775871819,0.149657812768,0.371322973685,0.264143169453,0.424999529291,0.3551664311,0.505993358773,0.437707421825,0.54326599307,0.513688977523,0.579989468184,0.545073001162,0.603809977974,0.00336575446635,0.01787175111,0.00969238085867,0.0217605352763,0.000331612648104,0.00176302276377,0.000956798276162,0.00214021732115,0.0376011632608,0.205325292769,0.11129945836,0.260763161873,0.110905043032,0.328929899611,0.226957120805,0.384537959472,0.298080989585,0.476189441777,0.394952865296,0.513506965751,0.482106603529,0.564261698952,0.52050998226,0.586033107771,0.00281552175006,0.0148843122042,0.00812853951236,0.0182135275163,0.000267359619286,0.00142284526787,0.000777789604802,0.00173055069403,8.3889442311e-14,7.4,F01482A
1.94059983056e+12,47293686.0985,16040569.7588,23224637.0191,16064717.6774,9458737.21971,50302.48181,172417.36463,549837.023109,1106360.38243,3641.91709111,350059.212544,629106.914648,1105201.90928,1586137.03295,24294.0719017,172945.94997,396411.817458,803586.628955,1296657.75617,12069.7562836,466974.414234,785584.879827,1291538.54245,1769987.23096,31208.4572791,896.034917816,5961.41988642,2937.35465551,7580.07166357,962.291382093,6613.71987306,3235.4534213,8479.08891665,628.032280497,4311.62744985,2109.56281074,5532.22156686,0.00655123284365,0.0444868549259,0.0217578218992,0.0581094338422,0.0256932058167,0.0779893880314,0.0499158972634,0.0960007103273,0.074675729529,0.131273934455,0.100885818222,0.15528303402,0.136001600589,0.180801326869,0.154189138166,0.205217259527,0.000475764526987,0.0032045059609,0.00157320735699,0.00410414949267,4.67907423505e-05,0.000315699263143,0.000155054064248,0.000403089474522,0.00531809697654,0.0370090852947,0.0182842535904,0.0493696360716,0.018228370302,0.0665106662797,0.041909591973,0.083053885691,0.0581300664494,0.116844551615,0.0849570730521,0.136544499805,0.116967028127,0.167690146804,0.137085715149,0.187127223206,0.000385032061523,0.00256842656027,0.00127604309151,0.00329943168461,3.64560330495e-05,0.000245241949305,0.000121895952343,0.000313150528209,6.79526371097e-16,7.2,F01860A
1.22128551662e+12,29763526.179,9954298.04777,14596460.8784,10217561.8804,5952705.2358,32193.6849949,121702.104719,467222.556517,1089760.45488,2248.32502934,276492.718232,559574.671642,1085772.64212,1601790.95582,19641.3370784,122470.187629,320345.694557,746146.091463,1299304.08092,8483.34714562,389056.758287,730434.977623,1287132.93234,1783423.83171,26769.9318398,550.527641292,4879.25422829,2067.47621276,6614.19440919,627.985032876,5492.18847026,2361.04912146,7436.81112367,408.853605088,3583.62172564,1539.57480806,4860.69785559,0.00674046786925,0.0576272818213,0.02491616792,0.0795809000027,0.0304257654468,0.114150429201,0.0661895411105,0.14605658565,0.107981302108,0.207771361861,0.154169078934,0.247649108326,0.215407948571,0.289898031246,0.246515417048,0.32711187365,0.000477658256241,0.00418716513024,0.00178803350502,0.00569184771128,4.68880891801e-05,0.000413500263182,0.000176307499048,0.000560735510668,0.00540824444008,0.0464482461805,0.0205738706651,0.065357974715,0.0204448397659,0.0940034235657,0.0538151448573,0.122706391244,0.0784891134383,0.182399866802,0.12534571458,0.216226552695,0.183069782849,0.269086220865,0.218271194264,0.299598881695,0.000377698028086,0.00329956487016,0.00142512468022,0.00449710354863,3.56343903458e-05,0.000316754119415,0.000136350023753,0.000429625597852,4.85971797092e-06,7.1,F01290A
