grid_id,lat,lon,pref_id,pref_name,JCODE,AVS,AmpPGA,AmpPGV,PGA (g),MMI_num,MMI,bldg_cost,type_pop,day_pop,night_pop,transit_pop,bldg_count,Complete_count_High,Extensive_count_High,Moderate_count_High,Slight_count_High,Collapse_count_High,Complete_count_Low,Extensive_count_Low,Moderate_count_Low,Slight_count_Low,Collapse_count_Low,Complete_count_Moderate,Extensive_count_Moderate,Moderate_count_Moderate,Slight_count_Moderate,Collapse_count_Moderate,Complete_count_Precode,Extensive_count_Precode,Moderate_count_Precode,Slight_count_Precode,Collapse_count_Precode,Fatalities_day_High,Fatalities_day_Low,Fatalities_day_Moderate,Fatalities_day_Precode,Fatalities_night_High,Fatalities_night_Low,Fatalities_night_Moderate,Fatalities_night_Precode,Fatalities_transit_High,Fatalities_transit_Low,Fatalities_transit_Moderate,Fatalities_transit_Precode,Complete_prob_High,Complete_prob_Low,Complete_prob_Moderate,Complete_prob_Precode,Extensive_prob_High,Extensive_prob_Low,Extensive_prob_Moderate,Extensive_prob_Precode,Moderate_prob_High,Moderate_prob_Low,Moderate_prob_Moderate,Moderate_prob_Precode,Slight_prob_High,Slight_prob_Low,Slight_prob_Moderate,Slight_prob_Precode,Collapse_prob_High,Collapse_prob_Low,Collapse_prob_Moderate,Collapse_prob_Precode,Fatality_rate_High,Fatality_rate_Low,Fatality_rate_Moderate,Fatality_rate_Precode,Complete_prob_High_residential,Complete_prob_Low_residential,Complete_prob_Moderate_residential,Complete_prob_Precode_residential,Extensive_prob_High_residential,Extensive_prob_Low_residential,Extensive_prob_Moderate_residential,Extensive_prob_Precode_residential,Moderate_prob_High_residential,Moderate_prob_Low_residential,Moderate_prob_Moderate_residential,Moderate_prob_Precode_residential,Slight_prob_High_residential,Slight_prob_Low_residential,Slight_prob_Moderate_residential,Slight_prob_Precode_residential,Collapse_prob_High_residential,Collapse_prob_Low_residential,Collapse_prob_Moderate_residential,Collapse_prob_Precode_residential,Fatality_rate_High_residential,Fatality_rate_Low_residential,Fatality_rate_Moderate_residential,Fatality_rate_Precode_residential
1093013576,34.7374999996,138.987499999,38,Shizuoka,1,641.3,1.07320136713,0.949160336549,0.0428,5.0,V,5016820.73817,122.2632,46.8972292032,60.7968433584,37.3790390832,24.45264,0.0,0.0,0.0,0.0,0.0,0.0,0.0,0.0,0.0,0.0,0.0,0.0,0.0,0.0,0.0,0.0,0.0,0.0,0.0,0.0,0.0,0.0,0.0,0.0,0.0,0.0,0.0,0.0,0.0,0.0,0.0,0.0,0.0,0.0,0.0,0.0,0.0,0.0,0.0,0.0,0.0,0.0,0.0,0.0,0.0,0.0,0.0,0.0,0.0,0.0,0.0,0.0,0.0,0.0,0.0,0.0,0.0,0.0,0.0,0.0,0.0,0.0,0.0,0.0,0.0,0.0,0.0,0.0,0.0,0.0,0.0,0.0,0.0,0.0,0.0,0.0,0.0,0.0,0.0,0.0
1093013577,34.745833333,138.987499999,38,Shizuoka,10,301.0,1.53134747604,1.56367363245,0.0428,5.0,V,5018617.98173,122.307,46.914029832,60.818623434,37.392429882,24.4614,0.0,0.0,0.0,0.0,0.0,0.0,0.0,0.0,0.0,0.0,0.0,0.0,0.0,0.0,0.0,0.0,0.0,0.0,0.0,0.0,0.0,0.0,0.0,0.0,0.0,0.0,0.0,0.0,0.0,0.0,0.0,0.0,0.0,0.0,0.0,0.0,0.0,0.0,0.0,0.0,0.0,0.0,0.0,0.0,0.0,0.0,0.0,0.0,0.0,0.0,0.0,0.0,0.0,0.0,0.0,0.0,0.0,0.0,0.0,0.0,0.0,0.0,0.0,0.0,0.0,0.0,0.0,0.0,0.0,0.0,0.0,0.0,0.0,0.0,0.0,0.0,0.0,0.0,0.0,0.0
1093013580,34.770833333,138.987499999,38,Shizuoka,1,641.3,1.07320136713,0.949160336549,0.0397,5.0,V,5017091.5557,122.2698,46.8997608048,60.8001252876,37.3810568748,24.45396,0.0,0.0,0.0,0.0,0.0,0.0,0.0,0.0,0.0,0.0,0.0,0.0,0.0,0.0,0.0,0.0,0.0,0.0,0.0,0.0,0.0,0.0,0.0,0.0,0.0,0.0,0.0,0.0,0.0,0.0,0.0,0.0,0.0,0.0,0.0,0.0,0.0,0.0,0.0,0.0,0.0,0.0,0.0,0.0,0.0,0.0,0.0,0.0,0.0,0.0,0.0,0.0,0.0,0.0,0.0,0.0,0.0,0.0,0.0,0.0,0.0,0.0,0.0,0.0,0.0,0.0,0.0,0.0,0.0,0.0,0.0,0.0,0.0,0.0,0.0,0.0,0.0,0.0,0.0,0.0
1093013581,34.7791666663,138.987499999,38,Shizuoka,1,641.3,1.07320136713,0.949160336549,0.0397,5.0,V,5014293.10797,122.2016,46.8736009216,60.7662120193,37.3602063616,24.44032,0.0,0.0,0.0,0.0,0.0,0.0,0.0,0.0,0.0,0.0,0.0,0.0,0.0,0.0,0.0,0.0,0.0,0.0,0.0,0.0,0.0,0.0,0.0,0.0,0.0,0.0,0.0,0.0,0.0,0.0,0.0,0.0,0.0,0.0,0.0,0.0,0.0,0.0,0.0,0.0,0.0,0.0,0.0,0.0,0.0,0.0,0.0,0.0,0.0,0.0,0.0,0.0,0.0,0.0,0.0,0.0,0.0,0.0,0.0,0.0,0.0,0.0,0.0,0.0,0.0,0.0,0.0,0.0,0.0,0.0,0.0,0.0,0.0,0.0,0.0,0.0,0.0,0.0,0.0,0.0
1093079112,34.7374999996,138.995833332,38,Shizuoka,1,641.3,1.07320136713,0.949160336549,0.0428,5.0,V,3972958.70241,96.8236,37.1392091936,48.1466969833,29.6014919336,19.36472,0.0,0.0,0.0,0.0,0.0,0.0,0.0,0.0,0.0,0.0,0.0,0.0,0.0,0.0,0.0,0.0,0.0,0.0,0.0,0.0,0.0,0.0,0.0,0.0,0.0,0.0,0.0,0.0,0.0,0.0,0.0,0.0,0.0,0.0,0.0,0.0,0.0,0.0,0.0,0.0,0.0,0.0,0.0,0.0,0.0,0.0,0.0,0.0,0.0,0.0,0.0,0.0,0.0,0.0,0.0,0.0,0.0,0.0,0.0,0.0,0.0,0.0,0.0,0.0,0.0,0.0,0.0,0.0,0.0,0.0,0.0,0.0,0.0,0.0,0.0,0.0,0.0,0.0,0.0,0.0
1093079113,34.745833333,138.995833332,38,Shizuoka,16,260.2,1.63985546931,1.72146099602,0.0428,5.0,V,4397452.85847,107.1688,41.1073796288,53.2909718256,32.7642885488,21.43376,0.0,0.0,0.0,0.0,0.0,0.0,0.0,0.0,0.0,0.0,0.0,0.0,0.0,0.0,0.0,0.0,0.0,0.0,0.0,0.0,0.0,0.0,0.0,0.0,0.0,0.0,0.0,0.0,0.0,0.0,0.0,0.0,0.0,0.0,0.0,0.0,0.0,0.0,0.0,0.0,0.0,0.0,0.0,0.0,0.0,0.0,0.0,0.0,0.0,0.0,0.0,0.0,0.0,0.0,0.0,0.0,0.0,0.0,0.0,0.0,0.0,0.0,0.0,0.0,0.0,0.0,0.0,0.0,0.0,0.0,0.0,0.0,0.0,0.0,0.0,0.0,0.0,0.0,0.0,0.0
1093079116,34.770833333,138.995833332,38,Shizuoka,1,641.3,1.07320136713,0.949160336549,0.0397,5.0,V,5017091.5557,122.2698,46.8997608048,60.8001252876,37.3810568748,24.45396,0.0,0.0,0.0,0.0,0.0,0.0,0.0,0.0,0.0,0.0,0.0,0.0,0.0,0.0,0.0,0.0,0.0,0.0,0.0,0.0,0.0,0.0,0.0,0.0,0.0,0.0,0.0,0.0,0.0,0.0,0.0,0.0,0.0,0.0,0.0,0.0,0.0,0.0,0.0,0.0,0.0,0.0,0.0,0.0,0.0,0.0,0.0,0.0,0.0,0.0,0.0,0.0,0.0,0.0,0.0,0.0,0.0,0.0,0.0,0.0,0.0,0.0,0.0,0.0,0.0,0.0,0.0,0.0,0.0,0.0,0.0,0.0,0.0,0.0,0.0,0.0,0.0,0.0,0.0,0.0
1093079117,34.7791666663,138.995833332,38,Shizuoka,1,641.3,1.07320136713,0.949160336549,0.0397,5.0,V,5014293.10797,122.2016,46.8736009216,60.7662120193,37.3602063616,24.44032,0.0,0.0,0.0,0.0,0.0,0.0,0.0,0.0,0.0,0.0,0.0,0.0,0.0,0.0,0.0,0.0,0.0,0.0,0.0,0.0,0.0,0.0,0.0,0.0,0.0,0.0,0.0,0.0,0.0,0.0,0.0,0.0,0.0,0.0,0.0,0.0,0.0,0.0,0.0,0.0,0.0,0.0,0.0,0.0,0.0,0.0,0.0,0.0,0.0,0.0,0.0,0.0,0.0,0.0,0.0,0.0,0.0,0.0,0.0,0.0,0.0,0.0,0.0,0.0,0.0,0.0,0.0,0.0,0.0,0.0,0.0,0.0,0.0,0.0,0.0,0.0,0.0,0.0,0.0,0.0
1093275724,34.770833333,139.020833332,38,Shizuoka,1,641.3,1.07320136713,0.949160336549,0.0447,5.0,V,10189468.2373,248.324,95.251126624,123.482088888,75.919103224,49.6648,0.0,0.0,0.0,0.0,0.0,0.0,0.0,0.0,0.0,0.0,0.0,0.0,0.0,0.0,0.0,0.0,0.0,0.0,0.0,0.0,0.0,0.0,0.0,0.0,0.0,0.0,0.0,0.0,0.0,0.0,0.0,0.0,0.0,0.0,0.0,0.0,0.0,0.0,0.0,0.0,0.0,0.0,0.0,0.0,0.0,0.0,0.0,0.0,0.0,0.0,0.0,0.0,0.0,0.0,0.0,0.0,0.0,0.0,0.0,0.0,0.0,0.0,0.0,0.0,0.0,0.0,0.0,0.0,0.0,0.0,0.0,0.0,0.0,0.0,0.0,0.0,0.0,0.0,0.0,0.0
1093275725,34.7791666663,139.020833332,38,Shizuoka,6,405.6,1.33104876016,1.28426709517,0.0447,5.0,V,11704651.2406,285.25,109.415054,141.8439855,87.2083415,57.05,0.0,0.0,0.0,0.0,0.0,0.0,0.0,0.0,0.0,0.0,0.0,0.0,0.0,0.0,0.0,0.0,0.0,0.0,0.0,0.0,0.0,0.0,0.0,0.0,0.0,0.0,0.0,0.0,0.0,0.0,0.0,0.0,0.0,0.0,0.0,0.0,0.0,0.0,0.0,0.0,0.0,0.0,0.0,0.0,0.0,0.0,0.0,0.0,0.0,0.0,0.0,0.0,0.0,0.0,0.0,0.0,0.0,0.0,0.0,0.0,0.0,0.0,0.0,0.0,0.0,0.0,0.0,0.0,0.0,0.0,0.0,0.0,0.0,0.0,0.0,0.0,0.0,0.0,0.0,0.0
1093275726,34.7874999996,139.020833332,38,Shizuoka,2,400.3,1.33930278724,1.29546448254,0.0393,5.0,V,11708836.6024,285.352,109.454178752,141.894706224,87.239525552,57.0704,0.0,0.0,0.0,0.0,0.0,0.0,0.0,0.0,0.0,0.0,0.0,0.0,0.0,0.0,0.0,0.0,0.0,0.0,0.0,0.0,0.0,0.0,0.0,0.0,0.0,0.0,0.0,0.0,0.0,0.0,0.0,0.0,0.0,0.0,0.0,0.0,0.0,0.0,0.0,0.0,0.0,0.0,0.0,0.0,0.0,0.0,0.0,0.0,0.0,0.0,0.0,0.0,0.0,0.0,0.0,0.0,0.0,0.0,0.0,0.0,0.0,0.0,0.0,0.0,0.0,0.0,0.0,0.0,0.0,0.0,0.0,0.0,0.0,0.0,0.0,0.0,0.0,0.0,0.0,0.0
1093275727,34.795833333,139.020833332,38,Shizuoka,2,400.3,1.33930278724,1.29546448254,0.0393,5.0,V,11702271.3291,285.192,109.392806592,141.815144304,87.190609392,57.0384,0.0,0.0,0.0,0.0,0.0,0.0,0.0,0.0,0.0,0.0,0.0,0.0,0.0,0.0,0.0,0.0,0.0,0.0,0.0,0.0,0.0,0.0,0.0,0.0,0.0,0.0,0.0,0.0,0.0,0.0,0.0,0.0,0.0,0.0,0.0,0.0,0.0,0.0,0.0,0.0,0.0,0.0,0.0,0.0,0.0,0.0,0.0,0.0,0.0,0.0,0.0,0.0,0.0,0.0,0.0,0.0,0.0,0.0,0.0,0.0,0.0,0.0,0.0,0.0,0.0,0.0,0.0,0.0,0.0,0.0,0.0,0.0,0.0,0.0,0.0,0.0,0.0,0.0,0.0,0.0
1093341260,34.770833333,139.029166665,38,Shizuoka,2,400.3,1.33930278724,1.29546448254,0.0447,5.0,V,10847308.6183,264.356,101.400617056,131.454193272,80.820502456,52.8712,0.0,0.0,0.0,0.0,0.0,0.0,0.0,0.0,0.0,0.0,0.0,0.0,0.0,0.0,0.0,0.0,0.0,0.0,0.0,0.0,0.0,0.0,0.0,0.0,0.0,0.0,0.0,0.0,0.0,0.0,0.0,0.0,0.0,0.0,0.0,0.0,0.0,0.0,0.0,0.0,0.0,0.0,0.0,0.0,0.0,0.0,0.0,0.0,0.0,0.0,0.0,0.0,0.0,0.0,0.0,0.0,0.0,0.0,0.0,0.0,0.0,0.0,0.0,0.0,0.0,0.0,0.0,0.0,0.0,0.0,0.0,0.0,0.0,0.0,0.0,0.0,0.0,0.0,0.0,0.0
1093341261,34.7791666663,139.029166665,38,Shizuoka,2,400.3,1.33930278724,1.29546448254,0.0447,5.0,V,11726070.4447,285.772,109.615280672,142.103556264,87.367930472,57.1544,0.0,0.0,0.0,0.0,0.0,0.0,0.0,0.0,0.0,0.0,0.0,0.0,0.0,0.0,0.0,0.0,0.0,0.0,0.0,0.0,0.0,0.0,0.0,0.0,0.0,0.0,0.0,0.0,0.0,0.0,0.0,0.0,0.0,0.0,0.0,0.0,0.0,0.0,0.0,0.0,0.0,0.0,0.0,0.0,0.0,0.0,0.0,0.0,0.0,0.0,0.0,0.0,0.0,0.0,0.0,0.0,0.0,0.0,0.0,0.0,0.0,0.0,0.0,0.0,0.0,0.0,0.0,0.0,0.0,0.0,0.0,0.0,0.0,0.0,0.0,0.0,0.0,0.0,0.0,0.0
1093341262,34.7874999996,139.029166665,38,Shizuoka,2,400.3,1.33930278724,1.29546448254,0.0393,5.0,V,11730255.8064,285.874,109.654405424,142.154276988,87.399114524,57.1748,0.0,0.0,0.0,0.0,0.0,0.0,0.0,0.0,0.0,0.0,0.0,0.0,0.0,0.0,0.0,0.0,0.0,0.0,0.0,0.0,0.0,0.0,0.0,0.0,0.0,0.0,0.0,0.0,0.0,0.0,0.0,0.0,0.0,0.0,0.0,0.0,0.0,0.0,0.0,0.0,0.0,0.0,0.0,0.0,0.0,0.0,0.0,0.0,0.0,0.0,0.0,0.0,0.0,0.0,0.0,0.0,0.0,0.0,0.0,0.0,0.0,0.0,0.0,0.0,0.0,0.0,0.0,0.0,0.0,0.0,0.0,0.0,0.0,0.0,0.0,0.0,0.0,0.0,0.0,0.0
1093341263,34.795833333,139.029166665,38,Shizuoka,2,400.3,1.33930278724,1.29546448254,0.0393,5.0,V,11723690.5331,285.714,109.593033264,142.074715068,87.350198364,57.1428,0.0,0.0,0.0,0.0,0.0,0.0,0.0,0.0,0.0,0.0,0.0,0.0,0.0,0.0,0.0,0.0,0.0,0.0,0.0,0.0,0.0,0.0,0.0,0.0,0.0,0.0,0.0,0.0,0.0,0.0,0.0,0.0,0.0,0.0,0.0,0.0,0.0,0.0,0.0,0.0,0.0,0.0,0.0,0.0,0.0,0.0,0.0,0.0,0.0,0.0,0.0,0.0,0.0,0.0,0.0,0.0,0.0,0.0,0.0,0.0,0.0,0.0,0.0,0.0,0.0,0.0,0.0,0.0,0.0,0.0,0.0,0.0,0.0,0.0,0.0,0.0,0.0,0.0,0.0,0.0
1093406796,34.770833333,139.037499999,38,Shizuoka,2,400.3,1.33930278724,1.29546448254,0.0444,5.0,V,11705471.8998,285.27,109.42272552,141.85393074,87.21445602,57.054,0.0,0.0,0.0,0.0,0.0,0.0,0.0,0.0,0.0,0.0,0.0,0.0,0.0,0.0,0.0,0.0,0.0,0.0,0.0,0.0,0.0,0.0,0.0,0.0,0.0,0.0,0.0,0.0,0.0,0.0,0.0,0.0,0.0,0.0,0.0,0.0,0.0,0.0,0.0,0.0,0.0,0.0,0.0,0.0,0.0,0.0,0.0,0.0,0.0,0.0,0.0,0.0,0.0,0.0,0.0,0.0,0.0,0.0,0.0,0.0,0.0,0.0,0.0,0.0,0.0,0.0,0.0,0.0,0.0,0.0,0.0,0.0,0.0,0.0,0.0,0.0,0.0,0.0,0.0,0.0
1093406797,34.7791666663,139.037499999,38,Shizuoka,5,318.1,1.49209019166,1.50767585015,0.0444,5.0,V,11704651.2406,285.25,109.415054,141.8439855,87.2083415,57.05,0.0,0.0,0.0,0.0,0.0,0.0,0.0,0.0,0.0,0.0,0.0,0.0,0.0,0.0,0.0,0.0,0.0,0.0,0.0,0.0,0.0,0.0,0.0,0.0,0.0,0.0,0.0,0.0,0.0,0.0,0.0,0.0,0.0,0.0,0.0,0.0,0.0,0.0,0.0,0.0,0.0,0.0,0.0,0.0,0.0,0.0,0.0,0.0,0.0,0.0,0.0,0.0,0.0,0.0,0.0,0.0,0.0,0.0,0.0,0.0,0.0,0.0,0.0,0.0,0.0,0.0,0.0,0.0,0.0,0.0,0.0,0.0,0.0,0.0,0.0,0.0,0.0,0.0,0.0,0.0
1093406798,34.7874999996,139.037499999,38,Shizuoka,2,400.3,1.33930278724,1.29546448254,0.0412,5.0,V,11708836.6024,285.352,109.454178752,141.894706224,87.239525552,57.0704,0.0,0.0,0.0,0.0,0.0,0.0,0.0,0.0,0.0,0.0,0.0,0.0,0.0,0.0,0.0,0.0,0.0,0.0,0.0,0.0,0.0,0.0,0.0,0.0,0.0,0.0,0.0,0.0,0.0,0.0,0.0,0.0,0.0,0.0,0.0,0.0,0.0,0.0,0.0,0.0,0.0,0.0,0.0,0.0,0.0,0.0,0.0,0.0,0.0,0.0,0.0,0.0,0.0,0.0,0.0,0.0,0.0,0.0,0.0,0.0,0.0,0.0,0.0,0.0,0.0,0.0,0.0,0.0,0.0,0.0,0.0,0.0,0.0,0.0,0.0,0.0,0.0,0.0,0.0,0.0
1093406799,34.795833333,139.037499999,38,Shizuoka,4,510.4,1.19476361188,1.10351682886,0.0412,5.0,V,11702271.3291,285.192,109.392806592,141.815144304,87.190609392,57.0384,0.0,0.0,0.0,0.0,0.0,0.0,0.0,0.0,0.0,0.0,0.0,0.0,0.0,0.0,0.0,0.0,0.0,0.0,0.0,0.0,0.0,0.0,0.0,0.0,0.0,0.0,0.0,0.0,0.0,0.0,0.0,0.0,0.0,0.0,0.0,0.0,0.0,0.0,0.0,0.0,0.0,0.0,0.0,0.0,0.0,0.0,0.0,0.0,0.0,0.0,0.0,0.0,0.0,0.0,0.0,0.0,0.0,0.0,0.0,0.0,0.0,0.0,0.0,0.0,0.0,0.0,0.0,0.0,0.0,0.0,0.0,0.0,0.0,0.0,0.0,0.0,0.0,0.0,0.0,0.0
1093472332,34.770833333,139.045833332,38,Shizuoka,3,428.7,1.29684437532,1.23816550608,0.0444,5.0,V,6054166.74023,147.544,56.594337344,73.368024528,45.108036944,29.5088,0.0,0.0,0.0,0.0,0.0,0.0,0.0,0.0,0.0,0.0,0.0,0.0,0.0,0.0,0.0,0.0,0.0,0.0,0.0,0.0,0.0,0.0,0.0,0.0,0.0,0.0,0.0,0.0,0.0,0.0,0.0,0.0,0.0,0.0,0.0,0.0,0.0,0.0,0.0,0.0,0.0,0.0,0.0,0.0,0.0,0.0,0.0,0.0,0.0,0.0,0.0,0.0,0.0,0.0,0.0,0.0,0.0,0.0,0.0,0.0,0.0,0.0,0.0,0.0,0.0,0.0,0.0,0.0,0.0,0.0,0.0,0.0,0.0,0.0,0.0,0.0,0.0,0.0,0.0,0.0
1093472333,34.7791666663,139.045833332,38,Shizuoka,5,342.5,1.44115113915,1.43589941958,0.0444,5.0,V,9292241.57986,226.458,86.863853808,112.608957996,69.234098508,45.2916,0.0,0.0,0.0,0.0,0.0,0.0,0.0,0.0,0.0,0.0,0.0,0.0,0.0,0.0,0.0,0.0,0.0,0.0,0.0,0.0,0.0,0.0,0.0,0.0,0.0,0.0,0.0,0.0,0.0,0.0,0.0,0.0,0.0,0.0,0.0,0.0,0.0,0.0,0.0,0.0,0.0,0.0,0.0,0.0,0.0,0.0,0.0,0.0,0.0,0.0,0.0,0.0,0.0,0.0,0.0,0.0,0.0,0.0,0.0,0.0,0.0,0.0,0.0,0.0,0.0,0.0,0.0,0.0,0.0,0.0,0.0,0.0,0.0,0.0,0.0,0.0,0.0,0.0,0.0,0.0
1093472334,34.7874999996,139.045833332,38,Shizuoka,4,510.4,1.19476361188,1.10351682886,0.0412,5.0,V,11708836.6024,285.352,109.454178752,141.894706224,87.239525552,57.0704,0.0,0.0,0.0,0.0,0.0,0.0,0.0,0.0,0.0,0.0,0.0,0.0,0.0,0.0,0.0,0.0,0.0,0.0,0.0,0.0,0.0,0.0,0.0,0.0,0.0,0.0,0.0,0.0,0.0,0.0,0.0,0.0,0.0,0.0,0.0,0.0,0.0,0.0,0.0,0.0,0.0,0.0,0.0,0.0,0.0,0.0,0.0,0.0,0.0,0.0,0.0,0.0,0.0,0.0,0.0,0.0,0.0,0.0,0.0,0.0,0.0,0.0,0.0,0.0,0.0,0.0,0.0,0.0,0.0,0.0,0.0,0.0,0.0,0.0,0.0,0.0,0.0,0.0,0.0,0.0
1093472335,34.795833333,139.045833332,38,Shizuoka,4,510.4,1.19476361188,1.10351682886,0.0412,5.0,V,11702271.3291,285.192,109.392806592,141.815144304,87.190609392,57.0384,0.0,0.0,0.0,0.0,0.0,0.0,0.0,0.0,0.0,0.0,0.0,0.0,0.0,0.0,0.0,0.0,0.0,0.0,0.0,0.0,0.0,0.0,0.0,0.0,0.0,0.0,0.0,0.0,0.0,0.0,0.0,0.0,0.0,0.0,0.0,0.0,0.0,0.0,0.0,0.0,0.0,0.0,0.0,0.0,0.0,0.0,0.0,0.0,0.0,0.0,0.0,0.0,0.0,0.0,0.0,0.0,0.0,0.0,0.0,0.0,0.0,0.0,0.0,0.0,0.0,0.0,0.0,0.0,0.0,0.0,0.0,0.0,0.0,0.0,0.0,0.0,0.0,0.0,0.0,0.0
1093668946,34.820833333,139.070833332,38,Shizuoka,1,641.3,1.07320136713,0.949160336549,0.0396,5.0,V,11513191.4591,280.584,107.625288384,139.523761008,85.781823984,56.1168,0.0,0.0,0.0,0.0,0.0,0.0,0.0,0.0,0.0,0.0,0.0,0.0,0.0,0.0,0.0,0.0,0.0,0.0,0.0,0.0,0.0,0.0,0.0,0.0,0.0,0.0,0.0,0.0,0.0,0.0,0.0,0.0,0.0,0.0,0.0,0.0,0.0,0.0,0.0,0.0,0.0,0.0,0.0,0.0,0.0,0.0,0.0,0.0,0.0,0.0,0.0,0.0,0.0,0.0,0.0,0.0,0.0,0.0,0.0,0.0,0.0,0.0,0.0,0.0,0.0,0.0,0.0,0.0,0.0,0.0,0.0,0.0,0.0,0.0,0.0,0.0,0.0,0.0,0.0,0.0
1093734482,34.820833333,139.079166665,38,Shizuoka,1,641.3,1.07320136713,0.949160336549,0.0396,5.0,V,3578796.10884,87.2176,19.5981871992,41.43871709,37.2594895464,17.44352,0.0,0.0,0.0,0.0,0.0,0.0,0.0,0.0,0.0,0.0,0.0,0.0,0.0,0.0,0.0,0.0,0.0,0.0,0.0,0.0,0.0,0.0,0.0,0.0,0.0,0.0,0.0,0.0,0.0,0.0,0.0,0.0,0.0,0.0,0.0,0.0,0.0,0.0,0.0,0.0,0.0,0.0,0.0,0.0,0.0,0.0,0.0,0.0,0.0,0.0,0.0,0.0,0.0,0.0,0.0,0.0,0.0,0.0,0.0,0.0,0.0,0.0,0.0,0.0,0.0,0.0,0.0,0.0,0.0,0.0,0.0,0.0,0.0,0.0,0.0,0.0,0.0,0.0,0.0,0.0
1094062086,34.1874999996,139.120833332,38,Shizuoka,0,0.0,1.0,1.0,0.1375,6.0,VI,1142620.15883,27.8464,6.2572113888,13.23034676,11.8960238496,5.56928,7.65073808215e-06,0.000312721455511,0.0212751719814,0.378943436429,3.32460255589e-07,0.00342377603677,0.0309282605458,0.360835166252,1.23950553149,0.000158394678994,0.000318192914173,0.00665369181548,0.105190229452,0.636947675424,1.35834399339e-05,0.0104110291744,0.0811223523533,0.59753311971,1.60815708145,0.000451019303614,1.33833198633e-07,6.12893536165e-05,4.64579706138e-06,0.000164844458339,5.04257861927e-07,0.00022805541821,1.68533547547e-05,0.000608147166574,2.79043957707e-07,0.000127469854105,9.61414850926e-06,0.000342262334144,3.23925068824e-06,0.00152041025464,0.000117805154314,0.00419730622267,0.000318984299911,0.0130102720702,0.00250611050183,0.0287846857263,0.0161709149767,0.0940156469162,0.0407259804114,0.155996374818,0.114882846116,0.258168304578,0.16047952899,0.345030306705,1.9322700934e-07,9.92851119512e-05,7.40994662609e-06,0.000268171862129,2.19801472758e-08,1.00582057661e-05,7.61263735723e-07,2.70386622356e-05,1.37373916954e-06,0.00061476098109,5.71335817507e-05,0.00186936716674,5.61511462004e-05,0.00555336785828,0.00119471310753,0.0145660394797,0.00382009379694,0.0647902720374,0.0188875814202,0.107290910083,0.0680417282717,0.222561180528,0.114368046754,0.288754934471,5.96953745527e-08,2.84407821109e-05,2.43899389758e-06,8.09834132264e-05,5.65843095946e-09,2.79539899332e-06,2.42709565486e-07,7.89053262628e-06
1094062087,34.195833333,139.120833332,38,Shizuoka,5,323.9,1.47947235488,1.48980275932,0.1375,6.0,VI,3344662.05106,81.5116,18.3160233222,38.7276895025,34.8218777874,16.30232,2.23951355384e-05,0.000915393953726,0.0622763915077,1.10923802764,9.73173098477e-07,0.0100220302373,0.0905327799034,1.05623174764,3.62826358454,0.000463650731022,0.000931409932447,0.0194765953871,0.307911396338,1.86446449595,3.97612589963e-05,0.0304750217497,0.23746023673,1.74909074927,4.70737534332,0.00132021751711,3.91754702714e-07,0.000179405354956,1.35991134132e-05,0.000482530436621,1.47605669452e-06,0.00066756069104,4.93329087934e-05,0.00178016004162,8.16813644243e-07,0.000373128007925,2.81424036007e-05,0.00100186560833,3.23925068824e-06,0.00152041025464,0.000117805154314,0.00419730622267,0.000318984299911,0.0130102720702,0.00250611050183,0.0287846857263,0.0161709149767,0.0940156469162,0.0407259804114,0.155996374818,0.114882846116,0.258168304578,0.16047952899,0.345030306705,1.9322700934e-07,9.92851119512e-05,7.40994662609e-06,0.000268171862129,2.19801472758e-08,1.00582057661e-05,7.61263735723e-07,2.70386622356e-05,1.37373916954e-06,0.00061476098109,5.71335817507e-05,0.00186936716674,5.61511462004e-05,0.00555336785828,0.00119471310753,0.0145660394797,0.00382009379694,0.0647902720374,0.0188875814202,0.107290910083,0.0680417282717,0.222561180528,0.114368046754,0.288754934471,5.96953745527e-08,2.84407821109e-05,2.43899389758e-06,8.09834132264e-05,5.65843095946e-09,2.79539899332e-06,2.42709565486e-07,7.89053262628e-06
1094127622,34.1874999996,139.129166665,38,Shizuoka,5,345.0,1.43623341048,1.42902358726,0.1375,6.0,VI,4500757.43328,109.6864,24.6470276688,52.11406526,46.8581946096,21.93728,3.01361008092e-05,0.00123180341652,0.0838024672497,1.49265044478,1.30955414627e-06,0.0134861837753,0.12182578565,1.42132233896,4.88238693437,0.000623913400585,0.00125335538027,0.0262087559595,0.414342162138,2.50892386469,5.35048920494e-05,0.0410088309596,0.319539286556,2.35367073596,6.33449784887,0.0017765558113,5.27166231846e-07,0.000241417510217,1.82996995947e-05,0.000649318949491,1.9862614035e-06,0.00089830562744,6.63850196423e-05,0.00239547924944,1.09914844155e-06,0.000502101147916,3.78699343199e-05,0.00134816433319,3.23925068824e-06,0.00152041025464,0.000117805154314,0.00419730622267,0.000318984299911,0.0130102720702,0.00250611050183,0.0287846857263,0.0161709149767,0.0940156469162,0.0407259804114,0.155996374818,0.114882846116,0.258168304578,0.16047952899,0.345030306705,1.9322700934e-07,9.92851119512e-05,7.40994662609e-06,0.000268171862129,2.19801472758e-08,1.00582057661e-05,7.61263735723e-07,2.70386622356e-05,1.37373916954e-06,0.00061476098109,5.71335817507e-05,0.00186936716674,5.61511462004e-05,0.00555336785828,0.00119471310753,0.0145660394797,0.00382009379694,0.0647902720374,0.0188875814202,0.107290910083,0.0680417282717,0.222561180528,0.114368046754,0.288754934471,5.96953745527e-08,2.84407821109e-05,2.43899389758e-06,8.09834132264e-05,5.65843095946e-09,2.79539899332e-06,2.42709565486e-07,7.89053262628e-06
1094127623,34.195833333,139.129166665,38,Shizuoka,5,313.5,1.50234042627,1.52224031704,0.1375,6.0,VI,6763068.53407,164.8204,37.0358855718,78.3092624226,70.4115221106,32.96408,4.52840478839e-05,0.00185097087544,0.12592587753,2.24293297409,1.96780310238e-06,0.0202650301615,0.18306166235,2.13575171066,7.33652455982,0.000937524216766,0.00188335595952,0.0393826184535,0.622611744943,3.77003744263,8.03991899592e-05,0.0616219688338,0.480156090691,3.53674614326,9.51854076029,0.00266954371227,7.92146968078e-07,0.000362766310145,2.74980654582e-05,0.00097569989518,2.98465807091e-06,0.00134984002426,9.97535290743e-05,0.003599569756,1.65163671882e-06,0.000754482889765,5.69053020482e-05,0.0020258207459,3.23925068824e-06,0.00152041025464,0.000117805154314,0.00419730622267,0.000318984299911,0.0130102720702,0.00250611050183,0.0287846857263,0.0161709149767,0.0940156469162,0.0407259804114,0.155996374818,0.114882846116,0.258168304578,0.16047952899,0.345030306705,1.9322700934e-07,9.92851119512e-05,7.40994662609e-06,0.000268171862129,2.19801472758e-08,1.00582057661e-05,7.61263735723e-07,2.70386622356e-05,1.37373916954e-06,0.00061476098109,5.71335817507e-05,0.00186936716674,5.61511462004e-05,0.00555336785828,0.00119471310753,0.0145660394797,0.00382009379694,0.0647902720374,0.0188875814202,0.107290910083,0.0680417282717,0.222561180528,0.114368046754,0.288754934471,5.96953745527e-08,2.84407821109e-05,2.43899389758e-06,8.09834132264e-05,5.65843095946e-09,2.79539899332e-06,2.42709565486e-07,7.89053262628e-06
1094127626,34.220833333,139.129166665,38,Shizuoka,5,322.9,1.48162404965,1.49284628012,0.1335,6.0,VI,2119434.3414,51.652,11.606436834,24.540833675,22.065811878,10.3304,1.4191275117e-05,0.000580063800709,0.0394630969599,0.702898269738,6.16677097279e-07,0.00635072683906,0.0573685113232,0.669309426255,2.29914601933,0.000293804655518,0.000590212752918,0.012341864286,0.195116271103,1.18146767018,2.51957825595e-05,0.0193113105793,0.150473014241,1.10835801753,2.98295397506,0.000836591051994,2.48245819056e-07,0.00011368498955,8.61744102701e-06,0.000305768284665,9.35342704415e-07,0.000423017641827,3.12611138169e-05,0.00112804590352,5.17595757566e-07,0.000236442516959,1.78331848569e-05,0.000634858871639,3.23925068824e-06,0.00152041025464,0.000117805154314,0.00419730622267,0.000318984299911,0.0130102720702,0.00250611050183,0.0287846857263,0.0161709149767,0.0940156469162,0.0407259804114,0.155996374818,0.114882846116,0.258168304578,0.16047952899,0.345030306705,1.9322700934e-07,9.92851119512e-05,7.40994662609e-06,0.000268171862129,2.19801472758e-08,1.00582057661e-05,7.61263735723e-07,2.70386622356e-05,1.37373916954e-06,0.00061476098109,5.71335817507e-05,0.00186936716674,5.61511462004e-05,0.00555336785828,0.00119471310753,0.0145660394797,0.00382009379694,0.0647902720374,0.0188875814202,0.107290910083,0.0680417282717,0.222561180528,0.114368046754,0.288754934471,5.96953745527e-08,2.84407821109e-05,2.43899389758e-06,8.09834132264e-05,5.65843095946e-09,2.79539899332e-06,2.42709565486e-07,7.89053262628e-06
1094193158,34.1874999996,139.137499999,38,Shizuoka,5,351.8,1.42311814984,1.41073275085,0.147,6.0,VI,4495644.72672,109.5618,24.6190294881,52.0548654638,46.8049653028,21.91236,3.01018672291e-05,0.00123040412996,0.0837072705123,1.49095484491,1.30806653753e-06,0.0134708639316,0.121687395723,1.41970776538,4.87684070975,0.000623204656295,0.00125193161141,0.0261789837088,0.413871483609,2.50607381296,5.34441123215e-05,0.0409622463298,0.319176300852,2.35099704648,6.3273020759,0.00177453770465,5.26567389032e-07,0.00024114326818,1.82789117617e-05,0.000648581345366,1.98400507846e-06,0.000897285182963,6.63096085299e-05,0.00239275806692,1.0978998465e-06,0.00050153077818,3.78269153694e-05,0.00134663286461,3.23925068824e-06,0.00152041025464,0.000117805154314,0.00419730622267,0.000318984299911,0.0130102720702,0.00250611050183,0.0287846857263,0.0161709149767,0.0940156469162,0.0407259804114,0.155996374818,0.114882846116,0.258168304578,0.16047952899,0.345030306705,1.9322700934e-07,9.92851119512e-05,7.40994662609e-06,0.000268171862129,2.19801472758e-08,1.00582057661e-05,7.61263735723e-07,2.70386622356e-05,1.37373916954e-06,0.00061476098109,5.71335817507e-05,0.00186936716674,5.61511462004e-05,0.00555336785828,0.00119471310753,0.0145660394797,0.00382009379694,0.0647902720374,0.0188875814202,0.107290910083,0.0680417282717,0.222561180528,0.114368046754,0.288754934471,5.96953745527e-08,2.84407821109e-05,2.43899389758e-06,8.09834132264e-05,5.65843095946e-09,2.79539899332e-06,2.42709565486e-07,7.89053262628e-06
1094193159,34.195833333,139.137499999,38,Shizuoka,5,322.2,1.48313607318,1.49498607062,0.147,6.0,VI,6765177.6281,164.8718,37.0474353831,78.3336835263,70.4334802677,32.97436,4.52981699226e-05,0.00185154810923,0.125965148094,2.24363244305,1.96841677083e-06,0.0202713499044,0.183118750971,2.13641775466,7.33881248875,0.000937816588006,0.00188394329274,0.0393949001043,0.62280590928,3.77121314615,8.04242628165e-05,0.0616411859283,0.480305829576,3.53784909382,9.52150916101,0.00267037622176,7.92394002754e-07,0.000362879440487,2.75066408564e-05,0.000976004171681,2.98558885027e-06,0.00135026097808,9.97846376713e-05,0.00360069229839,1.65215178933e-06,0.000754718178725,5.69230482285e-05,0.00202645250742,3.23925068824e-06,0.00152041025464,0.000117805154314,0.00419730622267,0.000318984299911,0.0130102720702,0.00250611050183,0.0287846857263,0.0161709149767,0.0940156469162,0.0407259804114,0.155996374818,0.114882846116,0.258168304578,0.16047952899,0.345030306705,1.9322700934e-07,9.92851119512e-05,7.40994662609e-06,0.000268171862129,2.19801472758e-08,1.00582057661e-05,7.61263735723e-07,2.70386622356e-05,1.37373916954e-06,0.00061476098109,5.71335817507e-05,0.00186936716674,5.61511462004e-05,0.00555336785828,0.00119471310753,0.0145660394797,0.00382009379694,0.0647902720374,0.0188875814202,0.107290910083,0.0680417282717,0.222561180528,0.114368046754,0.288754934471,5.96953745527e-08,2.84407821109e-05,2.43899389758e-06,8.09834132264e-05,5.65843095946e-09,2.79539899332e-06,2.42709565486e-07,7.89053262628e-06
1094193162,34.220833333,139.137499999,38,Shizuoka,4,510.4,1.19476361188,1.10351682886,0.1453,6.0,VI,6588793.35529,160.5732,36.0815206194,76.2913380675,68.5971118997,32.11464,4.41171388838e-05,0.00180327384581,0.122680937055,2.18513560842,1.91709546342e-06,0.0197428275938,0.178344409556,2.08071626198,7.14747219063,0.000913365478809,0.00183482440984,0.0383677813515,0.606567877781,3.67288864899,7.83274109828e-05,0.0600340535877,0.467783114115,3.4456089526,9.27326076875,0.00260075316174,7.71734406266e-07,0.000353418310307,2.67894773004e-05,0.000950557421343,2.90774744724e-06,0.00131505646257,9.71830148134e-05,0.00350681368535,1.60907626227e-06,0.000735040880588,5.54389289605e-05,0.0019736180703,3.23925068824e-06,0.00152041025464,0.000117805154314,0.00419730622267,0.000318984299911,0.0130102720702,0.00250611050183,0.0287846857263,0.0161709149767,0.0940156469162,0.0407259804114,0.155996374818,0.114882846116,0.258168304578,0.16047952899,0.345030306705,1.9322700934e-07,9.92851119512e-05,7.40994662609e-06,0.000268171862129,2.19801472758e-08,1.00582057661e-05,7.61263735723e-07,2.70386622356e-05,1.37373916954e-06,0.00061476098109,5.71335817507e-05,0.00186936716674,5.61511462004e-05,0.00555336785828,0.00119471310753,0.0145660394797,0.00382009379694,0.0647902720374,0.0188875814202,0.107290910083,0.0680417282717,0.222561180528,0.114368046754,0.288754934471,5.96953745527e-08,2.84407821109e-05,2.43899389758e-06,8.09834132264e-05,5.65843095946e-09,2.79539899332e-06,2.42709565486e-07,7.89053262628e-06
1094193163,34.2291666663,139.137499999,38,Shizuoka,16,260.2,1.63985546931,1.72146099602,0.1453,6.0,VI,4429516.01178,107.9502,24.2568957159,51.2891640862,46.1164873653,21.59004,2.965908362e-05,0.00121230549251,0.0824759778797,1.46902363505,1.28882552441e-06,0.0132727141722,0.119897434195,1.3988245649,4.80510479005,0.000614037623405,0.00123351631534,0.02579390378,0.407783638366,2.46921070413,5.26579758084e-05,0.0403597119046,0.314481375007,2.31641504034,6.23423058542,0.0017484351309,5.18821842645e-07,0.00023759616973,1.80100379918e-05,0.000639041033905,1.95482134303e-06,0.000884086560807,6.53342269178e-05,0.00235756177679,1.08175028166e-06,0.00049415350798,3.72705001151e-05,0.00132682455985,3.23925068824e-06,0.00152041025464,0.000117805154314,0.00419730622267,0.000318984299911,0.0130102720702,0.00250611050183,0.0287846857263,0.0161709149767,0.0940156469162,0.0407259804114,0.155996374818,0.114882846116,0.258168304578,0.16047952899,0.345030306705,1.9322700934e-07,9.92851119512e-05,7.40994662609e-06,0.000268171862129,2.19801472758e-08,1.00582057661e-05,7.61263735723e-07,2.70386622356e-05,1.37373916954e-06,0.00061476098109,5.71335817507e-05,0.00186936716674,5.61511462004e-05,0.00555336785828,0.00119471310753,0.0145660394797,0.00382009379694,0.0647902720374,0.0188875814202,0.107290910083,0.0680417282717,0.222561180528,0.114368046754,0.288754934471,5.96953745527e-08,2.84407821109e-05,2.43899389758e-06,8.09834132264e-05,5.65843095946e-09,2.79539899332e-06,2.42709565486e-07,7.89053262628e-06
1094193164,34.2374999996,139.137499999,38,Shizuoka,4,510.4,1.19476361188,1.10351682886,0.1367,6.0,VI,4603659.8851,112.1942,25.2105416139,53.3055680612,47.9295305314,22.43884,3.08251134271e-05,0.00125996658541,0.0857184734945,1.52677745401,1.33949495833e-06,0.0137945232929,0.124611132833,1.4538185478,4.99401472008,0.000638178159261,0.00128201129953,0.0268079762657,0.423815417475,2.56628630222,5.47281938287e-05,0.0419464307558,0.326845029318,2.40748356482,6.4793257738,0.00181717385204,5.39219024866e-07,0.000246937126433,1.87180922728e-05,0.000664164564458,2.03167401936e-06,0.000918843915255,6.79028044567e-05,0.00245024796153,1.12427867156e-06,0.000513580868818,3.87357683822e-05,0.00137898790398,3.23925068824e-06,0.00152041025464,0.000117805154314,0.00419730622267,0.000318984299911,0.0130102720702,0.00250611050183,0.0287846857263,0.0161709149767,0.0940156469162,0.0407259804114,0.155996374818,0.114882846116,0.258168304578,0.16047952899,0.345030306705,1.9322700934e-07,9.92851119512e-05,7.40994662609e-06,0.000268171862129,2.19801472758e-08,1.00582057661e-05,7.61263735723e-07,2.70386622356e-05,1.37373916954e-06,0.00061476098109,5.71335817507e-05,0.00186936716674,5.61511462004e-05,0.00555336785828,0.00119471310753,0.0145660394797,0.00382009379694,0.0647902720374,0.0188875814202,0.107290910083,0.0680417282717,0.222561180528,0.114368046754,0.288754934471,5.96953745527e-08,2.84407821109e-05,2.43899389758e-06,8.09834132264e-05,5.65843095946e-09,2.79539899332e-06,2.42709565486e-07,7.89053262628e-06
1094193165,34.245833333,139.137499999,38,Shizuoka,0,0.0,1.0,1.0,0.1367,6.0,VI,446739.76385,10.88734,2.44643429103,5.17277937162,4.65108797901,2.177468,2.99127308203e-06,0.000122267324015,0.00831813199983,0.148158685976,1.29984767836e-07,0.00133862236397,0.0120922808036,0.141078744073,0.484619848642,6.19288929414e-05,0.000124406545988,0.00260144956082,0.0411271041399,0.249032762028,5.31083116417e-06,0.00407048718583,0.0317170848537,0.233622523398,0.628754629652,0.000176338790831,5.23258854574e-08,2.3962811394e-05,1.81640614867e-06,6.44506171372e-05,1.97153915424e-07,8.91647350069e-05,6.58929712118e-06,0.000237772386108,1.09100150917e-07,4.98379554051e-05,3.75892408465e-06,0.000133817168504,3.23925068824e-06,0.00152041025464,0.000117805154314,0.00419730622267,0.000318984299911,0.0130102720702,0.00250611050183,0.0287846857263,0.0161709149767,0.0940156469162,0.0407259804114,0.155996374818,0.114882846116,0.258168304578,0.16047952899,0.345030306705,1.9322700934e-07,9.92851119512e-05,7.40994662609e-06,0.000268171862129,2.19801472758e-08,1.00582057661e-05,7.61263735723e-07,2.70386622356e-05,1.37373916954e-06,0.00061476098109,5.71335817507e-05,0.00186936716674,5.61511462004e-05,0.00555336785828,0.00119471310753,0.0145660394797,0.00382009379694,0.0647902720374,0.0188875814202,0.107290910083,0.0680417282717,0.222561180528,0.114368046754,0.288754934471,5.96953745527e-08,2.84407821109e-05,2.43899389758e-06,8.09834132264e-05,5.65843095946e-09,2.79539899332e-06,2.42709565486e-07,7.89053262628e-06
1094258694,34.1874999996,139.145833332,38,Shizuoka,0,0.0,1.0,1.0,0.147,6.0,VI,1752410.94617,42.7074,9.5965449633,20.2910865038,18.2446653411,8.54148,1.17337656419e-05,0.000479613892248,0.0326292547647,0.581177061198,5.09886847834e-07,0.00525096862476,0.0474339804941,0.553404812802,1.90100187226,0.000242926371584,0.000488005345852,0.0102046181137,0.161327898949,0.976872383985,2.08326175963e-05,0.0159671622674,0.124415534895,0.91642316266,2.46639449768,0.000691718204405,2.0525697926e-07,9.39981089347e-05,7.12515490043e-06,0.000252818253708,7.73368988899e-07,0.000349763487118,2.58476127202e-05,0.000932701688612,4.27963468146e-07,0.00019549766028,1.47450042391e-05,0.000524920076175,3.23925068824e-06,0.00152041025464,0.000117805154314,0.00419730622267,0.000318984299911,0.0130102720702,0.00250611050183,0.0287846857263,0.0161709149767,0.0940156469162,0.0407259804114,0.155996374818,0.114882846116,0.258168304578,0.16047952899,0.345030306705,1.9322700934e-07,9.92851119512e-05,7.40994662609e-06,0.000268171862129,2.19801472758e-08,1.00582057661e-05,7.61263735723e-07,2.70386622356e-05,1.37373916954e-06,0.00061476098109,5.71335817507e-05,0.00186936716674,5.61511462004e-05,0.00555336785828,0.00119471310753,0.0145660394797,0.00382009379694,0.0647902720374,0.0188875814202,0.107290910083,0.0680417282717,0.222561180528,0.114368046754,0.288754934471,5.96953745527e-08,2.84407821109e-05,2.43899389758e-06,8.09834132264e-05,5.65843095946e-09,2.79539899332e-06,2.42709565486e-07,7.89053262628e-06
1094258695,34.195833333,139.145833332,38,Shizuoka,4,510.4,1.19476361188,1.10351682886,0.147,6.0,VI,5426797.43374,132.2546,29.7182037657,62.8366402338,56.4993635018,26.45092,3.63366648744e-05,0.00148524947606,0.101044995415,1.79976631118,1.57899757666e-06,0.0162609935299,0.14689168895,1.71376230244,5.88694798125,0.000752284852352,0.0015112358002,0.0316012608301,0.49959390514,3.02514005523,6.45136324653e-05,0.0494464813781,0.385285144993,2.83794327934,7.63783367129,0.00214208578458,6.35631756775e-07,0.000291089654203,2.20649000242e-05,0.000782917644643,2.3949387291e-06,0.00108313383824,8.00438725201e-05,0.00288835397956,1.32530047004e-06,0.000605409480821,4.56617503675e-05,0.00162555188812,3.23925068824e-06,0.00152041025464,0.000117805154314,0.00419730622267,0.000318984299911,0.0130102720702,0.00250611050183,0.0287846857263,0.0161709149767,0.0940156469162,0.0407259804114,0.155996374818,0.114882846116,0.258168304578,0.16047952899,0.345030306705,1.9322700934e-07,9.92851119512e-05,7.40994662609e-06,0.000268171862129,2.19801472758e-08,1.00582057661e-05,7.61263735723e-07,2.70386622356e-05,1.37373916954e-06,0.00061476098109,5.71335817507e-05,0.00186936716674,5.61511462004e-05,0.00555336785828,0.00119471310753,0.0145660394797,0.00382009379694,0.0647902720374,0.0188875814202,0.107290910083,0.0680417282717,0.222561180528,0.114368046754,0.288754934471,5.96953745527e-08,2.84407821109e-05,2.43899389758e-06,8.09834132264e-05,5.65843095946e-09,2.79539899332e-06,2.42709565486e-07,7.89053262628e-06
1094258698,34.220833333,139.145833332,38,Shizuoka,4,510.4,1.19476361188,1.10351682886,0.1453,6.0,VI,6760073.12814,164.7474,37.0194821433,78.2745787538,70.380336401,32.94948,4.52639912921e-05,0.00185015106871,0.12587010416,2.24193956485,1.96693154992e-06,0.0202560546512,0.182980583179,2.13480577269,7.33327516658,0.000937108981347,0.00188252180922,0.0393651756422,0.622335986254,3.76836766915,8.03635806483e-05,0.0615946760732,0.479943426514,3.53517969598,9.51432493825,0.00266836135444,7.91796121164e-07,0.000362605638646,2.74858863907e-05,0.000975267751512,2.98333614693e-06,0.00134924217156,9.97093476039e-05,0.00359797548374,1.65090519844e-06,0.00075414872451,5.68800983292e-05,0.00202492349704,3.23925068824e-06,0.00152041025464,0.000117805154314,0.00419730622267,0.000318984299911,0.0130102720702,0.00250611050183,0.0287846857263,0.0161709149767,0.0940156469162,0.0407259804114,0.155996374818,0.114882846116,0.258168304578,0.16047952899,0.345030306705,1.9322700934e-07,9.92851119512e-05,7.40994662609e-06,0.000268171862129,2.19801472758e-08,1.00582057661e-05,7.61263735723e-07,2.70386622356e-05,1.37373916954e-06,0.00061476098109,5.71335817507e-05,0.00186936716674,5.61511462004e-05,0.00555336785828,0.00119471310753,0.0145660394797,0.00382009379694,0.0647902720374,0.0188875814202,0.107290910083,0.0680417282717,0.222561180528,0.114368046754,0.288754934471,5.96953745527e-08,2.84407821109e-05,2.43899389758e-06,8.09834132264e-05,5.65843095946e-09,2.79539899332e-06,2.42709565486e-07,7.89053262628e-06
1094258699,34.2291666663,139.145833332,38,Shizuoka,4,510.4,1.19476361188,1.10351682886,0.1453,6.0,VI,6762502.27925,164.8066,37.0327846497,78.3027057837,70.4056267299,32.96132,4.52802563638e-05,0.00185081589828,0.125915334071,2.24274517892,1.96763834315e-06,0.0202633334212,0.183046335054,2.13557288951,7.33591029096,0.000937445720207,0.00188319827083,0.0393793210454,0.622559615218,3.76972178682,8.0392458336e-05,0.0616168093804,0.480115888422,3.53645002035,9.51774379667,0.00266932019805,7.92080643593e-07,0.000362735936628,2.7495763114e-05,0.000975618202268,2.98440817296e-06,0.00134972700553,9.97451769607e-05,0.00359926837303,1.6514984314e-06,0.000754419718799,5.69005375096e-05,0.00202565112899,3.23925068824e-06,0.00152041025464,0.000117805154314,0.00419730622267,0.000318984299911,0.0130102720702,0.00250611050183,0.0287846857263,0.0161709149767,0.0940156469162,0.0407259804114,0.155996374818,0.114882846116,0.258168304578,0.16047952899,0.345030306705,1.9322700934e-07,9.92851119512e-05,7.40994662609e-06,0.000268171862129,2.19801472758e-08,1.00582057661e-05,7.61263735723e-07,2.70386622356e-05,1.37373916954e-06,0.00061476098109,5.71335817507e-05,0.00186936716674,5.61511462004e-05,0.00555336785828,0.00119471310753,0.0145660394797,0.00382009379694,0.0647902720374,0.0188875814202,0.107290910083,0.0680417282717,0.222561180528,0.114368046754,0.288754934471,5.96953745527e-08,2.84407821109e-05,2.43899389758e-06,8.09834132264e-05,5.65843095946e-09,2.79539899332e-06,2.42709565486e-07,7.89053262628e-06
1094258700,34.2374999996,139.145833332,38,Shizuoka,4,510.4,1.19476361188,1.10351682886,0.1367,6.0,VI,6300807.64356,153.5548,34.5044545566,72.9567646324,65.5988408922,30.71096,4.21888486863e-05,0.00172445560492,0.117318747794,2.08962679528,1.83330226007e-06,0.0188798998998,0.170549258161,1.98977145293,6.83506751275,0.000873443721776,0.0017546271438,0.0366907864567,0.580055757493,3.51235250913,7.49038440287e-05,0.0574100602831,0.447337055818,3.29500684794,8.86794124233,0.00248707836426,7.38003118873e-07,0.000337970956271,2.56185517195e-05,0.000909010063466,2.78065441625e-06,0.00125757742948,9.29352993094e-05,0.00335353641885,1.53874608987e-06,0.000702913409028,5.30157812683e-05,0.00188735435342,3.23925068824e-06,0.00152041025464,0.000117805154314,0.00419730622267,0.000318984299911,0.0130102720702,0.00250611050183,0.0287846857263,0.0161709149767,0.0940156469162,0.0407259804114,0.155996374818,0.114882846116,0.258168304578,0.16047952899,0.345030306705,1.9322700934e-07,9.92851119512e-05,7.40994662609e-06,0.000268171862129,2.19801472758e-08,1.00582057661e-05,7.61263735723e-07,2.70386622356e-05,1.37373916954e-06,0.00061476098109,5.71335817507e-05,0.00186936716674,5.61511462004e-05,0.00555336785828,0.00119471310753,0.0145660394797,0.00382009379694,0.0647902720374,0.0188875814202,0.107290910083,0.0680417282717,0.222561180528,0.114368046754,0.288754934471,5.96953745527e-08,2.84407821109e-05,2.43899389758e-06,8.09834132264e-05,5.65843095946e-09,2.79539899332e-06,2.42709565486e-07,7.89053262628e-06
1094258701,34.245833333,139.145833332,38,Shizuoka,21,429.1,1.29627605326,1.23740361488,0.1367,6.0,VI,554912.488782,13.52358,3.03880928211,6.42530642513,5.77729366136,2.704716,3.71557431169e-06,0.000151872903547,0.0103322688141,0.184033551124,1.61459034679e-07,0.00166275386173,0.0150202829002,0.175239285424,0.601964785953,7.69242384278e-05,0.000154530112699,0.00323135965734,0.0510855436686,0.309333085943,6.59678581868e-06,0.00505610728576,0.0393970000373,0.290191441157,0.781000091342,0.000219037133488,6.49959768e-08,2.97651214082e-05,2.25622731209e-06,8.00565681703e-05,2.44892393142e-07,0.000110754915989,8.18481711438e-06,0.000295346143808,1.35517455957e-07,6.19056240512e-05,4.66910288213e-06,0.000166219405624,3.23925068824e-06,0.00152041025464,0.000117805154314,0.00419730622267,0.000318984299911,0.0130102720702,0.00250611050183,0.0287846857263,0.0161709149767,0.0940156469162,0.0407259804114,0.155996374818,0.114882846116,0.258168304578,0.16047952899,0.345030306705,1.9322700934e-07,9.92851119512e-05,7.40994662609e-06,0.000268171862129,2.19801472758e-08,1.00582057661e-05,7.61263735723e-07,2.70386622356e-05,1.37373916954e-06,0.00061476098109,5.71335817507e-05,0.00186936716674,5.61511462004e-05,0.00555336785828,0.00119471310753,0.0145660394797,0.00382009379694,0.0647902720374,0.0188875814202,0.107290910083,0.0680417282717,0.222561180528,0.114368046754,0.288754934471,5.96953745527e-08,2.84407821109e-05,2.43899389758e-06,8.09834132264e-05,5.65843095946e-09,2.79539899332e-06,2.42709565486e-07,7.89053262628e-06
1094455306,34.220833333,139.170833332,38,Shizuoka,4,510.4,1.19476361188,1.10351682886,0.1438,6.0,VI,4589298.34984,111.8442,25.1318950389,53.1392764987,47.7800100064,22.36884,3.07289516852e-05,0.00125603600517,0.0854510669287,1.52201453303,1.33531628211e-06,0.0137514900243,0.124222397083,1.44928322876,4.97843543744,0.000636187304513,0.00127801194881,0.0267243463482,0.422493286776,2.55828053894,5.45574642559e-05,0.0418155750541,0.325825406554,2.39997320111,6.45911292839,0.00181150501312,5.37536882128e-07,0.000246166783633,1.86596994833e-05,0.000662092642759,2.02533602767e-06,0.000915977498181,6.7690975489e-05,0.0024426041904,1.1207713821e-06,0.000511978706638,3.86149286335e-05,0.00137468602593,3.23925068824e-06,0.00152041025464,0.000117805154314,0.00419730622267,0.000318984299911,0.0130102720702,0.00250611050183,0.0287846857263,0.0161709149767,0.0940156469162,0.0407259804114,0.155996374818,0.114882846116,0.258168304578,0.16047952899,0.345030306705,1.9322700934e-07,9.92851119512e-05,7.40994662609e-06,0.000268171862129,2.19801472758e-08,1.00582057661e-05,7.61263735723e-07,2.70386622356e-05,1.37373916954e-06,0.00061476098109,5.71335817507e-05,0.00186936716674,5.61511462004e-05,0.00555336785828,0.00119471310753,0.0145660394797,0.00382009379694,0.0647902720374,0.0188875814202,0.107290910083,0.0680417282717,0.222561180528,0.114368046754,0.288754934471,5.96953745527e-08,2.84407821109e-05,2.43899389758e-06,8.09834132264e-05,5.65843095946e-09,2.79539899332e-06,2.42709565486e-07,7.89053262628e-06
1094455307,34.2291666663,139.170833332,38,Shizuoka,4,510.4,1.19476361188,1.10351682886,0.1438,6.0,VI,3072736.63907,74.8846,16.8269066007,35.5790775463,31.9908134469,14.97692,2.05743816431e-05,0.000840971224552,0.0572132391893,1.01905552099,8.94052849045e-07,0.00920722603291,0.083172346144,0.970358721082,3.33328099587,0.000425955318412,0.000855685083194,0.0178931226344,0.282877795924,1.71288108678,3.65286164845e-05,0.0279973625069,0.218154408004,1.60688737705,4.32465955317,0.00121288210122,3.59904531513e-07,0.000164819464269,1.24934876545e-05,0.000443300079181,1.35605134909e-06,0.000613287131208,4.53220785977e-05,0.00163543069517,7.50405623539e-07,0.000342792211443,2.58543892732e-05,0.00092041262021,3.23925068824e-06,0.00152041025464,0.000117805154314,0.00419730622267,0.000318984299911,0.0130102720702,0.00250611050183,0.0287846857263,0.0161709149767,0.0940156469162,0.0407259804114,0.155996374818,0.114882846116,0.258168304578,0.16047952899,0.345030306705,1.9322700934e-07,9.92851119512e-05,7.40994662609e-06,0.000268171862129,2.19801472758e-08,1.00582057661e-05,7.61263735723e-07,2.70386622356e-05,1.37373916954e-06,0.00061476098109,5.71335817507e-05,0.00186936716674,5.61511462004e-05,0.00555336785828,0.00119471310753,0.0145660394797,0.00382009379694,0.0647902720374,0.0188875814202,0.107290910083,0.0680417282717,0.222561180528,0.114368046754,0.288754934471,5.96953745527e-08,2.84407821109e-05,2.43899389758e-06,8.09834132264e-05,5.65843095946e-09,2.79539899332e-06,2.42709565486e-07,7.89053262628e-06
1094455308,34.2374999996,139.170833332,38,Shizuoka,0,0.0,1.0,1.0,0.1373,6.0,VI,57404.2874413,1.39898,0.31435710141,0.664681628875,0.59764635447,0.279796,3.84366724681e-07,1.57108661023e-05,0.00106884696401,0.0190378034035,1.67025270183e-08,0.000172007663465,0.00155381011328,0.018128058955,0.062271728067,7.9576170715e-06,1.59857476395e-05,0.000334275948633,0.00528466973105,0.0319997220095,6.82420736566e-07,0.000523041455785,0.00407551958225,0.0300195674777,0.0807924756452,2.26588350871e-05,6.72366870486e-09,3.07912620383e-06,2.33400984434e-07,8.28164862699e-06,2.53334960238e-08,1.14573147325e-05,8.46698540377e-07,3.05528083735e-05,1.40189365934e-08,6.40397956275e-06,4.83006833253e-07,1.7194975301e-05,3.23925068824e-06,0.00152041025464,0.000117805154314,0.00419730622267,0.000318984299911,0.0130102720702,0.00250611050183,0.0287846857263,0.0161709149767,0.0940156469162,0.0407259804114,0.155996374818,0.114882846116,0.258168304578,0.16047952899,0.345030306705,1.9322700934e-07,9.92851119512e-05,7.40994662609e-06,0.000268171862129,2.19801472758e-08,1.00582057661e-05,7.61263735723e-07,2.70386622356e-05,1.37373916954e-06,0.00061476098109,5.71335817507e-05,0.00186936716674,5.61511462004e-05,0.00555336785828,0.00119471310753,0.0145660394797,0.00382009379694,0.0647902720374,0.0188875814202,0.107290910083,0.0680417282717,0.222561180528,0.114368046754,0.288754934471,5.96953745527e-08,2.84407821109e-05,2.43899389758e-06,8.09834132264e-05,5.65843095946e-09,2.79539899332e-06,2.42709565486e-07,7.89053262628e-06
1094520842,34.220833333,139.179166665,38,Shizuoka,0,0.0,1.0,1.0,0.1438,6.0,VI,9698.54992898,0.23636,0.05311115562,0.11229906775,0.10097334654,0.047272,6.49393980226e-08,2.65437698319e-06,0.000180583473969,0.00321646857886,2.82191974585e-09,2.90609810981e-05,0.000262518805397,0.00306276573975,0.0105209121259,1.34445265195e-06,2.70081867652e-06,5.6476478019e-05,0.000892853748897,0.00540640630613,1.15296119526e-07,8.83687247062e-05,0.000688565818282,0.00507185590147,0.0136500232623,3.82824791004e-06,1.13597502114e-09,5.20223498218e-07,3.94334848824e-08,1.39919832269e-06,4.28013632803e-09,1.93573239802e-06,1.43051127967e-07,5.16194783855e-06,2.36852267595e-09,1.08196300837e-06,8.16048085802e-08,2.90511970302e-06,3.23925068824e-06,0.00152041025464,0.000117805154314,0.00419730622267,0.000318984299911,0.0130102720702,0.00250611050183,0.0287846857263,0.0161709149767,0.0940156469162,0.0407259804114,0.155996374818,0.114882846116,0.258168304578,0.16047952899,0.345030306705,1.9322700934e-07,9.92851119512e-05,7.40994662609e-06,0.000268171862129,2.19801472758e-08,1.00582057661e-05,7.61263735723e-07,2.70386622356e-05,1.37373916954e-06,0.00061476098109,5.71335817507e-05,0.00186936716674,5.61511462004e-05,0.00555336785828,0.00119471310753,0.0145660394797,0.00382009379694,0.0647902720374,0.0188875814202,0.107290910083,0.0680417282717,0.222561180528,0.114368046754,0.288754934471,5.96953745527e-08,2.84407821109e-05,2.43899389758e-06,8.09834132264e-05,5.65843095946e-09,2.79539899332e-06,2.42709565486e-07,7.89053262628e-06
1094651926,34.320833333,139.195833332,38,Shizuoka,4,510.4,1.19476361188,1.10351682886,0.226,7.0,VII,3593215.09024,87.569,19.6771483605,41.6056738187,37.4096081535,17.5138,0.00265870231764,0.0464194478361,0.986437928179,5.98629396478,0.000103875909662,0.256637694755,1.18447627328,5.51742283297,10.6804467568,0.0100715489412,0.046065471755,0.406137137416,2.73918011606,7.83704360537,0.00176063021193,0.567630880441,2.21246352084,7.25367713364,11.9387141144,0.021340341909,3.0330755296e-05,0.0029543144259,0.000477632771901,0.0057866271845,0.000109292214829,0.0104961371139,0.00166580929553,0.0202351114539,6.26853676973e-05,0.00608916040845,0.000980990975563,0.0118908681558,0.000277069379591,0.0258250337271,0.00427254054834,0.0524008314717,0.00782565336799,0.108274206792,0.0368718791809,0.18050715716,0.115565194923,0.375357310922,0.22418013987,0.484860154691,0.421340448781,0.647146684689,0.511055629364,0.724751009959,1.56929364478e-05,0.00154859527492,0.000249678118012,0.00304954528275,1.5798088085e-06,0.000153751631152,2.48310180478e-05,0.000300878747285,0.00015180613674,0.0146534558323,0.00263023854075,0.0324104923227,0.00265044980736,0.0676310265782,0.0231895498073,0.126326869145,0.0563234665338,0.315032878814,0.156401244508,0.414169234183,0.341804403658,0.609830348457,0.447478194645,0.681674685928,5.93108917895e-06,0.000575063603627,0.000100528167041,0.00121848724486,5.20549541852e-07,5.40777821654e-05,9.44667515231e-06,0.000113240045236
1094848534,34.320833333,139.220833332,38,Shizuoka,4,510.4,1.19476361188,1.10351682886,0.2387,7.0,VII,2695594.51644,65.6934,14.7616026003,31.2121660913,28.0643190201,13.13868,0.00199453225267,0.0348234118749,0.740016003278,4.49085868225,7.79266827737e-05,0.192527067074,0.888582416282,4.13911618421,8.01236580266,0.0075555766677,0.0345578625106,0.304680074263,2.05490590319,5.87927280641,0.00132080741774,0.425831087271,1.6597683091,5.44163703378,8.95630556251,0.0160093139943,2.27538334338e-05,0.0022162975403,0.000358315394005,0.00434107063324,8.19899414821e-05,0.00787409852665,0.0012496737016,0.0151801810091,4.70259445042e-05,0.00456802807359,0.000735929753156,0.0089204119963,0.000277069379591,0.0258250337271,0.00427254054834,0.0524008314717,0.00782565336799,0.108274206792,0.0368718791809,0.18050715716,0.115565194923,0.375357310922,0.22418013987,0.484860154691,0.421340448781,0.647146684689,0.511055629364,0.724751009959,1.56929364478e-05,0.00154859527492,0.000249678118012,0.00304954528275,1.5798088085e-06,0.000153751631152,2.48310180478e-05,0.000300878747285,0.00015180613674,0.0146534558323,0.00263023854075,0.0324104923227,0.00265044980736,0.0676310265782,0.0231895498073,0.126326869145,0.0563234665338,0.315032878814,0.156401244508,0.414169234183,0.341804403658,0.609830348457,0.447478194645,0.681674685928,5.93108917895e-06,0.000575063603627,0.000100528167041,0.00121848724486,5.20549541852e-07,5.40777821654e-05,9.44667515231e-06,0.000113240045236
1094848535,34.3291666663,139.220833332,38,Shizuoka,4,510.4,1.19476361188,1.10351682886,0.2387,7.0,VII,5499401.14944,134.024,30.115795908,63.67731535,57.255253836,26.8048,0.0040691331341,0.0710447769962,1.50973925574,9.16199867917,0.000158981659224,0.392782952893,1.81283614122,8.44439331002,16.3463805243,0.0154144648825,0.0705030180371,0.621591244676,4.19230407878,11.9945635118,0.00269463741191,0.868756764612,3.38616646207,11.1017234884,18.2721536214,0.032661306901,4.64210981944e-05,0.00452156626908,0.000731015023824,0.00885640948024,0.000167271292355,0.016064295362,0.00254951438322,0.0309697561637,9.59397014955e-05,0.00931943535477,0.00150140271682,0.0181989255753,0.000277069379591,0.0258250337271,0.00427254054834,0.0524008314717,0.00782565336799,0.108274206792,0.0368718791809,0.18050715716,0.115565194923,0.375357310922,0.22418013987,0.484860154691,0.421340448781,0.647146684689,0.511055629364,0.724751009959,1.56929364478e-05,0.00154859527492,0.000249678118012,0.00304954528275,1.5798088085e-06,0.000153751631152,2.48310180478e-05,0.000300878747285,0.00015180613674,0.0146534558323,0.00263023854075,0.0324104923227,0.00265044980736,0.0676310265782,0.0231895498073,0.126326869145,0.0563234665338,0.315032878814,0.156401244508,0.414169234183,0.341804403658,0.609830348457,0.447478194645,0.681674685928,5.93108917895e-06,0.000575063603627,0.000100528167041,0.00121848724486,5.20549541852e-07,5.40777821654e-05,9.44667515231e-06,0.000113240045236
1094914070,34.320833333,139.229166665,38,Shizuoka,0,0.0,1.0,1.0,0.2387,7.0,VII,8288.08303416,0.201986,0.045387163137,0.0959673358375,0.086288722179,0.0403972,6.13254286712e-06,0.000107070750958,0.00227531034226,0.0138079408554,2.3959939578e-07,0.000591958585948,0.00273210410688,0.012726446212,0.0246354385527,2.32309594084e-05,0.000106254272378,0.000936792881477,0.00631817235462,0.0180768661247,4.0610564696e-06,0.00130929314046,0.00510325179824,0.0167312773871,0.0275377486224,4.92234729281e-05,6.99606931587e-08,6.81439954356e-06,1.10170417688e-06,1.33473909544e-05,2.5209260474e-07,2.42103113098e-05,3.84234325352e-06,4.66741566322e-05,1.44589599969e-07,1.40452118245e-05,2.26274644212e-06,2.74273874923e-05,0.000277069379591,0.0258250337271,0.00427254054834,0.0524008314717,0.00782565336799,0.108274206792,0.0368718791809,0.18050715716,0.115565194923,0.375357310922,0.22418013987,0.484860154691,0.421340448781,0.647146684689,0.511055629364,0.724751009959,1.56929364478e-05,0.00154859527492,0.000249678118012,0.00304954528275,1.5798088085e-06,0.000153751631152,2.48310180478e-05,0.000300878747285,0.00015180613674,0.0146534558323,0.00263023854075,0.0324104923227,0.00265044980736,0.0676310265782,0.0231895498073,0.126326869145,0.0563234665338,0.315032878814,0.156401244508,0.414169234183,0.341804403658,0.609830348457,0.447478194645,0.681674685928,5.93108917895e-06,0.000575063603627,0.000100528167041,0.00121848724486,5.20549541852e-07,5.40777821654e-05,9.44667515231e-06,0.000113240045236
1094914071,34.3291666663,139.229166665,38,Shizuoka,0,0.0,1.0,1.0,0.2387,7.0,VII,504061.164716,12.2843,2.76033748935,5.83650126063,5.24787138645,2.45686,0.000372966425112,0.0065117841137,0.138378871988,0.839765567171,1.45718557602e-05,0.0360014894961,0.166159963959,0.773991678642,1.49826778991,0.00141285076521,0.00646212786122,0.0569734773397,0.384255961581,1.09939127729,0.000246983632477,0.079628042168,0.310367431729,1.0175558247,1.67477926887,0.00299365257241,4.25484015214e-06,0.000414435299045,6.70029834743e-05,0.000811756036069,1.53316625133e-05,0.00147241257921,0.000233682023651,0.00283860932103,8.79358976811e-06,0.000854195813649,0.000137614765969,0.00166806737185,0.000277069379591,0.0258250337271,0.00427254054834,0.0524008314717,0.00782565336799,0.108274206792,0.0368718791809,0.18050715716,0.115565194923,0.375357310922,0.22418013987,0.484860154691,0.421340448781,0.647146684689,0.511055629364,0.724751009959,1.56929364478e-05,0.00154859527492,0.000249678118012,0.00304954528275,1.5798088085e-06,0.000153751631152,2.48310180478e-05,0.000300878747285,0.00015180613674,0.0146534558323,0.00263023854075,0.0324104923227,0.00265044980736,0.0676310265782,0.0231895498073,0.126326869145,0.0563234665338,0.315032878814,0.156401244508,0.414169234183,0.341804403658,0.609830348457,0.447478194645,0.681674685928,5.93108917895e-06,0.000575063603627,0.000100528167041,0.00121848724486,5.20549541852e-07,5.40777821654e-05,9.44667515231e-06,0.000113240045236
1095045145,34.345833333,139.245833332,38,Shizuoka,0,0.0,1.0,1.0,0.1935,7.0,VII,2334028.50461,56.8818,12.7815964281,27.0256097138,24.2999902827,11.37636,1.56281513388e-05,0.000638795653589,0.0434587622678,0.774067195841,6.79116071246e-07,0.00699374223484,0.0631771119682,0.737077459195,2.53193611171,0.000323552575975,0.000649972194086,0.0135914864079,0.214871925766,1.30109207237,2.77468726166e-05,0.021266593861,0.165708508895,1.22058001784,3.28498008632,0.000921296462893,2.7338087645e-07,0.000125195671776,9.48996277027e-06,0.00033672753068,1.03004678704e-06,0.000465848464705,3.44263227738e-05,0.00124226131563,5.70002678749e-07,0.000260382482017,1.96388069077e-05,0.00069913876258,3.23925068824e-06,0.00152041025464,0.000117805154314,0.00419730622267,0.000318984299911,0.0130102720702,0.00250611050183,0.0287846857263,0.0161709149767,0.0940156469162,0.0407259804114,0.155996374818,0.114882846116,0.258168304578,0.16047952899,0.345030306705,1.9322700934e-07,9.92851119512e-05,7.40994662609e-06,0.000268171862129,2.19801472758e-08,1.00582057661e-05,7.61263735723e-07,2.70386622356e-05,1.37373916954e-06,0.00061476098109,5.71335817507e-05,0.00186936716674,5.61511462004e-05,0.00555336785828,0.00119471310753,0.0145660394797,0.00382009379694,0.0647902720374,0.0188875814202,0.107290910083,0.0680417282717,0.222561180528,0.114368046754,0.288754934471,5.96953745527e-08,2.84407821109e-05,2.43899389758e-06,8.09834132264e-05,5.65843095946e-09,2.79539899332e-06,2.42709565486e-07,7.89053262628e-06
1095045148,34.370833333,139.245833332,38,Shizuoka,20,183.2,1.93385999499,2.17004725042,0.1835,7.0,VII,1899579.75297,46.294,10.402470123,21.9951474125,19.776866241,9.2588,1.2719176223e-05,0.000519892232441,0.0353694844471,0.629984753722,5.52707533908e-07,0.00569194897172,0.0514175223262,0.59988017074,2.06064945827,0.000263327513408,0.000528988406714,0.01106160972,0.174876338854,1.05891087128,2.25821566989e-05,0.0173080967234,0.134864046334,0.993385078281,2.67352418728,0.000749809226381,2.22494616808e-07,0.000101892141761,7.72353083916e-06,0.000274050123331,8.38317105983e-07,0.000379136891326,2.80183149353e-05,0.00101103068725,4.63904166359e-07,0.000211915702782,1.59833009325e-05,0.000569003264223,3.23925068824e-06,0.00152041025464,0.000117805154314,0.00419730622267,0.000318984299911,0.0130102720702,0.00250611050183,0.0287846857263,0.0161709149767,0.0940156469162,0.0407259804114,0.155996374818,0.114882846116,0.258168304578,0.16047952899,0.345030306705,1.9322700934e-07,9.92851119512e-05,7.40994662609e-06,0.000268171862129,2.19801472758e-08,1.00582057661e-05,7.61263735723e-07,2.70386622356e-05,1.37373916954e-06,0.00061476098109,5.71335817507e-05,0.00186936716674,5.61511462004e-05,0.00555336785828,0.00119471310753,0.0145660394797,0.00382009379694,0.0647902720374,0.0188875814202,0.107290910083,0.0680417282717,0.222561180528,0.114368046754,0.288754934471,5.96953745527e-08,2.84407821109e-05,2.43899389758e-06,8.09834132264e-05,5.65843095946e-09,2.79539899332e-06,2.42709565486e-07,7.89053262628e-06
1095241751,34.3291666663,139.270833332,38,Shizuoka,0,0.0,1.0,1.0,0.205,7.0,VII,953679.800894,23.2418,5.2225370481,11.0426149637,9.9289318227,4.64836,0.000705649573778,0.0123202448665,0.261811748897,1.58882991779,2.75698376959e-05,0.0681145379525,0.314373358705,1.46438623256,2.83471099855,0.00267310265256,0.0122262956233,0.107793375742,0.727009288919,2.08003974086,0.000467291110548,0.150655636093,0.587212765461,1.92520770141,3.16866934308,0.00566396736952,8.05012445544e-06,0.000784108360538,0.000126769123297,0.00153583610292,2.90073861596e-05,0.00278579314111,0.000442124570166,0.0053706267445,1.6637403407e-05,0.00161613183182,0.000260366066255,0.00315597048616,0.000277069379591,0.0258250337271,0.00427254054834,0.0524008314717,0.00782565336799,0.108274206792,0.0368718791809,0.18050715716,0.115565194923,0.375357310922,0.22418013987,0.484860154691,0.421340448781,0.647146684689,0.511055629364,0.724751009959,1.56929364478e-05,0.00154859527492,0.000249678118012,0.00304954528275,1.5798088085e-06,0.000153751631152,2.48310180478e-05,0.000300878747285,0.00015180613674,0.0146534558323,0.00263023854075,0.0324104923227,0.00265044980736,0.0676310265782,0.0231895498073,0.126326869145,0.0563234665338,0.315032878814,0.156401244508,0.414169234183,0.341804403658,0.609830348457,0.447478194645,0.681674685928,5.93108917895e-06,0.000575063603627,0.000100528167041,0.00121848724486,5.20549541852e-07,5.40777821654e-05,9.44667515231e-06,0.000113240045236
1095241752,34.3374999996,139.270833332,38,Shizuoka,4,510.4,1.19476361188,1.10351682886,0.2064,7.0,VII,5028465.89163,122.547,27.5368623615,58.2243774563,52.3522622204,24.5094,0.00372067732782,0.0649609345084,1.38045437066,8.37742085101,0.000145367437123,0.359147410376,1.65759588281,7.72126683999,14.9465759425,0.0140944638867,0.0644655684906,0.568361952048,3.83330066213,10.9674220638,0.00246388505728,0.794361720534,3.09619576663,10.1510394283,16.7074375473,0.0298643912792,4.24458777565e-05,0.00413436684159,0.00066841534445,0.00809800045197,0.000152947196504,0.0146886468374,0.00233118948189,0.0283176946561,8.77240091265e-05,0.00852137560751,0.00137283172221,0.0166404803056,0.000277069379591,0.0258250337271,0.00427254054834,0.0524008314717,0.00782565336799,0.108274206792,0.0368718791809,0.18050715716,0.115565194923,0.375357310922,0.22418013987,0.484860154691,0.421340448781,0.647146684689,0.511055629364,0.724751009959,1.56929364478e-05,0.00154859527492,0.000249678118012,0.00304954528275,1.5798088085e-06,0.000153751631152,2.48310180478e-05,0.000300878747285,0.00015180613674,0.0146534558323,0.00263023854075,0.0324104923227,0.00265044980736,0.0676310265782,0.0231895498073,0.126326869145,0.0563234665338,0.315032878814,0.156401244508,0.414169234183,0.341804403658,0.609830348457,0.447478194645,0.681674685928,5.93108917895e-06,0.000575063603627,0.000100528167041,0.00121848724486,5.20549541852e-07,5.40777821654e-05,9.44667515231e-06,0.000113240045236
1095241753,34.345833333,139.270833332,38,Shizuoka,4,510.4,1.19476361188,1.10351682886,0.2064,7.0,VII,6628619.94422,161.5438,36.2996188071,76.7524883263,69.0117536757,32.30876,0.00490466803847,0.0856327467179,1.81974136261,11.0432764447,0.000191626136821,0.473434987656,2.18507460627,10.1783216737,19.702862369,0.0185795919543,0.0849797457558,0.749225599233,5.0531302725,14.457465596,0.00324794042218,1.04714281794,4.08146449677,13.3812943866,22.0240638257,0.0393678119572,5.59529681438e-05,0.00545000147033,0.000881117895344,0.0106749391288,0.000201617920655,0.0193628552879,0.00307301857593,0.0373289268769,0.000115639467188,0.0112330403589,0.00180969304158,0.0219357995087,0.000277069379591,0.0258250337271,0.00427254054834,0.0524008314717,0.00782565336799,0.108274206792,0.0368718791809,0.18050715716,0.115565194923,0.375357310922,0.22418013987,0.484860154691,0.421340448781,0.647146684689,0.511055629364,0.724751009959,1.56929364478e-05,0.00154859527492,0.000249678118012,0.00304954528275,1.5798088085e-06,0.000153751631152,2.48310180478e-05,0.000300878747285,0.00015180613674,0.0146534558323,0.00263023854075,0.0324104923227,0.00265044980736,0.0676310265782,0.0231895498073,0.126326869145,0.0563234665338,0.315032878814,0.156401244508,0.414169234183,0.341804403658,0.609830348457,0.447478194645,0.681674685928,5.93108917895e-06,0.000575063603627,0.000100528167041,0.00121848724486,5.20549541852e-07,5.40777821654e-05,9.44667515231e-06,0.000113240045236
1095241756,34.370833333,139.270833332,38,Shizuoka,5,250.1,1.67065419247,1.7670342339,0.198,7.0,VII,6661150.87324,162.3366,36.4777645347,77.1291624713,69.3504390249,32.46732,4.46016292141e-05,0.00182307723206,0.124028207735,2.20913256515,1.93814882812e-06,0.0199596414966,0.180302971332,2.10356649513,7.22596506778,0.000923395973844,0.00185497428145,0.0387891327703,0.613229149996,3.71322397172,7.91875953506e-05,0.0606933420001,0.472920264919,3.48344831077,9.37509885904,0.00262931439191,7.80209521989e-07,0.000357299517435,2.70836768571e-05,0.000960996354844,2.9396800602e-06,0.00132949829076,9.82502696749e-05,0.00354532518822,1.62674698865e-06,0.000743113031413,5.60477541402e-05,0.00199529216103,3.23925068824e-06,0.00152041025464,0.000117805154314,0.00419730622267,0.000318984299911,0.0130102720702,0.00250611050183,0.0287846857263,0.0161709149767,0.0940156469162,0.0407259804114,0.155996374818,0.114882846116,0.258168304578,0.16047952899,0.345030306705,1.9322700934e-07,9.92851119512e-05,7.40994662609e-06,0.000268171862129,2.19801472758e-08,1.00582057661e-05,7.61263735723e-07,2.70386622356e-05,1.37373916954e-06,0.00061476098109,5.71335817507e-05,0.00186936716674,5.61511462004e-05,0.00555336785828,0.00119471310753,0.0145660394797,0.00382009379694,0.0647902720374,0.0188875814202,0.107290910083,0.0680417282717,0.222561180528,0.114368046754,0.288754934471,5.96953745527e-08,2.84407821109e-05,2.43899389758e-06,8.09834132264e-05,5.65843095946e-09,2.79539899332e-06,2.42709565486e-07,7.89053262628e-06
1095241757,34.3791666663,139.270833332,38,Shizuoka,5,343.8,1.43858735966,1.43231362844,0.198,7.0,VII,6660494.34592,162.3206,36.4741692627,77.1215605712,69.343603801,32.46412,4.45972332487e-05,0.00182289754839,0.124015983435,2.20891483162,1.93795780292e-06,0.0199576742614,0.180285200555,2.10335916625,7.225252872,0.000923304963342,0.00185479145399,0.0387853096883,0.613168709736,3.71285799397,7.91797905702e-05,0.0606873600251,0.472873653592,3.48310497986,9.37417484325,0.00262905524499,7.80132624036e-07,0.000357264301764,2.70810074725e-05,0.000960901638424,2.93939032344e-06,0.00132936725455,9.82405860649e-05,0.00354497575868,1.62658665542e-06,0.000743039789713,5.60422300374e-05,0.00199509550375,3.23925068824e-06,0.00152041025464,0.000117805154314,0.00419730622267,0.000318984299911,0.0130102720702,0.00250611050183,0.0287846857263,0.0161709149767,0.0940156469162,0.0407259804114,0.155996374818,0.114882846116,0.258168304578,0.16047952899,0.345030306705,1.9322700934e-07,9.92851119512e-05,7.40994662609e-06,0.000268171862129,2.19801472758e-08,1.00582057661e-05,7.61263735723e-07,2.70386622356e-05,1.37373916954e-06,0.00061476098109,5.71335817507e-05,0.00186936716674,5.61511462004e-05,0.00555336785828,0.00119471310753,0.0145660394797,0.00382009379694,0.0647902720374,0.0188875814202,0.107290910083,0.0680417282717,0.222561180528,0.114368046754,0.288754934471,5.96953745527e-08,2.84407821109e-05,2.43899389758e-06,8.09834132264e-05,5.65843095946e-09,2.79539899332e-06,2.42709565486e-07,7.89053262628e-06
1095241758,34.3874999996,139.270833332,38,Shizuoka,4,510.4,1.19476361188,1.10351682886,0.1569,6.0,VI,6656784.96652,162.2302,36.4538559759,77.0786098362,69.3049847854,32.44604,4.45723960446e-05,0.00182188233566,0.123946916139,2.20768463717,1.93687851055e-06,0.0199465593829,0.180184795664,2.10218775814,7.22122896586,0.000922790754001,0.00185375847883,0.0387637092753,0.612827222264,3.71079021969,7.91356935605e-05,0.0606535618668,0.472610299598,3.4811651602,9.36895415404,0.00262759106488,7.79698150597e-07,0.000357065333223,2.70659254492e-05,0.000960366490647,2.93775331073e-06,0.00132862689997,9.81858736688e-05,0.0035430014818,1.62568077265e-06,0.00074262597411,5.60110188566e-05,0.00199398439011,3.23925068824e-06,0.00152041025464,0.000117805154314,0.00419730622267,0.000318984299911,0.0130102720702,0.00250611050183,0.0287846857263,0.0161709149767,0.0940156469162,0.0407259804114,0.155996374818,0.114882846116,0.258168304578,0.16047952899,0.345030306705,1.9322700934e-07,9.92851119512e-05,7.40994662609e-06,0.000268171862129,2.19801472758e-08,1.00582057661e-05,7.61263735723e-07,2.70386622356e-05,1.37373916954e-06,0.00061476098109,5.71335817507e-05,0.00186936716674,5.61511462004e-05,0.00555336785828,0.00119471310753,0.0145660394797,0.00382009379694,0.0647902720374,0.0188875814202,0.107290910083,0.0680417282717,0.222561180528,0.114368046754,0.288754934471,5.96953745527e-08,2.84407821109e-05,2.43899389758e-06,8.09834132264e-05,5.65843095946e-09,2.79539899332e-06,2.42709565486e-07,7.89053262628e-06
1095241759,34.395833333,139.270833332,38,Shizuoka,4,510.4,1.19476361188,1.10351682886,0.1569,6.0,VI,6659164.87808,162.2882,36.4668888369,77.1061667237,69.3297624722,32.45764,4.45883314189e-05,0.00182253368896,0.123991229227,2.20847392122,1.9375709769e-06,0.0199536906103,0.180249214732,2.10293932529,7.22381067555,0.000923120667073,0.00185442122838,0.0387775679474,0.613046318208,3.71211688903,7.91639858897e-05,0.0606752465259,0.472779265656,3.48240973476,9.37230371128,0.00262853047247,7.7997690568e-07,0.00035719299003,2.70756019686e-05,0.000960709837672,2.9388036065e-06,0.00132910190623,9.82209767548e-05,0.00354426816387,1.62626198062e-06,0.000742891475271,5.60310437292e-05,0.00199469727275,3.23925068824e-06,0.00152041025464,0.000117805154314,0.00419730622267,0.000318984299911,0.0130102720702,0.00250611050183,0.0287846857263,0.0161709149767,0.0940156469162,0.0407259804114,0.155996374818,0.114882846116,0.258168304578,0.16047952899,0.345030306705,1.9322700934e-07,9.92851119512e-05,7.40994662609e-06,0.000268171862129,2.19801472758e-08,1.00582057661e-05,7.61263735723e-07,2.70386622356e-05,1.37373916954e-06,0.00061476098109,5.71335817507e-05,0.00186936716674,5.61511462004e-05,0.00555336785828,0.00119471310753,0.0145660394797,0.00382009379694,0.0647902720374,0.0188875814202,0.107290910083,0.0680417282717,0.222561180528,0.114368046754,0.288754934471,5.96953745527e-08,2.84407821109e-05,2.43899389758e-06,8.09834132264e-05,5.65843095946e-09,2.79539899332e-06,2.42709565486e-07,7.89053262628e-06
1095241774,34.520833333,139.270833332,38,Shizuoka,4,510.4,1.19476361188,1.10351682886,0.0415,5.0,V,3806176.14174,92.759,20.8433647155,44.0715401312,39.6267839385,18.5518,0.0,0.0,0.0,0.0,0.0,0.0,0.0,0.0,0.0,0.0,0.0,0.0,0.0,0.0,0.0,0.0,0.0,0.0,0.0,0.0,0.0,0.0,0.0,0.0,0.0,0.0,0.0,0.0,0.0,0.0,0.0,0.0,0.0,0.0,0.0,0.0,0.0,0.0,0.0,0.0,0.0,0.0,0.0,0.0,0.0,0.0,0.0,0.0,0.0,0.0,0.0,0.0,0.0,0.0,0.0,0.0,0.0,0.0,0.0,0.0,0.0,0.0,0.0,0.0,0.0,0.0,0.0,0.0,0.0,0.0,0.0,0.0,0.0,0.0,0.0,0.0,0.0,0.0,0.0,0.0
1095241775,34.5291666663,139.270833332,38,Shizuoka,4,510.4,1.19476361188,1.10351682886,0.0415,5.0,V,2166318.59908,52.7946,11.8631841957,25.0837043587,22.5539323119,10.55892,0.0,0.0,0.0,0.0,0.0,0.0,0.0,0.0,0.0,0.0,0.0,0.0,0.0,0.0,0.0,0.0,0.0,0.0,0.0,0.0,0.0,0.0,0.0,0.0,0.0,0.0,0.0,0.0,0.0,0.0,0.0,0.0,0.0,0.0,0.0,0.0,0.0,0.0,0.0,0.0,0.0,0.0,0.0,0.0,0.0,0.0,0.0,0.0,0.0,0.0,0.0,0.0,0.0,0.0,0.0,0.0,0.0,0.0,0.0,0.0,0.0,0.0,0.0,0.0,0.0,0.0,0.0,0.0,0.0,0.0,0.0,0.0,0.0,0.0,0.0,0.0,0.0,0.0,0.0,0.0
1095307286,34.320833333,139.279166665,38,Shizuoka,0,0.0,1.0,1.0,0.205,7.0,VII,185070.950011,4.5103,1.01348470635,2.14292809812,1.92680692545,0.90206,0.000136938243708,0.00239086475322,0.0508071462214,0.308328080364,5.35019830477e-06,0.0132182963681,0.0610072438351,0.284178558663,0.550103564129,0.000518741874288,0.00237263297807,0.0209183652992,0.141083306621,0.403652180261,9.06824383613e-05,0.0292362087046,0.113954415581,0.373605499387,0.614911467188,0.0010991486041,1.5622058675e-06,0.000152163943349,2.46007958422e-05,0.000298044109105,5.62916873029e-06,0.000540610572518,8.57986235498e-05,0.00104222296921,3.22865185083e-06,0.000313626285446,5.05265972785e-05,0.00061244712904,0.000277069379591,0.0258250337271,0.00427254054834,0.0524008314717,0.00782565336799,0.108274206792,0.0368718791809,0.18050715716,0.115565194923,0.375357310922,0.22418013987,0.484860154691,0.421340448781,0.647146684689,0.511055629364,0.724751009959,1.56929364478e-05,0.00154859527492,0.000249678118012,0.00304954528275,1.5798088085e-06,0.000153751631152,2.48310180478e-05,0.000300878747285,0.00015180613674,0.0146534558323,0.00263023854075,0.0324104923227,0.00265044980736,0.0676310265782,0.0231895498073,0.126326869145,0.0563234665338,0.315032878814,0.156401244508,0.414169234183,0.341804403658,0.609830348457,0.447478194645,0.681674685928,5.93108917895e-06,0.000575063603627,0.000100528167041,0.00121848724486,5.20549541852e-07,5.40777821654e-05,9.44667515231e-06,0.000113240045236
1095307287,34.3291666663,139.279166665,38,Shizuoka,4,510.4,1.19476361188,1.10351682886,0.205,7.0,VII,732849.448733,17.86002,4.01322686409,8.48563037737,7.62982733404,3.572004,0.000542252127661,0.00946741731368,0.201187647752,1.22092669708,2.11858742716e-05,0.0523422028467,0.241578297461,1.12529870325,2.17831644401,0.00205412949241,0.00939522258851,0.08283316467,0.558665870986,1.59839390118,0.000359087014784,0.115770408219,0.451240081895,1.47941416118,2.43494470483,0.00435244131259,6.18606922771e-06,0.000602543305655,9.74149625873e-05,0.00118020392202,2.22905496544e-05,0.00214072581367,0.000339747939732,0.00412702549154,1.27849115644e-05,0.00124190668705,0.00020007672171,0.00242518634539,0.000277069379591,0.0258250337271,0.00427254054834,0.0524008314717,0.00782565336799,0.108274206792,0.0368718791809,0.18050715716,0.115565194923,0.375357310922,0.22418013987,0.484860154691,0.421340448781,0.647146684689,0.511055629364,0.724751009959,1.56929364478e-05,0.00154859527492,0.000249678118012,0.00304954528275,1.5798088085e-06,0.000153751631152,2.48310180478e-05,0.000300878747285,0.00015180613674,0.0146534558323,0.00263023854075,0.0324104923227,0.00265044980736,0.0676310265782,0.0231895498073,0.126326869145,0.0563234665338,0.315032878814,0.156401244508,0.414169234183,0.341804403658,0.609830348457,0.447478194645,0.681674685928,5.93108917895e-06,0.000575063603627,0.000100528167041,0.00121848724486,5.20549541852e-07,5.40777821654e-05,9.44667515231e-06,0.000113240045236
1095307289,34.345833333,139.279166665,38,Shizuoka,0,0.0,1.0,1.0,0.2064,7.0,VII,861675.702693,20.9996,4.7187046182,9.9773037025,8.9710606194,4.19992,0.000637573629818,0.0111316771549,0.236554053564,1.43555115101,2.49101000645e-05,0.0615433422191,0.284044901146,1.32311288839,2.56123867709,0.00241522113015,0.0110467914521,0.0973942540268,0.656872714832,1.87937261925,0.00042221025932,0.136121474916,0.530562744261,1.73947765003,2.86297914692,0.00511754894943,7.2735069364e-06,0.000708463282876,0.000114539359326,0.00138766979437,2.6208964297e-05,0.00251704005912,0.000399471603906,0.00485250769664,1.50323476058e-05,0.00146021917474,0.00023524783988,0.00285150538345,0.000277069379591,0.0258250337271,0.00427254054834,0.0524008314717,0.00782565336799,0.108274206792,0.0368718791809,0.18050715716,0.115565194923,0.375357310922,0.22418013987,0.484860154691,0.421340448781,0.647146684689,0.511055629364,0.724751009959,1.56929364478e-05,0.00154859527492,0.000249678118012,0.00304954528275,1.5798088085e-06,0.000153751631152,2.48310180478e-05,0.000300878747285,0.00015180613674,0.0146534558323,0.00263023854075,0.0324104923227,0.00265044980736,0.0676310265782,0.0231895498073,0.126326869145,0.0563234665338,0.315032878814,0.156401244508,0.414169234183,0.341804403658,0.609830348457,0.447478194645,0.681674685928,5.93108917895e-06,0.000575063603627,0.000100528167041,0.00121848724486,5.20549541852e-07,5.40777821654e-05,9.44667515231e-06,0.000113240045236
1095307292,34.370833333,139.279166665,38,Shizuoka,0,0.0,1.0,1.0,0.198,7.0,VII,834314.926366,20.3328,4.5688716576,9.66049452,8.6862026592,4.06656,5.5863927573e-06,0.000228342005093,0.0155346406309,0.276695770521,2.42754822341e-07,0.00249996241526,0.0225831035978,0.263473528656,0.905058394288,0.000115656146901,0.000232337138204,0.00485837253454,0.0768074831002,0.465084524206,9.91831502413e-06,0.00760189374558,0.0592336735064,0.436304923309,1.17423926632,0.00032932390889,9.77219195715e-08,4.47520745667e-05,3.39225402529e-06,0.000120365627245,3.68197478129e-07,0.000166520814446,1.23059315228e-05,0.000444055055896,2.03751471762e-07,9.30755519403e-05,7.02002983542e-06,0.000249912074368,3.23925068824e-06,0.00152041025464,0.000117805154314,0.00419730622267,0.000318984299911,0.0130102720702,0.00250611050183,0.0287846857263,0.0161709149767,0.0940156469162,0.0407259804114,0.155996374818,0.114882846116,0.258168304578,0.16047952899,0.345030306705,1.9322700934e-07,9.92851119512e-05,7.40994662609e-06,0.000268171862129,2.19801472758e-08,1.00582057661e-05,7.61263735723e-07,2.70386622356e-05,1.37373916954e-06,0.00061476098109,5.71335817507e-05,0.00186936716674,5.61511462004e-05,0.00555336785828,0.00119471310753,0.0145660394797,0.00382009379694,0.0647902720374,0.0188875814202,0.107290910083,0.0680417282717,0.222561180528,0.114368046754,0.288754934471,5.96953745527e-08,2.84407821109e-05,2.43899389758e-06,8.09834132264e-05,5.65843095946e-09,2.79539899332e-06,2.42709565486e-07,7.89053262628e-06
1095307293,34.3791666663,139.279166665,38,Shizuoka,0,0.0,1.0,1.0,0.198,7.0,VII,1105559.19126,26.9432,6.0542582844,12.801219505,11.5101754548,5.38864,7.40258583857e-06,0.000302578312461,0.0205851102379,0.366652378634,3.21676883129e-07,0.00331272561314,0.0299251001758,0.349131451512,1.19930207984,0.000153257136114,0.000307872303965,0.00643787883974,0.101778376744,0.616288231458,1.31428600762e-05,0.0100733466894,0.0784911429817,0.578152089712,1.55599639009,0.000436390459848,1.29492309146e-07,5.93014289947e-05,4.49511029735e-06,0.000159497716398,4.87902221668e-07,0.00022065842421,1.63067149731e-05,0.000588421869198,2.69993146737e-07,0.000123335360159,9.30231290633e-06,0.000331161030557,3.23925068824e-06,0.00152041025464,0.000117805154314,0.00419730622267,0.000318984299911,0.0130102720702,0.00250611050183,0.0287846857263,0.0161709149767,0.0940156469162,0.0407259804114,0.155996374818,0.114882846116,0.258168304578,0.16047952899,0.345030306705,1.9322700934e-07,9.92851119512e-05,7.40994662609e-06,0.000268171862129,2.19801472758e-08,1.00582057661e-05,7.61263735723e-07,2.70386622356e-05,1.37373916954e-06,0.00061476098109,5.71335817507e-05,0.00186936716674,5.61511462004e-05,0.00555336785828,0.00119471310753,0.0145660394797,0.00382009379694,0.0647902720374,0.0188875814202,0.107290910083,0.0680417282717,0.222561180528,0.114368046754,0.288754934471,5.96953745527e-08,2.84407821109e-05,2.43899389758e-06,8.09834132264e-05,5.65843095946e-09,2.79539899332e-06,2.42709565486e-07,7.89053262628e-06
1095307294,34.3874999996,139.279166665,38,Shizuoka,0,0.0,1.0,1.0,0.1569,6.0,VI,1980570.60527,48.2678,10.8459918651,22.9329368013,20.6200765617,9.65356,1.32614734975e-05,0.000542058458915,0.0368775046744,0.656844906374,5.76272879966e-07,0.00593463201662,0.053609769822,0.625456778529,2.1485077099,0.000274554796554,0.000551542459446,0.0115332346663,0.182332400495,1.10405880142,2.35449739299e-05,0.0180460481062,0.140614136079,1.03573923795,2.78751308521,0.000781778238586,2.31980940623e-07,0.000106236434961,8.05283280422e-06,0.000285734577762,8.74059757381e-07,0.000395301845664,2.92129092677e-05,0.00105413718853,4.83683274744e-07,0.000220950981957,1.66647680639e-05,0.000593263398213,3.23925068824e-06,0.00152041025464,0.000117805154314,0.00419730622267,0.000318984299911,0.0130102720702,0.00250611050183,0.0287846857263,0.0161709149767,0.0940156469162,0.0407259804114,0.155996374818,0.114882846116,0.258168304578,0.16047952899,0.345030306705,1.9322700934e-07,9.92851119512e-05,7.40994662609e-06,0.000268171862129,2.19801472758e-08,1.00582057661e-05,7.61263735723e-07,2.70386622356e-05,1.37373916954e-06,0.00061476098109,5.71335817507e-05,0.00186936716674,5.61511462004e-05,0.00555336785828,0.00119471310753,0.0145660394797,0.00382009379694,0.0647902720374,0.0188875814202,0.107290910083,0.0680417282717,0.222561180528,0.114368046754,0.288754934471,5.96953745527e-08,2.84407821109e-05,2.43899389758e-06,8.09834132264e-05,5.65843095946e-09,2.79539899332e-06,2.42709565486e-07,7.89053262628e-06
1095307295,34.395833333,139.279166665,38,Shizuoka,5,372.1,1.38608529174,1.3594543158,0.1569,6.0,VI,5124934.37565,124.898,28.065142641,59.3413816375,53.356612947,24.9796,3.43154549595e-05,0.00140263317163,0.09542441501,1.69965515554,1.49116657818e-06,0.0153564834032,0.138720907753,1.61843507939,5.55948926512,0.000710439360817,0.0014271740187,0.0298434555408,0.471804228845,2.85686806069,6.09250919639e-05,0.0466960440783,0.363853839786,2.68008401752,7.21298276111,0.00202293326903,6.00275038885e-07,0.000274897928924,2.08375503251e-05,0.000739368218426,2.26172138729e-06,0.00102288502728,7.55914697108e-05,0.00272769064621,1.25158125394e-06,0.000571733862834,4.31218369523e-05,0.00153513132792,3.23925068824e-06,0.00152041025464,0.000117805154314,0.00419730622267,0.000318984299911,0.0130102720702,0.00250611050183,0.0287846857263,0.0161709149767,0.0940156469162,0.0407259804114,0.155996374818,0.114882846116,0.258168304578,0.16047952899,0.345030306705,1.9322700934e-07,9.92851119512e-05,7.40994662609e-06,0.000268171862129,2.19801472758e-08,1.00582057661e-05,7.61263735723e-07,2.70386622356e-05,1.37373916954e-06,0.00061476098109,5.71335817507e-05,0.00186936716674,5.61511462004e-05,0.00555336785828,0.00119471310753,0.0145660394797,0.00382009379694,0.0647902720374,0.0188875814202,0.107290910083,0.0680417282717,0.222561180528,0.114368046754,0.288754934471,5.96953745527e-08,2.84407821109e-05,2.43899389758e-06,8.09834132264e-05,5.65843095946e-09,2.79539899332e-06,2.42709565486e-07,7.89053262628e-06
1095307298,34.420833333,139.279166665,38,Shizuoka,16,260.2,1.63985546931,1.72146099602,0.1281,6.0,VI,2511939.20347,61.2176,13.7558701992,29.08562959,26.1522505464,12.24352,1.68194029971e-05,0.000687487681528,0.0467713948047,0.833070260929,7.30881512243e-07,0.0075268383672,0.0679927704402,0.793260991495,2.72493226502,0.00034821528459,0.000699516150837,0.0146274938263,0.23125048087,1.40026746779,2.98618705648e-05,0.0228876342933,0.17833959569,1.31361840343,3.53537681529,0.000991522039506,2.9421926068e-07,0.000134738678391,1.02133326457e-05,0.000362394496696,1.10856182804e-06,0.000501357639401,3.70504600247e-05,0.00133695235235,6.1345098057e-07,0.000280230067106,2.11357697146e-05,0.000752430427871,3.23925068824e-06,0.00152041025464,0.000117805154314,0.00419730622267,0.000318984299911,0.0130102720702,0.00250611050183,0.0287846857263,0.0161709149767,0.0940156469162,0.0407259804114,0.155996374818,0.114882846116,0.258168304578,0.16047952899,0.345030306705,1.9322700934e-07,9.92851119512e-05,7.40994662609e-06,0.000268171862129,2.19801472758e-08,1.00582057661e-05,7.61263735723e-07,2.70386622356e-05,1.37373916954e-06,0.00061476098109,5.71335817507e-05,0.00186936716674,5.61511462004e-05,0.00555336785828,0.00119471310753,0.0145660394797,0.00382009379694,0.0647902720374,0.0188875814202,0.107290910083,0.0680417282717,0.222561180528,0.114368046754,0.288754934471,5.96953745527e-08,2.84407821109e-05,2.43899389758e-06,8.09834132264e-05,5.65843095946e-09,2.79539899332e-06,2.42709565486e-07,7.89053262628e-06
1095307299,34.4291666663,139.279166665,38,Shizuoka,4,510.4,1.19476361188,1.10351682886,0.1281,6.0,VI,1607318.40704,39.1714,8.8019898513,18.6110666038,16.7340808371,7.83428,1.07622573012e-05,0.000439903801655,0.0299276844315,0.533057950964,4.6767027895e-07,0.00481620965894,0.0435066387448,0.507585132417,1.74360660539,0.000222813050476,0.000447600476838,0.00935971700403,0.147970601369,0.89599130132,1.91077611119e-05,0.0146451458071,0.114114431775,0.840547031049,2.26218700803,0.000634446734572,1.88262531491e-07,8.62154456681e-05,6.53522089068e-06,0.000231885924765,7.09337164325e-07,0.00032080448492,2.37075349215e-05,0.000855477760886,3.92529823781e-07,0.000179311244653,1.35241775208e-05,0.000481458816784,3.23925068824e-06,0.00152041025464,0.000117805154314,0.00419730622267,0.000318984299911,0.0130102720702,0.00250611050183,0.0287846857263,0.0161709149767,0.0940156469162,0.0407259804114,0.155996374818,0.114882846116,0.258168304578,0.16047952899,0.345030306705,1.9322700934e-07,9.92851119512e-05,7.40994662609e-06,0.000268171862129,2.19801472758e-08,1.00582057661e-05,7.61263735723e-07,2.70386622356e-05,1.37373916954e-06,0.00061476098109,5.71335817507e-05,0.00186936716674,5.61511462004e-05,0.00555336785828,0.00119471310753,0.0145660394797,0.00382009379694,0.0647902720374,0.0188875814202,0.107290910083,0.0680417282717,0.222561180528,0.114368046754,0.288754934471,5.96953745527e-08,2.84407821109e-05,2.43899389758e-06,8.09834132264e-05,5.65843095946e-09,2.79539899332e-06,2.42709565486e-07,7.89053262628e-06
1095307310,34.520833333,139.279166665,38,Shizuoka,4,510.4,1.19476361188,1.10351682886,0.0415,5.0,V,4364068.44392,106.3552,23.8984920384,50.53134968,45.4351009728,21.27104,0.0,0.0,0.0,0.0,0.0,0.0,0.0,0.0,0.0,0.0,0.0,0.0,0.0,0.0,0.0,0.0,0.0,0.0,0.0,0.0,0.0,0.0,0.0,0.0,0.0,0.0,0.0,0.0,0.0,0.0,0.0,0.0,0.0,0.0,0.0,0.0,0.0,0.0,0.0,0.0,0.0,0.0,0.0,0.0,0.0,0.0,0.0,0.0,0.0,0.0,0.0,0.0,0.0,0.0,0.0,0.0,0.0,0.0,0.0,0.0,0.0,0.0,0.0,0.0,0.0,0.0,0.0,0.0,0.0,0.0,0.0,0.0,0.0,0.0,0.0,0.0,0.0,0.0,0.0,0.0
1095307311,34.5291666663,139.279166665,38,Shizuoka,4,510.4,1.19476361188,1.10351682886,0.0415,5.0,V,3623891.32957,88.3166,19.8451374447,41.9608725963,37.7289839949,17.66332,0.0,0.0,0.0,0.0,0.0,0.0,0.0,0.0,0.0,0.0,0.0,0.0,0.0,0.0,0.0,0.0,0.0,0.0,0.0,0.0,0.0,0.0,0.0,0.0,0.0,0.0,0.0,0.0,0.0,0.0,0.0,0.0,0.0,0.0,0.0,0.0,0.0,0.0,0.0,0.0,0.0,0.0,0.0,0.0,0.0,0.0,0.0,0.0,0.0,0.0,0.0,0.0,0.0,0.0,0.0,0.0,0.0,0.0,0.0,0.0,0.0,0.0,0.0,0.0,0.0,0.0,0.0,0.0,0.0,0.0,0.0,0.0,0.0,0.0,0.0,0.0,0.0,0.0,0.0,0.0
1095372831,34.395833333,139.287499999,38,Shizuoka,20,183.2,1.93385999499,2.17004725042,0.1413,6.0,VI,181785.030743,4.43022,0.99549036999,2.10488058863,1.89259662933,0.886044,1.21719334874e-06,4.9752386184e-05,0.00338477118822,0.0602879650848,5.28927284501e-08,0.000544705278729,0.00492052827062,0.0574070317971,0.19719899864,2.51997843447e-05,5.06228673088e-05,0.00105856838065,0.0167352281919,0.101335121618,2.16105590898e-06,0.00165634156189,0.0129061518847,0.095064467134,0.255849577158,7.17548673888e-05,2.12921782796e-08,9.75082309307e-06,7.39122581636e-07,2.62259112927e-05,8.02248500728e-08,3.62824521254e-05,2.68128265419e-06,9.67531077734e-05,4.43944683088e-08,2.02798026694e-05,1.52956191855e-06,5.4452189079e-05,3.23925068824e-06,0.00152041025464,0.000117805154314,0.00419730622267,0.000318984299911,0.0130102720702,0.00250611050183,0.0287846857263,0.0161709149767,0.0940156469162,0.0407259804114,0.155996374818,0.114882846116,0.258168304578,0.16047952899,0.345030306705,1.9322700934e-07,9.92851119512e-05,7.40994662609e-06,0.000268171862129,2.19801472758e-08,1.00582057661e-05,7.61263735723e-07,2.70386622356e-05,1.37373916954e-06,0.00061476098109,5.71335817507e-05,0.00186936716674,5.61511462004e-05,0.00555336785828,0.00119471310753,0.0145660394797,0.00382009379694,0.0647902720374,0.0188875814202,0.107290910083,0.0680417282717,0.222561180528,0.114368046754,0.288754934471,5.96953745527e-08,2.84407821109e-05,2.43899389758e-06,8.09834132264e-05,5.65843095946e-09,2.79539899332e-06,2.42709565486e-07,7.89053262628e-06
1095372834,34.420833333,139.287499999,38,Shizuoka,4,510.4,1.19476361188,1.10351682886,0.1279,6.0,VI,6045328.2411,147.3286,33.1053993987,69.9985802713,62.9389989129,29.46572,4.04782137228e-05,0.00165453395162,0.112561814194,2.00489851357,1.75896719186e-06,0.0181143749357,0.163633982369,1.90909201458,6.55792542831,0.00083802812226,0.00168348212246,0.0352030819067,0.556536185605,3.36993684259,7.18667112677e-05,0.0550822495124,0.429198840816,3.16140391506,8.50837204773,0.00238623457877,7.08079241412e-07,0.00032426721814,2.45797940465e-05,0.000872152352361,2.66790697672e-06,0.00120658632668,8.9167043543e-05,0.00321756028231,1.47635441664e-06,0.000674412317122,5.08661457158e-05,0.00181082763022,3.23925068824e-06,0.00152041025464,0.000117805154314,0.00419730622267,0.000318984299911,0.0130102720702,0.00250611050183,0.0287846857263,0.0161709149767,0.0940156469162,0.0407259804114,0.155996374818,0.114882846116,0.258168304578,0.16047952899,0.345030306705,1.9322700934e-07,9.92851119512e-05,7.40994662609e-06,0.000268171862129,2.19801472758e-08,1.00582057661e-05,7.61263735723e-07,2.70386622356e-05,1.37373916954e-06,0.00061476098109,5.71335817507e-05,0.00186936716674,5.61511462004e-05,0.00555336785828,0.00119471310753,0.0145660394797,0.00382009379694,0.0647902720374,0.0188875814202,0.107290910083,0.0680417282717,0.222561180528,0.114368046754,0.288754934471,5.96953745527e-08,2.84407821109e-05,2.43899389758e-06,8.09834132264e-05,5.65843095946e-09,2.79539899332e-06,2.42709565486e-07,7.89053262628e-06
1095372835,34.4291666663,139.287499999,38,Shizuoka,4,510.4,1.19476361188,1.10351682886,0.1279,6.0,VI,2046223.3379,49.8678,11.2055190651,23.6931268013,21.3035989617,9.97356,1.37010700318e-05,0.000560026825699,0.0380999346894,0.678618259421,5.95375399823e-07,0.00613135553056,0.0553868475366,0.646189665581,2.21972728767,0.00028365584683,0.000569825205606,0.0119155428607,0.188376426549,1.14065657638,2.43254519771e-05,0.0186442455995,0.145275268713,1.07007232917,2.87991466424,0.000807692930819,2.39670735993e-07,0.00010975800205,8.31977127017e-06,0.000295206219818,9.03033433658e-07,0.000408405466568,3.01812702625e-05,0.00108908014226,4.99716597986e-07,0.000228275151924,1.72171783437e-05,0.000612929126444,3.23925068824e-06,0.00152041025464,0.000117805154314,0.00419730622267,0.000318984299911,0.0130102720702,0.00250611050183,0.0287846857263,0.0161709149767,0.0940156469162,0.0407259804114,0.155996374818,0.114882846116,0.258168304578,0.16047952899,0.345030306705,1.9322700934e-07,9.92851119512e-05,7.40994662609e-06,0.000268171862129,2.19801472758e-08,1.00582057661e-05,7.61263735723e-07,2.70386622356e-05,1.37373916954e-06,0.00061476098109,5.71335817507e-05,0.00186936716674,5.61511462004e-05,0.00555336785828,0.00119471310753,0.0145660394797,0.00382009379694,0.0647902720374,0.0188875814202,0.107290910083,0.0680417282717,0.222561180528,0.114368046754,0.288754934471,5.96953745527e-08,2.84407821109e-05,2.43899389758e-06,8.09834132264e-05,5.65843095946e-09,2.79539899332e-06,2.42709565486e-07,7.89053262628e-06
1095372840,34.470833333,139.287499999,38,Shizuoka,0,0.0,1.0,1.0,0.102,6.0,VI,419533.271446,10.2243,2.29744621935,4.85775663562,4.36783629645,2.04486,2.80910427823e-06,0.000114821232819,0.00781155700161,0.139135808474,1.22068683608e-07,0.00125710013979,0.0113558597987,0.132487035678,0.455106455614,5.81574177073e-05,0.000116830175979,0.00244302104506,0.038622459743,0.233866644084,4.9874010614e-06,0.00382259414458,0.0297855114904,0.219394890393,0.590463415302,0.00016559974237,4.91392342557e-08,2.25034739924e-05,1.70578684838e-06,6.05255686693e-05,1.85147223975e-07,8.37345945044e-05,6.18800832491e-06,0.000223292026086,1.02455941766e-07,4.68028193708e-05,3.53000526471e-06,0.000125667690724,3.23925068824e-06,0.00152041025464,0.000117805154314,0.00419730622267,0.000318984299911,0.0130102720702,0.00250611050183,0.0287846857263,0.0161709149767,0.0940156469162,0.0407259804114,0.155996374818,0.114882846116,0.258168304578,0.16047952899,0.345030306705,1.9322700934e-07,9.92851119512e-05,7.40994662609e-06,0.000268171862129,2.19801472758e-08,1.00582057661e-05,7.61263735723e-07,2.70386622356e-05,1.37373916954e-06,0.00061476098109,5.71335817507e-05,0.00186936716674,5.61511462004e-05,0.00555336785828,0.00119471310753,0.0145660394797,0.00382009379694,0.0647902720374,0.0188875814202,0.107290910083,0.0680417282717,0.222561180528,0.114368046754,0.288754934471,5.96953745527e-08,2.84407821109e-05,2.43899389758e-06,8.09834132264e-05,5.65843095946e-09,2.79539899332e-06,2.42709565486e-07,7.89053262628e-06
1095372841,34.4791666663,139.287499999,38,Shizuoka,4,510.4,1.19476361188,1.10351682886,0.102,6.0,VI,142635.485611,3.47612,0.78109980654,1.65156978925,1.48500367818,0.695224,9.55056440406e-07,3.9037624466e-05,0.00265582088988,0.047304242496,4.1501657078e-08,0.000427396588318,0.0038608346159,0.0450437520869,0.154729874171,1.97727143023e-05,3.97206372391e-05,0.000830593225467,0.0131310999053,0.0795114109362,1.69564709345e-06,0.00129962891913,0.0101266602312,0.0745912156719,0.200749360562,5.63016124769e-05,1.67066571776e-08,7.65086861832e-06,5.7994383766e-07,2.05778527393e-05,6.29474847377e-08,2.84685991851e-05,2.10383688843e-06,7.59161876821e-05,3.48335972429e-08,1.5912308566e-05,1.20015276359e-06,4.27252695129e-05,3.23925068824e-06,0.00152041025464,0.000117805154314,0.00419730622267,0.000318984299911,0.0130102720702,0.00250611050183,0.0287846857263,0.0161709149767,0.0940156469162,0.0407259804114,0.155996374818,0.114882846116,0.258168304578,0.16047952899,0.345030306705,1.9322700934e-07,9.92851119512e-05,7.40994662609e-06,0.000268171862129,2.19801472758e-08,1.00582057661e-05,7.61263735723e-07,2.70386622356e-05,1.37373916954e-06,0.00061476098109,5.71335817507e-05,0.00186936716674,5.61511462004e-05,0.00555336785828,0.00119471310753,0.0145660394797,0.00382009379694,0.0647902720374,0.0188875814202,0.107290910083,0.0680417282717,0.222561180528,0.114368046754,0.288754934471,5.96953745527e-08,2.84407821109e-05,2.43899389758e-06,8.09834132264e-05,5.65843095946e-09,2.79539899332e-06,2.42709565486e-07,7.89053262628e-06
1095372846,34.520833333,139.287499999,38,Shizuoka,4,510.4,1.19476361188,1.10351682886,0.0405,5.0,V,3565164.96022,86.8854,19.5235403643,41.2808826412,37.1175732081,17.37708,0.0,0.0,0.0,0.0,0.0,0.0,0.0,0.0,0.0,0.0,0.0,0.0,0.0,0.0,0.0,0.0,0.0,0.0,0.0,0.0,0.0,0.0,0.0,0.0,0.0,0.0,0.0,0.0,0.0,0.0,0.0,0.0,0.0,0.0,0.0,0.0,0.0,0.0,0.0,0.0,0.0,0.0,0.0,0.0,0.0,0.0,0.0,0.0,0.0,0.0,0.0,0.0,0.0,0.0,0.0,0.0,0.0,0.0,0.0,0.0,0.0,0.0,0.0,0.0,0.0,0.0,0.0,0.0,0.0,0.0,0.0,0.0,0.0,0.0,0.0,0.0,0.0,0.0,0.0,0.0
1095372847,34.5291666663,139.287499999,38,Shizuoka,4,510.4,1.19476361188,1.10351682886,0.0405,5.0,V,2955119.76855,72.0182,16.1828136219,34.2171971612,30.7662830673,14.40364,0.0,0.0,0.0,0.0,0.0,0.0,0.0,0.0,0.0,0.0,0.0,0.0,0.0,0.0,0.0,0.0,0.0,0.0,0.0,0.0,0.0,0.0,0.0,0.0,0.0,0.0,0.0,0.0,0.0,0.0,0.0,0.0,0.0,0.0,0.0,0.0,0.0,0.0,0.0,0.0,0.0,0.0,0.0,0.0,0.0,0.0,0.0,0.0,0.0,0.0,0.0,0.0,0.0,0.0,0.0,0.0,0.0,0.0,0.0,0.0,0.0,0.0,0.0,0.0,0.0,0.0,0.0,0.0,0.0,0.0,0.0,0.0,0.0,0.0,0.0,0.0,0.0,0.0,0.0,0.0
1095438376,34.470833333,139.295833332,38,Shizuoka,16,260.2,1.63985546931,1.72146099602,0.102,6.0,VI,2209083.14781,53.8368,12.0973712256,25.57887312,22.9991617152,10.76736,1.47915441846e-05,0.000604599605553,0.0411323251454,0.732629783323,6.42761588143e-07,0.00661935279735,0.0597951109425,0.697620183525,2.39639635277,0.000306232139669,0.0006151778428,0.0128639061255,0.203369388681,1.23144193189,2.6261525333e-05,0.0201281492565,0.156837790852,1.1552398536,3.10912833122,0.000871977564238,2.58746234635e-07,0.00011849368941,8.98194550227e-06,0.000318701811893,9.74906259372e-07,0.000440910636172,3.25834107554e-05,0.00117576050683,5.39489260453e-07,0.000246443671049,1.8587501094e-05,0.000661712423539,3.23925068824e-06,0.00152041025464,0.000117805154314,0.00419730622267,0.000318984299911,0.0130102720702,0.00250611050183,0.0287846857263,0.0161709149767,0.0940156469162,0.0407259804114,0.155996374818,0.114882846116,0.258168304578,0.16047952899,0.345030306705,1.9322700934e-07,9.92851119512e-05,7.40994662609e-06,0.000268171862129,2.19801472758e-08,1.00582057661e-05,7.61263735723e-07,2.70386622356e-05,1.37373916954e-06,0.00061476098109,5.71335817507e-05,0.00186936716674,5.61511462004e-05,0.00555336785828,0.00119471310753,0.0145660394797,0.00382009379694,0.0647902720374,0.0188875814202,0.107290910083,0.0680417282717,0.222561180528,0.114368046754,0.288754934471,5.96953745527e-08,2.84407821109e-05,2.43899389758e-06,8.09834132264e-05,5.65843095946e-09,2.79539899332e-06,2.42709565486e-07,7.89053262628e-06
1095438377,34.4791666663,139.295833332,38,Shizuoka,0,0.0,1.0,1.0,0.102,6.0,VI,29202.827873,0.711692,0.159920395014,0.338138213425,0.304035889938,0.1423384,1.9553583541e-07,7.99246430834e-06,0.000543746038906,0.00968495073543,8.49694410123e-09,8.75040944308e-05,0.000790457495559,0.00922214365737,0.0316790023385,4.04821542041e-06,8.13230261267e-06,0.000170053552184,0.00268842811922,0.016278964786,3.47162488991e-07,0.000266082731526,0.00207330675387,0.0152716164758,0.0411009153647,1.15270494652e-05,3.42047865437e-09,1.56641945293e-06,1.18736231693e-07,4.21305742372e-06,1.28877085106e-08,5.82858885518e-06,4.30734233226e-07,1.55428878876e-05,7.13174242805e-09,3.25784573258e-06,2.45716235522e-07,8.7474634104e-06,3.23925068824e-06,0.00152041025464,0.000117805154314,0.00419730622267,0.000318984299911,0.0130102720702,0.00250611050183,0.0287846857263,0.0161709149767,0.0940156469162,0.0407259804114,0.155996374818,0.114882846116,0.258168304578,0.16047952899,0.345030306705,1.9322700934e-07,9.92851119512e-05,7.40994662609e-06,0.000268171862129,2.19801472758e-08,1.00582057661e-05,7.61263735723e-07,2.70386622356e-05,1.37373916954e-06,0.00061476098109,5.71335817507e-05,0.00186936716674,5.61511462004e-05,0.00555336785828,0.00119471310753,0.0145660394797,0.00382009379694,0.0647902720374,0.0188875814202,0.107290910083,0.0680417282717,0.222561180528,0.114368046754,0.288754934471,5.96953745527e-08,2.84407821109e-05,2.43899389758e-06,8.09834132264e-05,5.65843095946e-09,2.79539899332e-06,2.42709565486e-07,7.89053262628e-06
1095438382,34.520833333,139.295833332,38,Shizuoka,0,0.0,1.0,1.0,0.0405,5.0,V,153056.215599,3.73008,0.83816576136,1.772230947,1.59349577112,0.746016,0.0,0.0,0.0,0.0,0.0,0.0,0.0,0.0,0.0,0.0,0.0,0.0,0.0,0.0,0.0,0.0,0.0,0.0,0.0,0.0,0.0,0.0,0.0,0.0,0.0,0.0,0.0,0.0,0.0,0.0,0.0,0.0,0.0,0.0,0.0,0.0,0.0,0.0,0.0,0.0,0.0,0.0,0.0,0.0,0.0,0.0,0.0,0.0,0.0,0.0,0.0,0.0,0.0,0.0,0.0,0.0,0.0,0.0,0.0,0.0,0.0,0.0,0.0,0.0,0.0,0.0,0.0,0.0,0.0,0.0,0.0,0.0,0.0,0.0,0.0,0.0,0.0,0.0,0.0,0.0
1095438383,34.5291666663,139.295833332,38,Shizuoka,0,0.0,1.0,1.0,0.0405,5.0,V,130763.830232,3.1868,0.7160883006,1.5141084325,1.3614057402,0.63736,0.0,0.0,0.0,0.0,0.0,0.0,0.0,0.0,0.0,0.0,0.0,0.0,0.0,0.0,0.0,0.0,0.0,0.0,0.0,0.0,0.0,0.0,0.0,0.0,0.0,0.0,0.0,0.0,0.0,0.0,0.0,0.0,0.0,0.0,0.0,0.0,0.0,0.0,0.0,0.0,0.0,0.0,0.0,0.0,0.0,0.0,0.0,0.0,0.0,0.0,0.0,0.0,0.0,0.0,0.0,0.0,0.0,0.0,0.0,0.0,0.0,0.0,0.0,0.0,0.0,0.0,0.0,0.0,0.0,0.0,0.0,0.0,0.0,0.0,0.0,0.0,0.0,0.0,0.0,0.0
