Code,Process,Magnitude,Name,Shape
F019101,P(lmbd=8000.0),CHAR(mag=6.38),Ube-Nanpou-oki fault,"LINESTRING (33.893 131.28, 33.73343640317948 131.3128580364981)"
F005102,P(lmbd=50000.0),"GR(min=6.38,max=6.77,beta=2.07232658369)",Inadani fault zone (Southeastern part),"POLYGON ((35.517 137.829, 35.22967080188965 137.7005147131509, 35.25735355129935 137.6070707772935, 35.5446827494097 137.7355560641426, 35.517 137.829))"
F005101,"BPT(mu=5200.0,t0=717.0,alph=0.24)","GR(min=6.38,max=6.85,beta=2.07232658369)",Inadani fault zone (Main part),"POLYGON ((35.637 137.858, 35.35741072458107 137.6259581211623, 35.38837071861799 137.5694810901917, 35.66795999403693 137.8015229690294, 35.637 137.858))"
F001701,"BPT(mu=4000.0,t0=6200.0,alph=0.24)","GR(min=6.38,max=6.62,beta=2.07232658369)",Shinjo-bonchi fault zone (Eastern part),"POLYGON ((38.62 140.346, 38.82333102911401 140.4386699540686, 38.77884927753207 140.5985566367071, 38.57551824841806 140.5058866826385, 38.62 140.346))"
F001702,P(lmbd=9400.0),CHAR(mag=6.38),Shinjo-bonchi fault zone (Western part),"POLYGON ((38.831 140.182, 38.66973810517479 140.2001112700019, 38.65976182717034 140.0537311412155, 38.82102372199554 140.0356198712135, 38.831 140.182))"
F01482B,"MULTI(F014821,F014822)",CHAR(mag=7.0),Fukaya/Ayasegawa fault zone (Kounosu-Ina segment/Ina-Kawaguchi segment),"POLYGON ((36.057 139.444, 35.94114514057456 139.614184629254, 35.85270909160514 139.5220675308895, 35.96856395103059 139.3518829016355, 36.057 139.444))"
F01482C,"MULTI(F014721,F014821,F014822)",CHAR(mag=7.5),Fukaya/Ayasegawa fault zone (All segment),"POLYGON ((36.366 138.821, 36.02191327878111 139.5021878846738, 35.95334812457394 139.4487743403593, 36.29743484579283 138.7675864556854, 36.366 138.821))"
F01482A,"MULTI(F014721,F014821)",CHAR(mag=7.4),Fukaya/Ayasegawa fault zone (Fukaya fault zone/Kounosu-Ina segment),"POLYGON ((36.366 138.821, 36.02191327878111 139.5021878846738, 35.95334812457394 139.4487743403593, 36.29743484579283 138.7675864556854, 36.366 138.821))"
F007401,P(lmbd=20000.0),"GR(min=6.38,max=6.77,beta=2.07232658369)",Yamada fault zone (Main part),"LINESTRING (35.469 134.928, 35.68127241532365 135.2568464493793)"
F007402,"BPT(mu=10000.0,t0=90.0,alph=0.24)","GR(min=6.38,max=6.77,beta=2.07232658369)",Gomura fault zone,"LINESTRING (35.567 135.094, 35.87415586394103 134.9098299049476)"
F013301,"BPT(mu=8000.0,t0=7300.0,alph=0.24)","GR(min=6.38,max=6.62,beta=2.07232658369)",Hitoyoshi-bonchi-nanen fault zone,"POLYGON ((32.28 131.003, 32.16562371750781 130.7864983220843, 32.23426383532366 130.7357663483969, 32.34864011781585 130.9522680263126, 32.28 131.003))"
G030032,P(lmbd=120000.0),CHAR(mag=7.01),Futaba fault nambu C-class zan,"LINESTRING (37.658 140.9, 37.23351086401415 140.992617132402)"
G030033,P(lmbd=12700.0),CHAR(mag=6.38),Osaka-Ashizawa fault zone,"LINESTRING (37.265 140.976, 37.1304180884847 140.930371487399)"
G030031,P(lmbd=3200.0),CHAR(mag=6.15),Kotaru-gawa fault zone,"LINESTRING (37.924 140.071, 37.87746846309651 139.9801655663559)"
G030036,P(lmbd=3800.0),CHAR(mag=6.23),Yunotake fault,"LINESTRING (37.062 140.69, 37.00296593737692 140.800509053804)"
G030037,P(lmbd=62900.0),CHAR(mag=6.54),Idosawa fault,"LINESTRING (37.04 140.714, 36.87040190483688 140.7281124165077)"
G030034,P(lmbd=3200.0),CHAR(mag=6.15),Futatsuya fault,"LINESTRING (37.175 140.842, 37.12597171070286 140.9339157974315)"
G030035,P(lmbd=5700.0),CHAR(mag=6.46),Sangunmori fault zone,"LINESTRING (37.464 140.861, 37.30047925151377 140.8699948124718)"
F015223,"BPT(mu=22000.0,t0=26000.0,alph=0.24)","GR(min=6.38,max=6.54,beta=2.07232658369)",Miura-hanto fault group (Southern part),"LINESTRING (35.117 139.75, 35.20693216059187 139.5595700359714)"
F015222,"BPT(mu=1600.0,t0=2300.0,alph=0.24)","GR(min=6.38,max=6.46,beta=2.07232658369)",Miura-hanto fault group (Main part/Takeyama fault zone),"POLYGON ((35.181 139.758, 35.27093216059187 139.5674202058448, 35.37006171780413 139.6374436934896, 35.28012955721226 139.8280234876447, 35.181 139.758))"
F015221,"BPT(mu=1900.0,t0=1517.0,alph=0.24)","GR(min=6.38,max=6.7,beta=2.07232658369)",Miura-hanto fault group (Main part/Kinugasa/Kitatake fault zone),"POLYGON ((35.198 139.788, 35.32390502482863 139.5211324586173, 35.42303458204088 139.5911705984707, 35.29712955721226 139.8580381398535, 35.198 139.788))"
G030039,P(lmbd=66200.0),CHAR(mag=6.54),Tanagura fracture zone seien fault,"LINESTRING (36.89 140.45, 36.72039268748781 140.5100086084067)"
G030139,P(lmbd=4800.0),CHAR(mag=6.38),Kamine fault,"LINESTRING (34.634 132.621, 34.52691669564647 132.515985699831)"
G030138,P(lmbd=18600.0),CHAR(mag=6.23),Miyoshi fault zone,"LINESTRING (34.859 132.969, 34.81074445508627 132.9232190420213)"
G030024,P(lmbd=800.0),CHAR(mag=6.15),Kisakata fault zone,"LINESTRING (39.238 139.941, 39.14803055732313 139.9571187217605)"
F003901,"BPT(mu=3300.0,t0=3100.0,alph=0.24)","GR(min=6.38,max=6.77,beta=2.07232658369)",Tokamachi fault zone (Western part),"POLYGON ((37.267 138.725, 37.00326975943978 138.530571772743, 37.06119289050795 138.4065138805737, 37.32492313106818 138.6009421078306, 37.267 138.725))"
G030136,P(lmbd=33100.0),CHAR(mag=6.15),Mitsugi fault,"LINESTRING (34.55 133.21, 34.49199380497226 133.119531708883)"
G030135,P(lmbd=36400.0),CHAR(mag=6.23),Fukuyama fault zone,"LINESTRING (34.535 133.451, 34.49187026320873 133.347800482726)"
F003902,P(lmbd=8000.0),"GR(min=6.38,max=6.46,beta=2.07232658369)",Tokamachi fault zone (Eastern part),"POLYGON ((37.046 138.698, 37.21031423360938 138.7896589064166, 37.1585841327577 138.9352304664306, 36.99426989914831 138.843571560014, 37.046 138.698))"
F014822,P(lmbd=76000.0),"GR(min=6.38,max=6.46,beta=2.07232658369)",Ayasegawa fault (Ina-Kawaguchi segment),"POLYGON ((35.946 139.607, 35.807012800347 139.7480202777729, 35.73362871319696 139.6376659250509, 35.87261591284995 139.4966456472779, 35.946 139.607))"
F014821,"BPT(mu=45000.0,t0=15000.0,alph=0.24)","GR(min=6.38,max=6.46,beta=2.07232658369)",Ayasegawa fault (Kounosu-Ina segment),"POLYGON ((36.057 139.444, 35.94114514057456 139.614184629254, 35.85270909160514 139.5220675308895, 35.96856395103059 139.3518829016355, 36.057 139.444))"
F000302,"BPT(mu=9000.0,t0=4300.0,alph=0.24)","GR(min=6.38,max=6.7,beta=2.07232658369)",Furano fault zone (Eastern part),"POLYGON ((43.133 142.416, 43.37733021501578 142.499476768477, 43.35215749148849 142.6378259329615, 43.10782727647272 142.5543491644845, 43.133 142.416))"
F002201,"BPT(mu=5000.0,t0=2400.0,alph=0.24)","GR(min=6.38,max=6.85,beta=2.07232658369)",Nagai-bonchi-seien fault zone,"POLYGON ((38.323 140.13, 37.84068289531308 140.0577788049891, 37.85403760576123 139.9128714755578, 38.33635471044815 139.9850926705686, 38.323 140.13))"
F013603,P(lmbd=86000.0),"GR(min=6.38,max=6.46,beta=2.07232658369)",Ichiki fault zone (Fukiagehama seiho-Oki segment),"POLYGON ((31.646 130.31, 31.48814667549566 130.1370878804754, 31.50719583570173 130.1130920490259, 31.66504916020607 130.2860041685506, 31.646 130.31))"
F013602,P(lmbd=170000.0),"GR(min=6.38,max=6.85,beta=2.07232658369)",Ichiki fault zone (Koshiki-kaikyo center segment),"POLYGON ((31.451 129.922, 31.77305504318865 130.1533437384974, 31.75846093351102 130.181260601832, 31.43640589032237 129.9499168633346, 31.451 129.922))"
F013601,P(lmbd=128000.0),"GR(min=6.38,max=6.7,beta=2.07232658369)",Ichiki fault zone (Ichiki segment),"POLYGON ((31.726 130.112, 31.72411648053325 130.4291873433889, 31.66116550222726 130.4286706450689, 31.66304902169401 130.11148330168, 31.726 130.112))"
G030044,P(lmbd=3500.0),CHAR(mag=6.23),Kokuzoyama-toho fault,"LINESTRING (38.336 139.552, 38.24590132925425 139.489633032721)"
G030043,P(lmbd=25400.0),CHAR(mag=6.38),Hinoemata-nishi fault,"LINESTRING (37.14 139.42, 37.0173963933216 139.3521658056803)"
G030042,P(lmbd=59600.0),CHAR(mag=6.46),Shirakawa-seho fault zone,"LINESTRING (37.283 140.15, 37.12458995111319 140.086077506446)"
G030041,P(lmbd=11900.0),CHAR(mag=6.38),Kawageta-yama fault zone,"LINESTRING (37.599 140.141, 37.4686557621009 140.1458826751497)"
G030040,P(lmbd=2400.0),CHAR(mag=6.38),Adatara-yama-toroku fault zone,"LINESTRING (37.658 140.356, 37.52454890252432 140.331107813505)"
F007101,"BPT(mu=17000.0,t0=28000.0,alph=0.24)","GR(min=6.38,max=6.77,beta=2.07232658369)",Nunobiki-sanchi-toen fault zone (Western part),"POLYGON ((34.912 136.402, 34.60748907873128 136.4357947531861, 34.59907390322961 136.3230337961389, 34.90358482449834 136.2892390429529, 34.912 136.402))"
F01622D,"MULTI(F016221,F016222,F016223)",CHAR(mag=7.4),Itoigawa-Shizuoka-kozosen fault zone (Northern segment/Central northern segment/Central southern segment),"POLYGON ((36.355 137.957, 36.53195059549243 137.8927501856178, 36.54069432174889 137.9298781276424, 36.36374372625647 137.9941279420246, 36.355 137.957))"
F007102,"BPT(mu=25000.0,t0=11000.0,alph=0.24)","GR(min=6.38,max=6.85,beta=2.07232658369)",Nunobiki-sanchi-toen fault zone (Eastern part),"POLYGON ((34.879 136.599, 34.44807990167192 136.4424063638423, 34.48078120724308 136.308691165458, 34.91170130557116 136.4652848016157, 34.879 136.599))"
F01622B,"MULTI(F016222,F016223)",CHAR(mag=7.1),Itoigawa-Shizuoka-kozosen fault zone (Central northern segment/Central southern segment),"POLYGON ((35.983 138.162, 36.02283258359954 138.0906437386636, 36.04815111451082 138.1122284490136, 36.00831853091128 138.18358471035, 35.983 138.162))"
F01622C,"MULTI(F016223,F016224)",CHAR(mag=7.3),Itoigawa-Shizuoka-kozosen fault zone (Central southern segment/Southern segment),"POLYGON ((36.079 138.049, 36.05652851130803 138.1060072417969, 36.01782459297861 138.0826502629131, 36.04029608167058 138.0256430211161, 36.079 138.049))"
G030049,P(lmbd=3500.0),CHAR(mag=6.23),Jorakuji fault,"LINESTRING (37.537 138.743, 37.45392126350996 138.6795484956385)"
F01622A,"MULTI(F016221,F016222)",CHAR(mag=7.2),Itoigawa-Shizuoka-kozosen fault zone (Northern segment/Central northern segment),"POLYGON ((36.355 137.957, 36.53195059549243 137.8927501856178, 36.54069432174889 137.9298781276424, 36.36374372625647 137.9941279420246, 36.355 137.957))"
F017201,"BPT(mu=20000.0,t0=7600.0,alph=0.24)",CHAR(mag=6.38),Amedaki-Kamato fault,"POLYGON ((35.427 134.415, 35.54782411714241 134.2667224866269, 35.58044855019156 134.3067597732394, 35.45962443304914 134.4550372866125, 35.427 134.415))"
F001301,"BPT(mu=16000.0,t0=4500.0,alph=0.24)","GR(min=6.38,max=6.85,beta=2.07232658369)",Kitakami-teichi-seien fault zone,"POLYGON ((39.636 141.052, 39.06107312224847 141.0167934550763, 39.06731956026614 140.8447977171504, 39.64224643801767 140.8800042620742, 39.636 141.052))"
F018701,"BPT(mu=5800.0,t0=11000.0,alph=0.24)","GR(min=6.38,max=6.85,beta=2.07232658369)",Suonada fault zone (Main part segment),"POLYGON ((34.019 131.637, 33.66971172089313 131.3695627030164, 33.69937803867794 131.3131632284235, 34.04866631778481 131.5806005254071, 34.019 131.637))"
F016224,"BPT(mu=4600.0,t0=2500.0,alph=0.24)","GR(min=6.38,max=6.85,beta=2.07232658369)",Itoigawa-Shizuoka-kozosen fault zone (Southern segment),"POLYGON ((35.828 138.26, 35.75440151232122 138.3431804683158, 35.65988535503307 138.2159609919625, 35.73348384271185 138.1327805236466, 35.828 138.26))"
F002501,"BPT(mu=2800.0,t0=3200.0,alph=0.24)",CHAR(mag=6.38),Kushigata-sanmyaku fault zone,"POLYGON ((38.149 139.438, 38.00387866907378 139.3467956071653, 38.05459479214358 139.2163074894491, 38.19971612306981 139.3075118822838, 38.149 139.438))"
F014721,"BPT(mu=10000.0,t0=6200.0,alph=0.24)","GR(min=6.38,max=6.85,beta=2.07232658369)",Fukaya fault zone,"POLYGON ((36.366 138.821, 36.02191327878111 139.5021878846738, 35.95334812457394 139.4487743403593, 36.29743484579283 138.7675864556854, 36.366 138.821))"
F016223,"BPT(mu=1300.0,t0=1317.0,alph=0.24)","GR(min=6.38,max=6.77,beta=2.07232658369)",Itoigawa-Shizuoka-kozosen fault zone (Central southern segment),"POLYGON ((36.079 138.049, 36.05652851130803 138.1060072417969, 36.01782459297861 138.0826502629131, 36.04029608167058 138.0256430211161, 36.079 138.049))"
F016221,"BPT(mu=1000.0,t0=1317.0,alph=0.24)","GR(min=6.38,max=6.85,beta=2.07232658369)",Itoigawa-Shizuoka-kozosen fault zone (Northern segment),"POLYGON ((36.355 137.957, 36.53195059549243 137.8927501856178, 36.54069432174889 137.9298781276424, 36.36374372625647 137.9941279420246, 36.355 137.957))"
F000401,P(lmbd=10000.0),"GR(min=6.38,max=6.85,beta=2.07232658369)",Mashike-sanchi-toen fault zone,"POLYGON ((43.891 141.878, 43.34207311376716 141.6378353828542, 43.37649338899899 141.4863522581194, 43.92542027523183 141.7265168752652, 43.891 141.878))"
F000402,P(lmbd=24000.0),"GR(min=6.38,max=6.85,beta=2.07232658369)",Numata-Sunagawa-area fault zone,"POLYGON ((43.491 141.954, 43.85072864236749 141.954, 43.85072864236749 142.1117786412143, 43.491 142.1117786412143, 43.491 141.954))"
F007801,P(lmbd=16600.0),"GR(min=6.38,max=6.7,beta=2.07232658369)",Kanbayashigawa fault,"LINESTRING (35.427 135.518, 35.27966361222754 135.2406321216077)"
F007802,P(lmbd=10000.0),"GR(min=6.38,max=6.7,beta=2.07232658369)",Mitoke fault,"LINESTRING (35.213 135.489, 35.26955435078632 135.1661125564761)"
F007803,"BPT(mu=3500.0,t0=2400.0,alph=0.24)","GR(min=6.38,max=6.85,beta=2.07232658369)",Kyoto-Nishiyama fault zone,"LINESTRING (35.033 135.667, 35.16132173825447 135.3771601903482)"
F010336,"BPT(mu=3200.0,t0=13.0,alph=0.24)",CHAR(mag=6.6),Muikamachi fault zone (Northern part) Case 2,"POLYGON ((37.4 138.976, 37.2123306616782 138.8417986413087, 37.26372684479447 138.7279109240659, 37.45139618311627 138.8621122827572, 37.4 138.976))"
F010335,P(lmbd=6400.0),"GR(min=6.38,max=6.62,beta=2.07232658369)",Muikamachi fault zone (Northern part) Case 1,"POLYGON ((37.38 139.02, 37.19233066167821 138.885834439946, 37.24372684479447 138.7719771026123, 37.43139618311628 138.9061426626663, 37.38 139.02))"
F012301,"BPT(mu=20000.0,t0=4500.0,alph=0.24)","GR(min=6.38,max=6.62,beta=2.07232658369)",Umi fault,"POLYGON ((33.684 130.405, 33.47353530682996 130.5711440960096, 33.44161705790503 130.5127490083788, 33.65208175107507 130.3466049123692, 33.684 130.405))"
F015521,"BPT(mu=4000.0,t0=2700.0,alph=0.24)",CHAR(mag=6.38),Hirayama-Matsuda-kita fault zone,"POLYGON ((35.356 139.086, 35.27142490496917 139.0038078141489, 35.29053054757787 138.9742513653483, 35.37510564260871 139.0564435511994, 35.356 139.086))"
F014421,P(lmbd=10000.0),"GR(min=6.38,max=6.54,beta=2.07232658369)",Okubo fault,"POLYGON ((36.379 139.411, 36.48984129844155 139.180965774522, 36.56623335557783 139.2377528428858, 36.45539205713627 139.4677870683638, 36.379 139.411))"
F000901,P(lmbd=6000.0),"GR(min=6.38,max=6.77,beta=2.07232658369)",Aomori-wan-seigan fault zone,"POLYGON ((40.99 140.611, 40.70993574825214 140.698708841894, 40.69131576533411 140.5943553854995, 40.97138001708198 140.5066465436056, 40.99 140.611))"
F004701,"BPT(mu=2300.0,t0=159.0,alph=0.24)","GR(min=6.38,max=6.85,beta=2.07232658369)",Atotsugawa fault zone,"LINESTRING (36.267 136.933, 36.60376445207493 137.6449256392355)"
F007501,"BPT(mu=5000.0,t0=11000.0,alph=0.24)","GR(min=6.38,max=6.85,beta=2.07232658369)",Nara-bonchi toen fault zone,"POLYGON ((34.512 135.858, 34.83452378965041 135.8237560291376, 34.84261614308004 135.936007914023, 34.52009235342963 135.9702518848854, 34.512 135.858))"
F018401,P(lmbd=8000.0),"GR(min=6.38,max=6.62,beta=2.07232658369)",Iwakuni-Itsukaichi fault zone (Koi fault segment),"LINESTRING (34.493 132.507, 34.32621536041641 132.3407784849126)"
F006003,"BPT(mu=2100.0,t0=126.0,alph=0.24)","GR(min=6.38,max=6.77,beta=2.07232658369)",Nobi fault zone (Main part/Neodani fault zone),"LINESTRING (35.533 136.7, 35.77719825760941 136.4738735698163)"
F006002,P(lmbd=3400.0),"GR(min=6.38,max=6.62,beta=2.07232658369)",Nukumi fault zone/Southeastern segment,"LINESTRING (35.8 136.483, 35.7098700969409 136.7001592849038)"
F006001,"BPT(mu=2200.0,t0=126.0,alph=0.24)",CHAR(mag=6.38),Nukumi fault/Northwestern segment,"LINESTRING (35.8 136.483, 35.93046896884621 136.3303474425608)"
F000301,"BPT(mu=4000.0,t0=1917.0,alph=0.24)","GR(min=6.38,max=6.7,beta=2.07232658369)",Furano fault zone (Western part),"POLYGON ((43.443 142.421, 43.20131138176644 142.3236592325534, 43.23343788343482 142.1723426654894, 43.47512650166838 142.269683432936, 43.443 142.421))"
F006007,P(lmbd=18400.0),"GR(min=6.38,max=6.77,beta=2.07232658369)",Mugigawa fault,"LINESTRING (35.65 136.583, 35.52024514753104 136.8991142516108)"
F006006,P(lmbd=15200.0),"GR(min=6.38,max=6.62,beta=2.07232658369)",Ibigawa fault zone,"LINESTRING (35.65 136.583, 35.78861658249616 136.3242922216636)"
F006005,P(lmbd=30000.0),"GR(min=6.38,max=6.46,beta=2.07232658369)",Nobi fault zone (Main part/Mitabora fault zone),"LINESTRING (35.533 136.7, 35.41586974660979 136.8959424176003)"
F006004,"BPT(mu=14000.0,t0=126.0,alph=0.24)","GR(min=6.38,max=6.85,beta=2.07232658369)",Nobi fault zone (Main part/Umehara fault zone),"LINESTRING (35.617 136.65, 35.40912806129882 137.0111504695907)"
G030188,P(lmbd=63000.0),CHAR(mag=6.38),Tsurukiba fault zone,"LINESTRING (32.515 130.808, 32.47691736030016 130.7526260786641)"
G030189,P(lmbd=63000.0),CHAR(mag=6.38),Kunimidake fault zone,"LINESTRING (32.505 130.882, 32.46071528531356 130.7891870984336)"
G030182,P(lmbd=59600.0),CHAR(mag=6.46),Hime-jima-hokusei-oki fault zone,"LINESTRING (33.705 131.535, 33.84759725547616 131.6315851516017)"
G030183,P(lmbd=15000.0),CHAR(mag=6.38),Itoshima-hanto-Oki fault group,"LINESTRING (33.671 130.009, 33.61293380214664 130.1246618375668)"
G030180,P(lmbd=39700.0),CHAR(mag=6.23),Ube-toubu-Shimosato fault,"LINESTRING (34.011 131.332, 34.10686787313695 131.3963716269194)"
G030181,P(lmbd=53000.0),CHAR(mag=6.38),Ube-nantou-oki fault zone,"LINESTRING (33.771 131.314, 33.90162981571946 131.3839660207003)"
G030186,P(lmbd=63000.0),CHAR(mag=6.38),Fukuragi fault,"LINESTRING (33.08 131.775, 33.00836634349601 131.7101085960434)"
G030187,P(lmbd=38000.0),CHAR(mag=6.38),Aso-gairin-nanroku fault group,"LINESTRING (32.769 131.17, 32.73302889310143 131.0198226986691)"
G030184,P(lmbd=32000.0),CHAR(mag=6.38),Saganoseki fault,"LINESTRING (33.245 131.842, 33.19015715848504 131.7246663930285)"
G030185,P(lmbd=32000.0),CHAR(mag=6.38),Taradake-nanseiroku fault zone,"LINESTRING (32.969 129.951, 32.87525076809648 130.0695801882426)"
F018101,P(lmbd=20000.0),"GR(min=6.38,max=6.85,beta=2.07232658369)",Kikugawa fault zone (Northern segment),"LINESTRING (34.653 130.239, 34.35555911501755 130.733040591789)"
G030009,P(lmbd=3800.0),CHAR(mag=6.23),Mitsuishi-Urakawa fault zone,"LINESTRING (42.241 142.597, 42.18490528842963 142.7271875285618)"
G030008,P(lmbd=3500.0),CHAR(mag=6.23),Ponnitashibetsu fault,"LINESTRING (43.705 142.123, 43.62750298393495 142.2120013035589)"
G030003,P(lmbd=4800.0),CHAR(mag=6.38),Abashiri-ko fault zone,"LINESTRING (44.001 144.227, 43.86661838174133 144.1804213588177)"
G030002,P(lmbd=1500.0),CHAR(mag=6.31),Shari-dake-higashi fault zone,"LINESTRING (43.859 144.78, 43.9644125063631 144.8583888226346)"
G030001,P(lmbd=1000.0),CHAR(mag=6.23),Rausu-dake fault zone,"LINESTRING (44.151 145.221, 44.06923317358878 145.1267237646327)"
G030005,P(lmbd=12200.0),CHAR(mag=6.54),Toikanbetsu fault zone,"LINESTRING (45.054 142.092, 44.87219262906837 142.0572037313031)"
G030004,P(lmbd=3200.0),CHAR(mag=6.15),Tokoro-gawa-togan fault,"LINESTRING (44.102 144.079, 44.01988273781915 144.0166522281524)"
F01290A,"MULTI(F012903,F012904)",CHAR(mag=7.1),Unzen fault group (Southwestern part Northern/Southern segment),"POLYGON ((32.733 130.298, 32.71486592893731 129.9351463878982, 32.79566240699995 129.9294399969961, 32.81379647806264 130.2922936090979, 32.733 130.298))"
G030038,P(lmbd=56300.0),CHAR(mag=6.46),Takahagi-fukin suite,"LINESTRING (36.83 140.7, 36.67992756560349 140.6699684031612)"
F006301,"BPT(mu=5600.0,t0=617.0,alph=0.24)","GR(min=6.38,max=6.77,beta=2.07232658369)",Nosaka fault zone,"LINESTRING (35.6 136.05, 35.8214295564723 135.790665076281)"
F006302,P(lmbd=6400.0),CHAR(mag=6.15),Shufukuji fault zone,"LINESTRING (35.533 136.167, 35.59980939713303 136.0998036688246)"
F001902,"BPT(mu=2500.0,t0=3000.0,alph=0.24)",CHAR(mag=6.38),Shonai-heiya-toen fault zone (Southern part),"POLYGON ((38.717 139.994, 38.89623351169336 140.0132897563328, 38.8866553312823 140.1594798572328, 38.70742181958894 140.1401901009, 38.717 139.994))"
F001901,"BPT(mu=1000.0,t0=123.0,alph=0.24)","GR(min=6.38,max=6.62,beta=2.07232658369)",Shonai-heiya-toen fault zone (Northern part),"POLYGON ((38.847 140.006, 39.07993384808086 139.9798333939859, 39.0921522434024 140.15915201973, 38.85921839532154 140.1853186257442, 38.847 140.006))"
F012903,"BPT(mu=2500.0,t0=2400.0,alph=0.24)","GR(min=6.38,max=6.77,beta=2.07232658369)",Unzen fault group (Southwestern part/Northern segment),"POLYGON ((32.733 130.298, 32.71486592893731 129.9351463878982, 32.79566240699995 129.9294399969961, 32.81379647806264 130.2922936090979, 32.733 130.298))"
F012902,P(lmbd=2000.0),"GR(min=6.38,max=6.62,beta=2.07232658369)",Unzen fault group (Southeastern part),"POLYGON ((32.73 130.519, 32.76657807252346 130.244465898261, 32.84652052433847 130.2595173355874, 32.809942451815 130.5340514373264, 32.73 130.519))"
F012901,"BPT(mu=2000.0,t0=5000.0,alph=0.24)","GR(min=6.38,max=6.77,beta=2.07232658369)",Unzen fault group (Northern part),"POLYGON ((32.734 130.057, 32.75307249617224 130.398363144005, 32.67231149847551 130.404740013851, 32.65323900230328 130.063376869846, 32.734 130.057))"
F012904,"BPT(mu=2100.0,t0=4500.0,alph=0.24)","GR(min=6.38,max=6.62,beta=2.07232658369)",Unzen fault group (Southwestern part/Southern segment),"POLYGON ((32.598 129.872, 32.65535866037519 130.1410656404041, 32.57689277697255 130.1646332044582, 32.51953411659736 129.8955675640541, 32.598 129.872))"
F012701,P(lmbd=13200.0),"GR(min=6.38,max=6.85,beta=2.07232658369)",Saga-heiya-hokuen fault zone,"POLYGON ((33.233 130.067, 33.30701181246778 130.5098177199116, 33.2647845304633 130.5199054571738, 33.19077271799552 130.0770877372622, 33.233 130.067))"
F005201,"BPT(mu=1800.0,t0=3400.0,alph=0.24)",CHAR(mag=6.38),Atera fault zone (Main part/Northern segment),"LINESTRING (35.837 137.22, 36.01402167493941 137.1807105968377)"
F005202,"BPT(mu=1700.0,t0=431.0,alph=0.24)","GR(min=6.38,max=6.85,beta=2.07232658369)",Atera fault zone (Main part/Southern segment),"LINESTRING (35.488 137.616, 35.87312871134721 137.0906854639426)"
F006901,P(lmbd=36000.0),"GR(min=6.38,max=6.85,beta=2.07232658369)",Suzuka-seien fault zone,"POLYGON ((34.908 136.366, 35.32143593120782 136.3483947638808, 35.32606369534025 136.5099932329227, 34.91262776413242 136.527598469042, 34.908 136.366))"
F005204,P(lmbd=19600.0),"GR(min=6.38,max=6.77,beta=2.07232658369)",Shirakawa fault zone,"LINESTRING (35.578 137.051, 35.68807598858541 137.4017455092991)"
F007302,P(lmbd=16600.0),"GR(min=6.38,max=6.7,beta=2.07232658369)",Hanaore fault zone/Northern segment,"LINESTRING (35.183 135.867, 35.44195209096453 135.9596486445822)"
F017101,"BPT(mu=3300.0,t0=5900.0,alph=0.24)",CHAR(mag=6.6),Shinji (Kashima) fault Case 2,"POLYGON ((35.552 133.233, 35.51864998675526 132.9485390588424, 35.56127178488932 132.9409898814579, 35.59462179813406 133.2254508226155, 35.552 133.233))"
F004502,"BPT(mu=4500.0,t0=6500.0,alph=0.24)",CHAR(mag=5.99),Kiso-sanmyaku-seien fault zone (Main part/Southern segment),"LINESTRING (35.517 137.583, 35.60042506276277 137.5997842629883)"
G030107,P(lmbd=7900.0),CHAR(mag=6.38),Suzuka-sakashita fault zone,"LINESTRING (34.941 136.451, 34.90713060293619 136.3674007918819)"
G030137,P(lmbd=16900.0),CHAR(mag=6.15),Shobara fault,"LINESTRING (34.9 133.092, 34.82457351473978 133.0479368602077)"
F006402,"BPT(mu=7000.0,t0=617.0,alph=0.24)",CHAR(mag=6.38),Kohoku-sanchi fault zone (Southeastern part),"LINESTRING (35.583 136.117, 35.44381375597286 135.9769202875116)"
F006401,"BPT(mu=3000.0,t0=1017.0,alph=0.24)","GR(min=6.38,max=6.7,beta=2.07232658369)",Kohoku-sanchi fault zone (Northwestern part),"LINESTRING (35.479 135.981, 35.6800537686938 136.1275962831574)"
F019501,"BPT(mu=23000.0,t0=517.0,alph=0.24)","GR(min=6.38,max=6.77,beta=2.07232658369)",Ogori fault,"LINESTRING (34.158 131.439, 33.90319884243723 131.2773379269292)"
F005501,P(lmbd=2400.0),"GR(min=6.38,max=6.85,beta=2.07232658369)",Ochigata fault zone,"POLYGON ((36.674 136.758, 37.00994916031046 137.0589862608189, 36.92814230534046 137.2009316027009, 36.59219314503 136.899945341882, 36.674 136.758))"
F017601,P(lmbd=48000.0),"GR(min=6.38,max=6.77,beta=2.07232658369)",Yamasaki fault zone (Nagisen fault zone),"POLYGON ((35.171 134.239, 35.13214753772665 133.8679715801635, 35.2456846885603 133.8501787549293, 35.28453715083365 134.2212071747659, 35.171 134.239))"
F005303,"BPT(mu=7200.0,t0=7600.0,alph=0.24)","GR(min=6.38,max=6.85,beta=2.07232658369)",Enasan-Sanageyamakita fault zone,"LINESTRING (35.183 137.1, 35.31435830131027 137.2810230783445)"
F012001,"BPT(mu=6700.0,t0=4600.0,alph=0.24)","GR(min=6.38,max=6.62,beta=2.07232658369)",Kokura-higashi fault zone,"POLYGON ((34.003 130.894, 33.75280862168404 130.8596145537916, 33.75768338466043 130.8080041950292, 34.00787476297639 130.8423896412376, 34.003 130.894))"
F015821,"BPT(mu=1400.0,t0=87.0,alph=0.24)","GR(min=6.38,max=6.77,beta=2.07232658369)",Kitaizu fault zone,"POLYGON ((35.217 139.034, 34.90232200994495 138.9408159392548, 34.90599411987525 138.9222367061311, 35.2206721099303 139.0154207668763, 35.217 139.034))"
F010302,"BPT(mu=6200.0,t0=2900.0,alph=0.24)","GR(min=6.38,max=6.77,beta=2.07232658369)",Muikamachi fault zone (Southern part),"POLYGON ((37.186 138.883, 36.91472388493612 138.7624187850254, 36.94945752389911 138.6393009488274, 37.220733638963 138.7598821638021, 37.186 138.883))"
F013502,P(lmbd=4800.0),"GR(min=6.38,max=6.85,beta=2.07232658369)",Koshiki fault zone (Koshiki segment),"POLYGON ((31.793 129.994, 31.78153213096573 130.1202510000882, 31.7278783551611 130.1135048302579, 31.73934622419537 129.9872538301697, 31.793 129.994))"
F014321,P(lmbd=10400.0),CHAR(mag=6.38),Katashinagawa-sagan fault,"POLYGON ((36.663 139.246, 36.84120018779066 139.2764309077683, 36.82911766152192 139.3863900647186, 36.65091747373126 139.3559591569504, 36.663 139.246))"
F019001,P(lmbd=16000.0),"GR(min=6.38,max=6.85,beta=2.07232658369)",Hiroshima-wan-Iwakuni-oki fault zone,"POLYGON ((34.347 132.366, 34.02647943271315 132.1681960104356, 34.05161484319049 132.1084466357621, 34.37213541047735 132.3062506253265, 34.347 132.366))"
F005801,"BPT(mu=6300.0,t0=3400.0,alph=0.24)","GR(min=6.38,max=6.85,beta=2.07232658369)",Fukui-heiya-toen fault zone (Main part),"LINESTRING (36.434 136.266, 36.00438583826912 136.3183580507899)"
F002101,"BPT(mu=8000.0,t0=2200.0,alph=0.24)","GR(min=6.38,max=6.85,beta=2.07232658369)",Fukushima-bonchi-seien fault zone,"POLYGON ((38.143 140.679, 37.68841861444807 140.309351194213, 37.75008898707599 140.1867380874425, 38.20467037262792 140.5563868932295, 38.143 140.679))"
F001402,"BPT(mu=6300.0,t0=121.0,alph=0.24)","GR(min=6.38,max=6.62,beta=2.07232658369)",Mahiru-sanchi-toen fault zone/Northern segment,"POLYGON ((39.619 140.799, 39.44512537224504 140.6764419264659, 39.50429575798678 140.5349663995451, 39.67817038574174 140.6575244730792, 39.619 140.799))"
F001403,P(lmbd=10800.0),CHAR(mag=6.38),Mahiru-sanchi-toen fault zone/Southern segment,"POLYGON ((39.437 140.662, 39.27559920518269 140.645919720702, 39.28438084513774 140.4981472162, 39.44578163995505 140.5142274954981, 39.437 140.662))"
F001401,P(lmbd=10800.0),CHAR(mag=6.38),Shizukuishi-bonchi-seien fault zone,"POLYGON ((39.809 140.928, 39.64943640317948 140.8924943350673, 39.66872253210625 140.7456164513386, 39.82828612892677 140.7811221162714, 39.809 140.928))"
G030120,P(lmbd=5100.0),CHAR(mag=6.38),Habu fault,"LINESTRING (35.068 135.367, 35.05103949736085 135.4670640698111)"
G030121,P(lmbd=29100.0),CHAR(mag=6.23),Nakayama fault zone,"LINESTRING (35.697 135.189, 35.68117790118347 135.063149476374)"
G030122,P(lmbd=33100.0),CHAR(mag=6.15),Mitakesan fault,"LINESTRING (35.413 135.094, 35.3396246212945 135.0381778398761)"
G030123,P(lmbd=9200.0),CHAR(mag=6.77),Gosho-dani fault zone,"LINESTRING (35.07 135.27, 34.94023247843641 134.9986685260088)"
G030124,P(lmbd=3800.0),CHAR(mag=6.23),Takatsuka-yama fault,"LINESTRING (34.757 135.067, 34.64741375138888 135.0735236513586)"
G030125,P(lmbd=7900.0),CHAR(mag=6.15),Shizuki fault zone,"LINESTRING (34.423 134.912, 34.50984076594995 134.8698924333132)"
G030126,P(lmbd=23700.0),CHAR(mag=6.31),Hansanji fault zone,"LINESTRING (34.21 134.735, 34.33583580425312 134.7299522263042)"
G030127,P(lmbd=6700.0),CHAR(mag=6.54),Yabu fault zone,"LINESTRING (35.345 134.911, 35.38265213709924 134.6841142596864)"
F005601,"BPT(mu=6000.0,t0=6900.0,alph=0.24)","GR(min=6.38,max=6.77,beta=2.07232658369)",Tonami-heiya/Kurehayama fault zone (Western part),"POLYGON ((36.752 136.957, 36.57288071711437 136.7694145898208, 36.66280773816227 136.6356565603558, 36.8419270210479 136.8232419705351, 36.752 136.957))"
F005602,"BPT(mu=3000.0,t0=4300.0,alph=0.24)","GR(min=6.38,max=6.62,beta=2.07232658369)",Tonami-heiya/Kurehayama fault zone (Eastern part),"POLYGON ((36.453 136.945, 36.62434377851753 137.0679893617973, 36.56711130197638 137.1912325718766, 36.39576752345886 137.0682432100793, 36.453 136.945))"
F005603,"BPT(mu=3000.0,t0=3500.0,alph=0.24)","GR(min=6.38,max=6.85,beta=2.07232658369)",Kurehayama fault zone,"POLYGON ((36.851 137.276, 36.61734939293065 137.1074181219311, 36.68730019759205 136.9560069421764, 36.9209508046614 137.1245888202454, 36.851 137.276))"
F008101,"BPT(mu=2000.0,t0=2017.0,alph=0.24)","GR(min=6.38,max=6.46,beta=2.07232658369)",Chuo-kozosen fault zone (Kongo-sanchi-toen),"POLYGON ((34.545 135.67, 34.38337451673741 135.6809706347412, 34.37467936438462 135.4921538313797, 34.53630484764722 135.4811831966385, 34.545 135.67))"
F008102,"BPT(mu=4000.0,t0=3100.0,alph=0.24)","GR(min=6.38,max=6.85,beta=2.07232658369)",Chuo-kozosen fault zone (Kitan-kaikyo-Naruto-Kaikyo),"POLYGON ((34.318 135.195, 34.22616888657074 134.6176154687816, 34.36383003617388 134.5855186229325, 34.45566114960314 135.1629031541509, 34.318 135.195))"
F008103,"BPT(mu=1000.0,t0=517.0,alph=0.24)","GR(min=6.38,max=6.85,beta=2.07232658369)",Chuo-kozosen fault zone (Sanuki-sanmyaku-nanen- Ishizuchi-sanmyaku-hokuen-tobu),"POLYGON ((34.219 134.647, 33.95195958665176 133.2481706916395, 34.12423159679788 133.2000722890369, 34.39127201014612 134.5989015973975, 34.219 134.647))"
F008104,"BPT(mu=1000.0,t0=517.0,alph=0.24)","GR(min=6.38,max=6.77,beta=2.07232658369)",Chuo-kozosen fault zone (Ishizuchi-sanmyaku-hokuen),"LINESTRING (33.878 133.079, 33.96994661565655 133.4302518567496)"
F008105,"BPT(mu=1000.0,t0=517.0,alph=0.24)","GR(min=6.38,max=6.85,beta=2.07232658369)",Chuo-kozosen fault zone (Ishizuchi-sanmyaku-hokuen-seibu- Iyonada),"LINESTRING (33.937 133.243, 33.4062314951131 131.9874180873061)"
F013201,P(lmbd=68000.0),"GR(min=6.38,max=6.85,beta=2.07232658369)",Midorikawa fault zone,"POLYGON ((32.691 131.163, 32.57861238526634 130.7795207486161, 32.59630987280525 130.772197825599, 32.70869748753891 131.155677076983, 32.691 131.163))"
F015121,P(lmbd=114000.0),"GR(min=6.38,max=6.7,beta=2.07232658369)",Kamogawa-teichi fault zone,"POLYGON ((35.102 140.107, 35.08446820285501 139.8220006540282, 35.19861095237832 139.8115102965199, 35.21614274952331 140.0965096424917, 35.102 140.107))"
G030056,P(lmbd=3500.0),CHAR(mag=6.23),Togakushi-yama fault,"LINESTRING (36.792 138.095, 36.72555302175127 137.9975052096588)"
G030057,P(lmbd=22200.0),CHAR(mag=6.7),Jonen-dake-higashi fault zone,"LINESTRING (36.5 137.8, 36.24858432159003 137.8317693227006)"
G030050,P(lmbd=11100.0),CHAR(mag=6.31),Osado-segan fault zone,"LINESTRING (38.243 138.407, 38.15069317809041 138.3048326377728)"
G030051,P(lmbd=1600.0),CHAR(mag=6.15),Kuninaka-heiya-minami fault,"LINESTRING (38.001 138.427, 37.94829138597441 138.3359410818912)"
G030053,P(lmbd=3200.0),CHAR(mag=6.15),Hirataki-Busuno-toge fault,"LINESTRING (37.017 138.45, 36.98320141770775 138.5580136102341)"
F019301,P(lmbd=12000.0),"GR(min=6.38,max=6.7,beta=2.07232658369)",Jifuku fault,"LINESTRING (34.405 131.73, 34.23814561275491 131.5014173718566)"
G030059,P(lmbd=12700.0),CHAR(mag=6.38),Saotome-dake fault,"LINESTRING (36.66 137.6, 36.58008461418451 137.4494881239245)"
F008106,"BPT(mu=1100.0,t0=1417.0,alph=0.24)","GR(min=6.38,max=6.85,beta=2.07232658369)",Chuo-kozosen fault zone (Izumi-sanmyaku-nanen),"POLYGON ((34.419 135.624, 34.31637356412789 135.0485933200185, 34.42825342860923 135.0192702316538, 34.53087986448134 135.5946769116353, 34.419 135.624))"
F000701,"BPT(mu=3600.0,t0=5900.0,alph=0.24)","GR(min=6.38,max=6.77,beta=2.07232658369)",Kuromatsunai-teichi fault zone,"POLYGON ((42.754 140.24, 42.45278376559097 140.3115957203712, 42.433103909194 140.1580277326519, 42.73432014360304 140.0864320122807, 42.754 140.24))"
F007201,"BPT(mu=4000.0,t0=163.0,alph=0.24)","GR(min=6.38,max=6.77,beta=2.07232658369)",Kizugawa fault zone,"POLYGON ((34.857 136.264, 34.7585724465433 135.9344425400211, 34.8563503780738 135.8910727780421, 34.9547779315305 136.2206302380211, 34.857 136.264))"
F018801,P(lmbd=8000.0),"GR(min=6.38,max=6.62,beta=2.07232658369)",Suonada fault zone (Aio-oki fault segment),"POLYGON ((33.932 131.525, 33.76215015975105 131.3644845020393, 33.79631265876768 131.3119725240883, 33.96616249901663 131.4724880220491, 33.932 131.525))"
F013101,"BPT(mu=3600.0,t0=1617.0,alph=0.24)",CHAR(mag=6.38),Hinagu fault zone (Takano-Shirahata segment),"LINESTRING (32.763 130.819, 32.59731161234355 130.7357696242403)"
F013102,"BPT(mu=3600.0,t0=8400.0,alph=0.24)","GR(min=6.38,max=6.85,beta=2.07232658369)",Hinagu fault zone (Hinagu segment),"POLYGON ((32.653 130.751, 32.34375117162181 130.457787890903, 32.38863664368682 130.3910059881626, 32.69788547206501 130.6842180972596, 32.653 130.751))"
F013103,"BPT(mu=1100.0,t0=1717.0,alph=0.24)","GR(min=6.38,max=6.77,beta=2.07232658369)",Hinagu fault zone (Yatsushirokai segment),"LINESTRING (32.363 130.469, 32.15563956125248 130.2029621756758)"
F008204,"BPT(mu=6500.0,t0=1717.0,alph=0.24)",CHAR(mag=6.31),Kusatani fault,"LINESTRING (34.783 135, 34.70206105546732 134.8293098936574)"
F017501,P(lmbd=40000.0),CHAR(mag=6.38),Iwatsubo fault,"LINESTRING (35.403 133.992, 35.40955936736209 134.2014791038264)"
F004901,"BPT(mu=5000.0,t0=1017.0,alph=0.24)","GR(min=6.38,max=6.85,beta=2.07232658369)",Ushikubi fault zone,"LINESTRING (36.267 136.883, 36.58453393745536 137.3962530936354)"
F001001,P(lmbd=10200.0),CHAR(mag=6.38),Tsugaru-sanchi-seien fault zone (Northern part),"POLYGON ((40.701 140.603, 40.8523276071391 140.52717552407, 40.89297490893033 140.6683206431728, 40.74164730179124 140.7441451191028, 40.701 140.603))"
F01310A,"MULTI(F013101,F013102,F013103)",CHAR(mag=7.3),Hinagu fault zone (All segment),"LINESTRING (32.763 130.819, 32.59731161234355 130.7357696242403)"
F01310B,"MULTI(F013101,F013102)",CHAR(mag=7.1),Hinagu fault zone (Takano-Shirahata segment/Hinagu segment),"LINESTRING (32.763 130.819, 32.59731161234355 130.7357696242403)"
F01310C,"MULTI(F013102,F013103)",CHAR(mag=7.2),Hinagu fault zone (Hinagu segment/Yatsushirokai segment),"POLYGON ((32.653 130.751, 32.34375117162181 130.457787890903, 32.38863664368682 130.3910059881626, 32.69788547206501 130.6842180972596, 32.653 130.751))"
G030047,P(lmbd=4800.0),CHAR(mag=6.23),Yoshinoya fault,"LINESTRING (37.653 139.05, 37.58296065632712 138.9493027893946)"
F002401,"BPT(mu=7400.0,t0=406.0,alph=0.24)","GR(min=6.38,max=6.77,beta=2.07232658369)",Aizu-bonchi-seien fault zone,"POLYGON ((37.729 139.847, 37.41291852652895 139.7584013449595, 37.43769327678352 139.6171063109784, 37.75377475025457 139.7057049660189, 37.729 139.847))"
G030046,P(lmbd=5100.0),CHAR(mag=6.38),Numakoshi-toge fault,"LINESTRING (37.784 139.365, 37.65933218243195 139.2835827693929)"
F014921,P(lmbd=56000.0),CHAR(mag=6.31),Ogose fault,"POLYGON ((36.014 139.238, 35.86884739630698 139.2973477888421, 35.83490299410762 139.1704566740236, 35.98005559780064 139.1111088851816, 36.014 139.238))"
F017001,"BPT(mu=3300.0,t0=1317.0,alph=0.24)","GR(min=6.38,max=6.62,beta=2.07232658369)",Shinji (Kashima) fault Case 1,"POLYGON ((35.552 133.233, 35.51864998675526 132.9485390588424, 35.56127178488932 132.9409898814579, 35.59462179813406 133.2254508226155, 35.552 133.233))"
F007903,"BPT(mu=5000.0,t0=1017.0,alph=0.24)",CHAR(mag=6.23),Senzan fault zone,"POLYGON ((34.421 134.875, 34.33785388847429 134.808031953243, 34.37656407263668 134.7374012134293, 34.45971018416239 134.8043692601863, 34.421 134.875))"
F007902,"BPT(mu=1800.0,t0=22.0,alph=0.24)","GR(min=6.38,max=6.62,beta=2.07232658369)",Rokko-Awajishima fault zone (Main area/Awajishima-seigan segment),"POLYGON ((34.492 134.821, 34.62244440695404 135.0823307660989, 34.60107185703646 135.0980352629507, 34.47062745008242 134.8367044968518, 34.492 134.821))"
F005203,P(lmbd=15800.0),"GR(min=6.38,max=6.7,beta=2.07232658369)",Sami fault zone,"LINESTRING (35.611 137.085, 35.72178110420758 137.3631505596695)"
F01622F,"MULTI(F016221,F016222,F016223,F016224)",CHAR(mag=7.5),Itoigawa-Shizuoka-kozosen fault zone (All segment),"POLYGON ((36.355 137.957, 36.53195059549243 137.8927501856178, 36.54069432174889 137.9298781276424, 36.36374372625647 137.9941279420246, 36.355 137.957))"
F01622E,"MULTI(F016222,F016223,F016224)",CHAR(mag=7.4),Itoigawa-Shizuoka-kozosen fault zone (Central northern segment/Central southern segment/Southern segment),"POLYGON ((35.983 138.162, 36.02283258359954 138.0906437386636, 36.04815111451082 138.1122284490136, 36.00831853091128 138.18358471035, 35.983 138.162))"
F01850A,"MULTI(F018401,F018501)",CHAR(mag=7.3),Iwakuni-Itsukaichi fault zone (Koi fault segment/Itsukaichi fault segment),"LINESTRING (34.493 132.507, 34.32621536041641 132.3407784849126)"
F016021,"BPT(mu=2000.0,t0=39.0,alph=0.24)","GR(min=6.38,max=6.62,beta=2.07232658369)",Inatori fault zone,"LINESTRING (34.795 138.961, 34.75837664452066 139.0364104271274)"
F002701,"BPT(mu=1200.0,t0=817.0,alph=0.24)","GR(min=6.38,max=6.85,beta=2.07232658369)",Nagaoka-heiya-seien fault zone,"POLYGON ((38.053 138.819, 37.3004444908157 138.735386878031, 37.31123429538854 138.5787673487984, 38.06378980457284 138.6623804707674, 38.053 138.819))"
G030048,P(lmbd=5800.0),CHAR(mag=6.62),Yukyu-zan fault zone,"LINESTRING (37.493 138.933, 37.32696183952243 138.8037535178439)"
G030018,P(lmbd=28700.0),CHAR(mag=6.46),Takizawaukai-nishi fault (kitakami zambu),"LINESTRING (39.635 141.081, 39.6952619807718 141.0617799211451)"
G030019,P(lmbd=2000.0),CHAR(mag=6.15),Tazawa-ko fault zone,"LINESTRING (39.751 140.722, 39.69812342694309 140.7450120185523)"
F004601,"BPT(mu=1800.0,t0=4900.0,alph=0.24)","GR(min=6.38,max=6.85,beta=2.07232658369)",Sakaitoge-Kamiya fault zone (Main part),"LINESTRING (35.85 137.9, 36.23307418862002 137.5690745828391)"
G030152,P(lmbd=86100.0),CHAR(mag=6.7),Sukumo-Nakamura fault zone,"LINESTRING (32.985 132.888, 32.91884592580068 132.6217508855101)"
F018501,"BPT(mu=6000.0,t0=1417.0,alph=0.24)","GR(min=6.38,max=6.7,beta=2.07232658369)",Iwakuni-Itsukaichi fault zone (Itsukaichi fault segment),"POLYGON ((34.506 132.409, 34.28123792073222 132.2712248236421, 34.30620098067895 132.2112555879403, 34.53096305994674 132.3490307642982, 34.506 132.409))"
F007601,"BPT(mu=1000.0,t0=421.0,alph=0.24)","GR(min=6.38,max=6.85,beta=2.07232658369)",Arima-Takatsuki fault zone,"LINESTRING (34.796 135.062, 34.90265451006283 135.7061264824858)"
F000801,"BPT(mu=13000.0,t0=14000.0,alph=0.24)","GR(min=6.38,max=6.62,beta=2.07232658369)",Hakodate-heiya-seien fault zone,"POLYGON ((41.943 140.63, 41.71096935648426 140.5911445085445, 41.72511739372026 140.4384336652641, 41.957148037236 140.4772891567197, 41.943 140.63))"
G030011,P(lmbd=7900.0),CHAR(mag=6.54),Nohoro-kyuryo fault zone,"LINESTRING (43.117 141.519, 42.93616125693674 141.5613468907172)"
G030012,P(lmbd=7900.0),CHAR(mag=6.7),Shiribetsu-gawa fault zone,"LINESTRING (42.853 140.388, 42.77126680659577 140.4595755155595)"
G030013,P(lmbd=800.0),CHAR(mag=6.15),Yakumo fault zone,"LINESTRING (42.354 140.274, 42.26409159387505 140.2349381116141)"
G030014,P(lmbd=6400.0),CHAR(mag=6.54),Noheji fault zone,"LINESTRING (40.867 141.076, 40.6895660708028 141.1068897201241)"
G030015,P(lmbd=49600.0),CHAR(mag=6.38),Tsugaru-sanchi-seien fault zone hokubu hoppou enchou,"LINESTRING (40.841 140.489, 40.96695884048789 140.4399972676586)"
G030016,P(lmbd=3500.0),CHAR(mag=6.23),Iwaki-san-nanroku fault zone,"LINESTRING (40.62 140.263, 40.59947623437268 140.3209855562025)"
F000202,P(lmbd=14000.0),"GR(min=6.38,max=6.7,beta=2.07232658369)",Kochien fault,"POLYGON ((42.306 143.354, 42.5303643971008 143.1994216927953, 42.58233039835329 143.3373273690077, 42.35796600125249 143.4919056762123, 42.306 143.354))"
F000201,P(lmbd=34000.0),"GR(min=6.38,max=6.85,beta=2.07232658369)",Tokachi-heiya fault zone (Main part),"POLYGON ((42.544 143.298, 43.29012955027343 143.4583999526601, 43.26625453200505 143.6630013895104, 42.52012498173162 143.5026014368503, 42.544 143.298))"
F006701,"BPT(mu=1400.0,t0=817.0,alph=0.24)","GR(min=6.38,max=6.85,beta=2.07232658369)",Yoro-Kuwana-Yokkaichi fault zone,"POLYGON ((35.066 136.641, 35.37477247375124 136.4570040027575, 35.31331706300987 136.3030587239445, 35.00454458925863 136.487054721187, 35.066 136.641))"
G030083,P(lmbd=33800.0),CHAR(mag=6.54),Kuchiudo-Yamanokuchi fault,"LINESTRING (35.957 137.205, 36.0759464097472 137.3716779825257)"
G030082,P(lmbd=27000.0),CHAR(mag=6.38),Furukawa fault zone (Toichi-gawa fault),"LINESTRING (36.167 137.002, 36.26492164279493 137.1386186564816)"
G030081,P(lmbd=4800.0),CHAR(mag=6.38),Kuno-gawa fault,"LINESTRING (35.672 137.172, 35.75892533691864 137.3004287451243)"
G030080,P(lmbd=4400.0),CHAR(mag=6.31),Wakatochi-toge fault,"LINESTRING (35.895 137.371, 35.78101351694277 137.2999229993942)"
G030087,P(lmbd=3500.0),CHAR(mag=6.23),Fukozu fault zone,"LINESTRING (34.825 137.1, 34.82650983748544 137.1810487708762)"
G030086,P(lmbd=7900.0),CHAR(mag=6.15),Hanadate fault,"LINESTRING (35.378 137.03, 35.36571488758052 137.0667379906343)"
G030085,P(lmbd=12700.0),CHAR(mag=6.38),Kasahara fault,"LINESTRING (35.299 137.247, 35.26031900218627 137.073753763167)"
G030084,P(lmbd=80000.0),CHAR(mag=6.38),Byobu-yama fault nanseibu,"LINESTRING (35.334 137.283, 35.37483118420727 137.3209908001067)"
G030089,P(lmbd=150000.0),CHAR(mag=6.31),Tenpaku-kako fault,"LINESTRING (35.071 136.94, 35.01354815831099 136.8193894692916)"
G030088,P(lmbd=8700.0),CHAR(mag=6.23),Nagoyashi-fukin fault,"LINESTRING (35.183 136.9, 35.08951088968847 136.9360657705429)"
F017901,P(lmbd=40000.0),CHAR(mag=6.38),Uzuto fault,"LINESTRING (34.622 133.193, 34.50420033483129 133.0745766268644)"
F01240A,"MULTI(F012401,F012402)",CHAR(mag=7.1),Kego fault zone (All segment),"LINESTRING (33.659 130.313, 33.8175823931081 130.0507659141182)"
F000101,P(lmbd=34000.0),"GR(min=6.38,max=6.85,beta=2.07232658369)",Shibetsu fault zone,"POLYGON ((43.96 145.08, 43.55256278094578 144.6687577577729, 43.6198435922719 144.540108833842, 44.02728081132612 144.9513510760691, 43.96 145.08))"
F01820A,"MULTI(F018101,F018201)",CHAR(mag=7.4),Kikugawa fault zone (Northern segment/Central segment),"LINESTRING (34.653 130.239, 34.35555911501755 130.733040591789)"
F002402,"BPT(mu=6300.0,t0=3000.0,alph=0.24)","GR(min=6.38,max=6.85,beta=2.07232658369)",Aizu-bonchi-toen fault zone,"POLYGON ((37.209 139.854, 37.64867079536109 139.9723495152198, 37.62467681639312 140.1128787995072, 37.18500602103204 139.9945292842874, 37.209 139.854))"
G030029,P(lmbd=2200.0),CHAR(mag=6.31),Obanazawa fault zone,"LINESTRING (38.614 140.415, 38.49194719761015 140.404898690979)"
F018201,"BPT(mu=4100.0,t0=5900.0,alph=0.24)","GR(min=6.38,max=6.85,beta=2.07232658369)",Kikugawa fault zone (Central segment),"LINESTRING (34.359 130.729, 34.08913222142165 131.0795666535717)"
F009701,"BPT(mu=10000.0,t0=1017.0,alph=0.24)","GR(min=6.38,max=6.7,beta=2.07232658369)",Ise-wan fault zone (Main part/Northern segment),"POLYGON ((34.771 136.831, 34.99208457379683 136.7383261270456, 35.01435752212282 136.8170729202976, 34.79327294832599 136.909746793252, 34.771 136.831))"
F009703,"BPT(mu=8000.0,t0=6500.0,alph=0.24)","GR(min=6.38,max=6.62,beta=2.07232658369)",Shirako-Noma fault,"POLYGON ((34.777 136.805, 34.77734531453196 136.56412282694, 34.85828413578761 136.564294813014, 34.85793882125566 136.805171986074, 34.777 136.805))"
F009702,"BPT(mu=5000.0,t0=2017.0,alph=0.24)",CHAR(mag=6.38),Ise-wan fault zone (Main part/Southern segment),"POLYGON ((34.693 136.988, 34.78328660087816 136.8245860264699, 34.87829391814933 136.9022331626579, 34.78800731727116 137.0656471361881, 34.693 136.988))"
F005301,P(lmbd=8000.0),CHAR(mag=6.38),Byoubuyama fault zone,"POLYGON ((35.405 137.395, 35.49082383651098 137.5889307208136, 35.41969330697485 137.636313826404, 35.33386947046388 137.4423831055904, 35.405 137.395))"
F006801,"BPT(mu=6500.0,t0=3500.0,alph=0.24)","GR(min=6.38,max=6.85,beta=2.07232658369)",Suzuka-toen fault zone,"POLYGON ((35.339 136.489, 34.91554680049141 136.386214885255, 34.93126792387115 136.2888831173715, 35.35472112337973 136.3916682321166, 35.339 136.489))"
F005302,P(lmbd=14600.0),"GR(min=6.38,max=6.62,beta=2.07232658369)",Ako fault zone,"POLYGON ((35.565 137.182, 35.43966270847398 137.3980130500578, 35.37376905769055 137.3402328208647, 35.49910634921655 137.1242197708069, 35.565 137.182))"
F005305,P(lmbd=60000.0),"GR(min=6.38,max=6.85,beta=2.07232658369)",Kagiya fault zone,"POLYGON ((34.736 136.938, 34.96627131138964 136.8885915128514, 34.98614794189911 137.0257639783449, 34.75587663050947 137.0751724654934, 34.736 136.938))"
F005304,"BPT(mu=40000.0,t0=14000.0,alph=0.24)","GR(min=6.38,max=6.85,beta=2.07232658369)",Sanage-Takahama fault zone,"POLYGON ((35.005 136.959, 35.24758313201758 137.1862505309614, 35.28923005499067 137.1199882653753, 35.04664692297309 136.8927377344138, 35.005 136.959))"
F012402,"BPT(mu=3100.0,t0=4300.0,alph=0.24)","GR(min=6.38,max=6.7,beta=2.07232658369)",Kego fault zone (Southeastern segment),"LINESTRING (33.656 130.309, 33.44898629617862 130.5491686697864)"
F012401,"BPT(mu=3100.0,t0=12.0,alph=0.24)","GR(min=6.38,max=6.7,beta=2.07232658369)",Kego fault zone (Northwestern segment),"LINESTRING (33.659 130.313, 33.8175823931081 130.0507659141182)"
F014121,"BPT(mu=2600.0,t0=717.0,alph=0.24)","GR(min=6.38,max=6.85,beta=2.07232658369)",Sekiya fault,"POLYGON ((37.164 139.929, 36.81226336371114 139.83437678754, 36.8362573426791 139.6939312151682, 37.18799397896797 139.7885544276282, 37.164 139.929))"
F020001,P(lmbd=40000.0),CHAR(mag=6.38),Kurose fault,"LINESTRING (34.399 132.784, 34.31109051006452 132.6324068382876)"
F007901,"BPT(mu=900.0,t0=517.0,alph=0.24)","GR(min=6.38,max=6.85,beta=2.07232658369)",Rokko-Awajishima fault zone (Main part/Rokko-sanchi-nanen-Awajishima-togan segment),"POLYGON ((34.845 135.526, 34.45854335112813 134.8658391490627, 34.52443700191157 134.8085689676028, 34.91089365078344 135.4687298185401, 34.845 135.526))"
F019401,P(lmbd=16000.0),"GR(min=6.38,max=6.85,beta=2.07232658369)",Ohara-ko fault,"LINESTRING (34.41 131.832, 34.16911218537869 131.4514827608729)"
F015421,P(lmbd=1600.0),CHAR(mag=6.38),Shiozawa fault zone,"POLYGON ((35.428 139.039, 35.35051037252379 138.8645782324068, 35.45991904196662 138.7913718850102, 35.53740866944283 138.9657936526034, 35.428 139.039))"
G030115,P(lmbd=4000.0),CHAR(mag=6.38),Ayame-ike flexure zone,"LINESTRING (34.774 135.79, 34.64328176381943 135.7749568536198)"
G030114,P(lmbd=16900.0),CHAR(mag=6.15),Tahara fault,"LINESTRING (34.73 135.948, 34.64086773285976 135.9267221319853)"
G030117,P(lmbd=4800.0),CHAR(mag=6.38),Habikino fault zone,"LINESTRING (34.549 135.603, 34.51752546965594 135.6025998090077)"
G030116,P(lmbd=7600.0),CHAR(mag=6.62),Keihanna-kyuryo flexure zone,"LINESTRING (34.781 135.776, 34.60346251988693 135.7196952666743)"
G030111,P(lmbd=49000.0),CHAR(mag=6.77),Nabari fault zone,"LINESTRING (34.714 136.251, 34.55396179136579 135.999096277486)"
G030110,P(lmbd=27000.0),CHAR(mag=6.38),Ieki fault zone,"LINESTRING (34.64 136.35, 34.52007718002384 136.2494462677354)"
G030113,P(lmbd=4400.0),CHAR(mag=6.31),Wazuka-dani fault,"LINESTRING (34.846 135.95, 34.74943363262793 135.8498590377862)"
G030112,P(lmbd=5100.0),CHAR(mag=6.38),Shigaraki fault zone,"LINESTRING (34.954 136.106, 34.85466041163246 136.0545521015499)"
F008001,"BPT(mu=8000.0,t0=28000.0,alph=0.24)","GR(min=6.38,max=6.85,beta=2.07232658369)",Uemachi fault zone,"POLYGON ((34.414 135.421, 34.82345848876089 135.4925222622776, 34.8164391802625 135.5515674439625, 34.40698069150162 135.4800451816849, 34.414 135.421))"
G030119,P(lmbd=60800.0),CHAR(mag=6.85),Chuo-kozosen Gojo,"LINESTRING (34.421 135.993, 34.33747513918065 135.607042108437)"
G030118,P(lmbd=27000.0),CHAR(mag=6.38),Izumi-hokuroku fault zone,"LINESTRING (34.421 135.522, 34.3791344170814 135.3528343516814)"
F012101,"BPT(mu=9400.0,t0=28000.0,alph=0.24)","GR(min=6.38,max=6.7,beta=2.07232658369)",Fukuchiyama fault zone,"POLYGON ((33.936 130.726, 33.65802305110507 130.8157763455133, 33.65079387616382 130.7832573614928, 33.92877082505875 130.6934810159796, 33.936 130.726))"
F013401,"BPT(mu=8000.0,t0=7300.0,alph=0.24)","GR(min=6.38,max=6.46,beta=2.07232658369)",Izumi fault zone,"POLYGON ((32.159 130.42, 32.02558876466314 130.2474168299409, 32.11011602058125 130.1562443579497, 32.2435272559181 130.3288275280088, 32.159 130.42))"
F015721,P(lmbd=8000.0),"GR(min=6.38,max=6.54,beta=2.07232658369)",Minobu fault,"POLYGON ((35.377 138.403, 35.2053119513614 138.5235934293026, 35.17779674010886 138.4646692047036, 35.34948478874746 138.344075775401, 35.377 138.403))"
F002001,P(lmbd=10000.0),"GR(min=6.38,max=6.85,beta=2.07232658369)",Nagamachi-Rifu-sen fault zone,"POLYGON ((38.404 141.027, 38.17093624846076 140.647699748939, 38.26852064317628 140.5500588311774, 38.50158439471552 140.9293590822383, 38.404 141.027))"
G030061,P(lmbd=1600.0),CHAR(mag=6.54),Kirigamine fault zone,"LINESTRING (36.157 138.173, 36.07463043068321 138.3533167745725)"
F01462A,"MULTI(F014621,F014622)",CHAR(mag=7.3),Nagano-bonchi-seien fault zone (All segment),"POLYGON ((36.553 138.043, 37.01688047664236 138.4281223583999, 36.94330666088486 138.5654545076472, 36.47942618424251 138.1803321492474, 36.553 138.043))"
G030062,P(lmbd=10000.0),CHAR(mag=6.38),Kamogawa-techi fault zone kita fault,"LINESTRING (35.14 139.977, 35.13299326298189 139.8993886943914)"
G030065,P(lmbd=16700.0),CHAR(mag=6.54),Ogiyama fault,"LINESTRING (35.645 139.096, 35.61949579577409 139.0038089617864)"
G030064,P(lmbd=47300.0),CHAR(mag=6.7),Tsurukawa fault,"LINESTRING (35.806 138.833, 35.66914590569363 139.0989035794428)"
G030067,P(lmbd=700.0),CHAR(mag=6.31),Hadano fault zone,"LINESTRING (35.371 139.096, 35.36182365441592 139.2422530116189)"
G030069,P(lmbd=5600.0),CHAR(mag=6.31),Tanna fault zone nantan group,"LINESTRING (34.967 138.934, 34.89509423069608 139.0706780201062)"
F005901,P(lmbd=18400.0),"GR(min=6.38,max=6.77,beta=2.07232658369)",Nagaragawa-joryu fault zone,"LINESTRING (35.705 136.974, 35.96003424833445 136.8098079966887)"
F019701,P(lmbd=40000.0),CHAR(mag=6.38),Takibe fault,"LINESTRING (34.33 130.867, 34.26154449827022 131.0325394932595)"
G030090,P(lmbd=5400.0),CHAR(mag=6.46),Bijo-zan fault zone,"LINESTRING (37.013 136.951, 36.9229209075696 136.7962974313329)"
G030150,P(lmbd=5400.0),CHAR(mag=6.46),Gyodo-zaki fault,"LINESTRING (33.425 134.225, 33.29529796469953 134.1181928209105)"
F005701,"BPT(mu=1700.0,t0=2017.0,alph=0.24)","GR(min=6.38,max=6.7,beta=2.07232658369)",Morimoto-Togashi fault zone,"POLYGON ((36.453 136.65, 36.66369308880668 136.776065618666, 36.61355578581769 136.9055848534593, 36.402862697011 136.7795192347933, 36.453 136.65))"
F001502,P(lmbd=19000.0),"GR(min=6.38,max=6.77,beta=2.07232658369)",Yokote-bonchi-toen fault zone (Southern segment),"POLYGON ((39.105 140.619, 39.39243934061932 140.6008835612404, 39.39803092722706 140.7482162247034, 39.11059158660773 140.766332663463, 39.105 140.619))"
F001501,"BPT(mu=3400.0,t0=121.0,alph=0.24)","GR(min=6.38,max=6.7,beta=2.07232658369)",Yokote-bonchi-toen fault zone (Northern segment),"POLYGON ((39.367 140.638, 39.61284114603303 140.7084980171557, 39.58108703240407 140.8937708960184, 39.33524588637103 140.8232728788628, 39.367 140.638))"
F009801,"BPT(mu=3000.0,t0=1217.0,alph=0.24)","GR(min=6.38,max=6.85,beta=2.07232658369)",Osaka-wan fault zone,"POLYGON ((34.69 135.219, 34.33314351059678 135.0110595196838, 34.34909193927357 134.9705762809606, 34.70594842867678 135.1785167612769, 34.69 135.219))"
G030153,P(lmbd=33100.0),CHAR(mag=6.15),Tosashimizu-kita fault zone,"LINESTRING (32.831 132.905, 32.79497296614625 132.8678600494124)"
F019201,"BPT(mu=4000.0,t0=11000.0,alph=0.24)","GR(min=6.38,max=6.85,beta=2.07232658369)",Yasaka fault,"LINESTRING (34.787 132.21, 34.44481970286945 131.7600642553584)"
F010101,P(lmbd=6000.0),"GR(min=6.38,max=6.46,beta=2.07232658369)",Hanawa-higashi fault zone,"POLYGON ((40.075 140.804, 40.24873559305934 140.864836921012, 40.21581813766549 141.0253830268008, 40.04208254460615 140.9645461057888, 40.075 140.804))"
F014621,"BPT(mu=800.0,t0=170.0,alph=0.24)","GR(min=6.38,max=6.85,beta=2.07232658369)",Nagano-bonchi-seien fault zone (Iyama-Chikuma segment),"POLYGON ((36.553 138.043, 37.01688047664236 138.4281223583999, 36.94330666088486 138.5654545076472, 36.47942618424251 138.1803321492474, 36.553 138.043))"
F014622,P(lmbd=6000.0),CHAR(mag=6.38),Nagano-bonchi-seien fault zone (Omi segment),"POLYGON ((36.428 137.97, 36.57052981535593 138.0653820393698, 36.52229294015108 138.1767238089803, 36.37976312479516 138.0813417696105, 36.428 137.97))"
F006502,"BPT(mu=4500.0,t0=832.0,alph=0.24)","GR(min=6.38,max=6.85,beta=2.07232658369)",Biwako-seigan fault zone (Southern part),"POLYGON ((35.303 136.007, 34.96496564928193 135.8562416885947, 35.01031841082292 135.7035580751844, 35.34835276154099 135.8543163865897, 35.303 136.007))"
F001601,"BPT(mu=3400.0,t0=2800.0,alph=0.24)","GR(min=6.38,max=6.77,beta=2.07232658369)",Kitayuri fault,"POLYGON ((39.391 140.052, 39.67878291389399 140.052, 39.67878291389399 140.2001115565947, 39.391 140.2001115565947, 39.391 140.052))"
F000602,P(lmbd=34000.0),"GR(min=6.38,max=6.85,beta=2.07232658369)",Ishikari-teichi-toen fault zone (Southern part),"POLYGON ((42.411 142.028, 42.89131102545373 141.8228841222142, 42.93346708101581 142.0039731291597, 42.45315605556207 142.2090890069456, 42.411 142.028))"
F000601,"BPT(mu=1000.0,t0=278.0,alph=0.24)","GR(min=6.38,max=6.85,beta=2.07232658369)",Ishikari-teichi-toen fault zone (Main part),"POLYGON ((42.969 141.915, 43.29971839818207 142.0276900343781, 43.26580327951992 142.2135896021169, 42.93508488133787 142.1008995677388, 42.969 141.915))"
F016222,"BPT(mu=600.0,t0=1217.0,alph=0.24)","GR(min=6.38,max=6.85,beta=2.07232658369)",Itoigawa-Shizuoka-kozosen fault zone (Central northern segment),"POLYGON ((35.983 138.162, 36.02283258359954 138.0906437386636, 36.04815111451082 138.1122284490136, 36.00831853091128 138.18358471035, 35.983 138.162))"
F005001,"BPT(mu=3600.0,t0=1017.0,alph=0.24)","GR(min=6.38,max=6.85,beta=2.07232658369)",Shokawa fault zone,"LINESTRING (35.912 137.06, 36.52161305764559 136.7904988784335)"
G030045,P(lmbd=3200.0),CHAR(mag=6.31),Hanezu fault zone,"LINESTRING (38.002 139.44, 37.94131920159806 139.4000830986435)"
F013001,"BPT(mu=8100.0,t0=1.0,alph=0.24)","GR(min=6.38,max=6.46,beta=2.07232658369)",Futagawa fault zone (Futagawa segment),"LINESTRING (32.888 131.027, 32.75870843249594 130.8211868105968)"
F013003,P(lmbd=12000.0),"GR(min=6.38,max=6.7,beta=2.07232658369)",Futagawa fault zone (Uto-hanto-hokugan segment),"POLYGON ((32.748 130.637, 32.5874904873277 130.3529954834522, 32.64720632582084 130.3052847046851, 32.80771583849314 130.5892892212329, 32.748 130.637))"
F013002,P(lmbd=8000.0),"GR(min=6.38,max=6.46,beta=2.07232658369)",Futagawa fault zone (Uto segment),"POLYGON ((32.78 130.831, 32.69079353892759 130.6209515336494, 32.75501127586124 130.5823685826624, 32.84421773693365 130.792417049013, 32.78 130.831))"
F007303,"BPT(mu=4200.0,t0=2800.0,alph=0.24)","GR(min=6.38,max=6.85,beta=2.07232658369)",Hanaore fault zone/Central southern segment,"LINESTRING (35.183 135.867, 34.99994656025493 135.7751432234617)"
F004501,"BPT(mu=6400.0,t0=817.0,alph=0.24)","GR(min=6.38,max=6.85,beta=2.07232658369)",Kiso-sanmyaku-seien fault zone (Main part/Northern segment),"LINESTRING (35.583 137.6, 35.67295570046854 137.7083172079698)"
F007301,"BPT(mu=3800.0,t0=355.0,alph=0.24)","GR(min=6.38,max=6.7,beta=2.07232658369)",Mikata fault zone,"POLYGON ((35.441 135.907, 35.69239250241648 135.8892081380262, 35.69705167400164 135.9883903919186, 35.44565917158516 136.0061822538924, 35.441 135.907))"
F004503,P(lmbd=22000.0),"GR(min=6.38,max=6.77,beta=2.07232658369)",Seinaiji toge fault zone,"LINESTRING (35.383 137.617, 35.71624969566339 137.7098649935759)"
F017401,"BPT(mu=20000.0,t0=90000.0,alph=0.24)",CHAR(mag=6.38),Nichinan-ko fault,"LINESTRING (35.277 133.276, 35.13451300803568 133.3915242606646)"
F018901,"BPT(mu=2300.0,t0=5600.0,alph=0.24)","GR(min=6.38,max=6.7,beta=2.07232658369)",Akinada fault zone,"POLYGON ((34.13 132.422, 33.96949023348866 132.1876057438375, 34.0121500835219 132.1449712196518, 34.17265985003323 132.3793654758143, 34.13 132.422))"
F01300E,"MULTI(F013001,F013101)",CHAR(mag=6.8),Futagawa/Hinagu fault zone (Futagawa segment/Takano-Shirahata segment),"LINESTRING (32.888 131.027, 32.75870843249594 130.8211868105968)"
F01300D,"MULTI(F013002,F013003)",CHAR(mag=7.0),Futagawa fault zone (Uto segment/Uto-hanto-hokugan segment),"POLYGON ((32.78 130.831, 32.69079353892759 130.6209515336494, 32.75501127586124 130.5823685826624, 32.84421773693365 130.792417049013, 32.78 130.831))"
F01300F,"MULTI(F013001,F013101,F013102)",CHAR(mag=7.3),Futagawa/Hinagu fault zone (Futagawa segment/Takano-Shirahata segment/Hinagu segment),"LINESTRING (32.888 131.027, 32.75870843249594 130.8211868105968)"
F01300A,"MULTI(F013001,F013002,F013003)",CHAR(mag=7.2),Futagawa fault zone (All segment),"LINESTRING (32.888 131.027, 32.75870843249594 130.8211868105968)"
F01300C,"MULTI(F013001,F013002)",CHAR(mag=6.9),Futagawa fault zone (Futagawa segment/Uto segment),"LINESTRING (32.888 131.027, 32.75870843249594 130.8211868105968)"
F01300B,"MULTI(F013001,F013101,F013102,F013103)",CHAR(mag=7.4),Futagawa/Hinagu fault zone (Futagawa segment/all segment of Hinagu fault zone),"LINESTRING (32.888 131.027, 32.75870843249594 130.8211868105968)"
F001101,P(lmbd=30000.0),"GR(min=6.38,max=6.85,beta=2.07232658369)",Oritsume fault,"POLYGON ((40.499 141.242, 40.08776045445541 141.4145946829372, 40.05295932440112 141.2711906132961, 40.4641988699457 141.0985959303589, 40.499 141.242))"
F002301,"BPT(mu=8000.0,t0=2400.0,alph=0.24)","GR(min=6.38,max=6.85,beta=2.07232658369)",Futaba fault,"LINESTRING (37.658 140.901, 38.03328706747394 140.8469892671812)"
G030025,P(lmbd=36500.0),CHAR(mag=6.62),Asahiyama flexure zone,"LINESTRING (38.602 141.096, 38.56573982196698 141.1898802049049)"
F007001,"BPT(mu=10000.0,t0=10000.0,alph=0.24)","GR(min=6.38,max=6.77,beta=2.07232658369)",Tongu fault,"POLYGON ((34.696 136.222, 34.98338851741227 136.203681156627, 34.98696895374498 136.286775809563, 34.6995804363327 136.305094652936, 34.696 136.222))"
G030027,P(lmbd=26500.0),CHAR(mag=6.15),Sakunami-Yashikidaira fault zone,"LINESTRING (38.29 140.626, 38.20311136007062 140.601254950269)"
G030026,P(lmbd=36400.0),CHAR(mag=6.23),Medeshima-suite fault,"LINESTRING (38.196 140.848, 38.09618761686831 140.8460048534261)"
G030021,P(lmbd=35500.0),CHAR(mag=6.54),Yokote-bonchi-senan fault zone,"LINESTRING (39.36 140.37, 39.17485260471997 140.3616377147654)"
G030020,P(lmbd=5100.0),CHAR(mag=6.38),Kitaguchi fault zone,"LINESTRING (39.991 140.235, 39.85718126846097 140.1762184493073)"
G030023,P(lmbd=3500.0),CHAR(mag=6.23),Kamagadai fault zone,"LINESTRING (39.283 140.02, 39.23562475819471 140.0337934606243)"
G030022,P(lmbd=7600.0),CHAR(mag=6.62),Toridame fault zone,"LINESTRING (39.548 140.211, 39.3365712352189 140.1547157332826)"
F019801,P(lmbd=40000.0),CHAR(mag=6.38),Nago fault,"LINESTRING (34.574 131.601, 34.48500232005812 131.4500259126925)"
F004801,"BPT(mu=3600.0,t0=4700.0,alph=0.24)","GR(min=6.38,max=6.62,beta=2.07232658369)",Kokufu fault zone,"LINESTRING (36.047 136.996, 36.20886037991423 137.2345779740328)"
G030028,P(lmbd=2900.0),CHAR(mag=6.23),Togatta fault zone,"LINESTRING (38.151 140.572, 38.05671846809683 140.5652969495578)"
F004803,P(lmbd=15200.0),"GR(min=6.38,max=6.46,beta=2.07232658369)",Inohana fault zone,"LINESTRING (35.932 137.281, 36.03991859271025 137.5118485435371)"
F004802,P(lmbd=8000.0),"GR(min=6.38,max=6.85,beta=2.07232658369)",Takayama fault zone,"LINESTRING (35.888 136.976, 36.16547493699582 137.3841679992132)"
G030148,P(lmbd=3500.0),CHAR(mag=6.23),Tsunatsukimori fault,"LINESTRING (33.816 133.966, 33.77982716898708 133.8598423999348)"
G030146,P(lmbd=72800.0),CHAR(mag=6.62),Ebata fault zone,"LINESTRING (34.149 133.934, 34.05720537564812 133.727135626343)"
G030147,P(lmbd=49600.0),CHAR(mag=6.38),Takanawa-san-kita fault,"LINESTRING (33.984 132.949, 33.94827527054595 132.7977529089388)"
G030144,P(lmbd=4100.0),CHAR(mag=6.31),Tokushima-heiya-nanen fault zone,"LINESTRING (34.052 134.466, 34.05319602271695 134.328155776965)"
G030145,P(lmbd=92700.0),CHAR(mag=6.7),Akui-gawa fault zone,"LINESTRING (33.991 134.46, 33.90490339804065 134.1699842343099)"
F010501,P(lmbd=16000.0),"GR(min=6.38,max=6.77,beta=2.07232658369)",Uozu fault zone,"POLYGON ((36.877 137.491, 36.68138507812134 137.3769679562834, 36.63135130491232 137.5111032570074, 36.82696622679099 137.6251353007239, 36.877 137.491))"
G030143,P(lmbd=53000.0),CHAR(mag=6.38),Shibuki fault,"LINESTRING (34.355 131.237, 34.23513072270478 131.1466217967366)"
F01860A,"MULTI(F018501,F018601)",CHAR(mag=7.2),Iwakuni-Itsukaichi fault zone (Itsukaichi fault segment/Iwakuni fault segment),"POLYGON ((34.506 132.409, 34.28123792073222 132.2712248236421, 34.30620098067895 132.2112555879403, 34.53096305994674 132.3490307642982, 34.506 132.409))"
F011002,P(lmbd=57400.0),CHAR(mag=6.38),Miyako-jima fault zone (Western part),"POLYGON ((24.697 125.34, 24.83912069493089 125.2186607501563, 24.8887287449502 125.2890540783954, 24.74660805001931 125.4103933282391, 24.697 125.34))"
F011001,P(lmbd=94600.0),"GR(min=6.38,max=6.7,beta=2.07232658369)",Miyako-jima fault zone (Central part),"POLYGON ((24.718 125.41, 24.94349788553932 125.2469346901674, 24.98793521295245 125.32140765297, 24.76243732741313 125.4844729628026, 24.718 125.41))"
F017301,"BPT(mu=4600.0,t0=74.0,alph=0.24)","GR(min=6.38,max=6.7,beta=2.07232658369)",Shikano-Yoshioka dault,"LINESTRING (35.517 134.318, 35.43183900035582 134.0034761964802)"
F002601,"BPT(mu=7500.0,t0=6500.0,alph=0.24)","GR(min=6.38,max=6.77,beta=2.07232658369)",Tsukioka fault zone,"POLYGON ((37.936 139.3, 37.66609158948845 139.1734082798714, 37.69830433670808 139.0629949238677, 37.96821274721962 139.1895866439964, 37.936 139.3))"
G030091,P(lmbd=2000.0),CHAR(mag=6.38),Tanigumi-Kochibora fault,"LINESTRING (35.517 136.702, 35.51406512159463 136.659060044036)"
G030092,P(lmbd=5100.0),CHAR(mag=6.38),Ikedayama fault,"LINESTRING (35.497 136.537, 35.36042808816157 136.5810082332674)"
G030093,P(lmbd=9800.0),CHAR(mag=6.77),Tsushima fault zone,"LINESTRING (35.303 136.623, 35.0535909746047 136.7655080095883)"
G030094,P(lmbd=4100.0),CHAR(mag=6.31),Suzukaoki fault,"LINESTRING (34.93 136.726, 34.83810578169221 136.6326128066887)"
G030095,P(lmbd=6000.0),CHAR(mag=6.54),Yoro-sanchi-seien fault zone,"LINESTRING (35.248 136.487, 35.11847851038256 136.6268241597103)"
G030096,P(lmbd=13500.0),CHAR(mag=6.46),Hokyoji fault,"LINESTRING (35.94 136.61, 35.88648001780792 136.4283797436722)"
G030097,P(lmbd=2600.0),CHAR(mag=6.15),Kanekusa-dake fault zone,"LINESTRING (35.818 136.36, 35.75054089082425 136.2866556546823)"
G030098,P(lmbd=10300.0),CHAR(mag=6.31),Okukawanami fault,"LINESTRING (35.662 136.17, 35.60695560793713 136.3007024349231)"
G030099,P(lmbd=9500.0),CHAR(mag=6.23),Sarake fault,"LINESTRING (36.072 136.176, 36.02538217588135 136.0494421027037)"
F015021,"BPT(mu=10000.0,t0=20000.0,alph=0.24)","GR(min=6.38,max=6.77,beta=2.07232658369)",Tachikawa fault zone,"POLYGON ((35.669 139.453, 35.88521157804432 139.1868592546086, 35.90508820855379 139.2113259427828, 35.68887663050947 139.4774666881742, 35.669 139.453))"
G030060,P(lmbd=5700.0),CHAR(mag=6.46),Noto fault zone,"LINESTRING (37.315 137.135, 37.19680287198546 136.9959262254759)"
F007701,"BPT(mu=3000.0,t0=1617.0,alph=0.24)","GR(min=6.38,max=6.85,beta=2.07232658369)",Ikoma fault zone,"POLYGON ((34.52 135.646, 34.87489826429244 135.7173087015084, 34.85324081643872 135.8760877491131, 34.49834255214628 135.8047790476047, 34.52 135.646))"
F018601,"BPT(mu=9000.0,t0=11000.0,alph=0.24)","GR(min=6.38,max=6.85,beta=2.07232658369)",Iwakuni-Itsukaichi fault zone (Iwakuni fault segment),"POLYGON ((34.282 132.277, 34.04248788086675 131.8423570637655, 34.08854943583336 131.8051789434144, 34.3280615549666 132.2398218796488, 34.282 132.277))"
F015621,P(lmbd=4000.0),"GR(min=6.38,max=6.77,beta=2.07232658369)",Sone-kyuryo fault zone,"POLYGON ((35.52 138.504, 35.70614058402556 138.8020468936074, 35.60093986540673 138.9012266827098, 35.41479928138118 138.6031797891024, 35.52 138.504))"
F013501,P(lmbd=40000.0),"GR(min=6.38,max=6.46,beta=2.07232658369)",Koshiki fault zone (Kamikoshiki-jima northeastern segment),"POLYGON ((32.08 130.045, 31.91094467679257 129.9236891036862, 31.92545556621964 129.8955218684536, 32.09451088942706 130.0168327647674, 32.08 130.045))"
F000501,"BPT(mu=7500.0,t0=11000.0,alph=0.24)","GR(min=6.38,max=6.46,beta=2.07232658369)",Tobetsu fault,"POLYGON ((43.456 141.539, 43.25814924669788 141.539, 43.25814924669788 141.3681694064762, 43.456 141.3681694064762, 43.456 141.539))"
F012201,"BPT(mu=8000.0,t0=20000.0,alph=0.24)","GR(min=6.38,max=6.85,beta=2.07232658369)",Nishiyama fault zone (Oshima-Oki segment),"LINESTRING (34.212 130.122, 33.91435645950578 130.4032043584611)"
F012202,"BPT(mu=8000.0,t0=13000.0,alph=0.24)","GR(min=6.38,max=6.85,beta=2.07232658369)",Nishiyama fault zone (Nishiyama segment),"LINESTRING (33.932 130.387, 33.57925949012526 130.6869058045031)"
F012203,P(lmbd=12000.0),"GR(min=6.38,max=6.77,beta=2.07232658369)",Nishiyama fault zone (Kama-toge segment),"POLYGON ((33.583 130.658, 33.36120275296144 130.9106494236809, 33.33556715546084 130.8782225103029, 33.5573644024994 130.625573086622, 33.583 130.658))"
F01830B,"MULTI(F018101,F018201,F018301)",CHAR(mag=7.4),Kikugawa fault zone (All segment),"LINESTRING (34.653 130.239, 34.35555911501755 130.733040591789)"
F01830A,"MULTI(F018201,F018301)",CHAR(mag=7.2),Kikugawa fault zone (Central segment/Southern segment),"LINESTRING (34.359 130.729, 34.08913222142165 131.0795666535717)"
F018301,P(lmbd=8000.0),"GR(min=6.38,max=6.46,beta=2.07232658369)",Kikugawa fault zone (Southern segment),"LINESTRING (34.087 131.078, 33.93250376121451 131.1892050199474)"
F006102,P(lmbd=7600.0),CHAR(mag=6.23),Yanagase/Sekigahara fault zone (Main part/Central segment),"LINESTRING (35.633 136.167, 35.74913700680864 136.1504668541286)"
F006103,P(lmbd=28000.0),"GR(min=6.38,max=6.85,beta=2.07232658369)",Yanagase/Sekigahara fault zone (Main part/Southern segment),"LINESTRING (35.633 136.167, 35.32936253421139 136.5445200782153)"
F006101,"BPT(mu=2300.0,t0=417.0,alph=0.24)","GR(min=6.38,max=6.85,beta=2.07232658369)",Yanagase/Sekigahara fault zone (Main part/Northern segment),"POLYGON ((35.905 135.981, 36.10414608468264 136.0808347459, 36.05749214760885 136.2226824567256, 35.85834606292621 136.1228477108256, 35.905 135.981))"
F006104,P(lmbd=40000.0),"GR(min=6.38,max=6.7,beta=2.07232658369)",Urazoko-Yanagaseyama fault zone,"LINESTRING (35.583 136.183, 35.76420032374062 136.0012849642671)"
F01220A,"MULTI(F012201,F012202,F012203)",CHAR(mag=7.5),Nishiyama fault zone (All segment),"LINESTRING (34.212 130.122, 33.91435645950578 130.4032043584611)"
F01220B,"MULTI(F012201,F012202)",CHAR(mag=7.3),Nishiyama fault zone (Oshima-Oki segment/Nishiyama segment),"LINESTRING (34.212 130.122, 33.91435645950578 130.4032043584611)"
F01220C,"MULTI(F012202,F012203)",CHAR(mag=7.3),Nishiyama fault zone (Nishiyama segment/Kama-toge segment),"LINESTRING (33.932 130.387, 33.57925949012526 130.6869058045031)"
G030151,P(lmbd=17500.0),CHAR(mag=6.62),Kochi-Agawa,"LINESTRING (33.679 133.453, 33.61131573113509 133.2307383542035)"
F004602,P(lmbd=4400.0),"GR(min=6.38,max=6.7,beta=2.07232658369)",Mutoyama-Narai fault zone,"LINESTRING (35.921 137.767, 36.1109372031807 138.0339730871035)"
F015921,"BPT(mu=2000.0,t0=37.0,alph=0.24)",CHAR(mag=6.38),Ito-oki falut,"LINESTRING (35.001 139.167, 34.82655462833569 139.2204923492161)"
F012501,P(lmbd=60000.0),"GR(min=6.38,max=6.7,beta=2.07232658369)",Hinata-Okasagi-toge fault zone,"LINESTRING (33.384 130.521, 33.55111638870135 130.2404143706846)"
G030102,P(lmbd=3500.0),CHAR(mag=6.23),Mimi-kawa fault zone,"LINESTRING (35.613 135.992, 35.51206611218348 135.9698845827346)"
G030103,P(lmbd=3800.0),CHAR(mag=6.23),Biwako-togan-kotei fault,"LINESTRING (35.426 136.167, 35.34578218976922 136.2620657890961)"
G030100,P(lmbd=13500.0),CHAR(mag=6.46),Hosenji fault zone,"LINESTRING (36.035 136.095, 35.87998597063514 136.1114339586207)"
G030101,P(lmbd=69500.0),CHAR(mag=6.54),Mihama-wan-oki fault,"LINESTRING (35.828 135.926, 35.64741549667526 135.8749878121894)"
G030106,P(lmbd=40600.0),CHAR(mag=6.62),Odorii fault zone,"LINESTRING (34.91 136, 35.03154357827639 136.127035698146)"
F014221,P(lmbd=4800.0),CHAR(mag=6.38),Uchinokomori fault,"POLYGON ((36.734 139.534, 36.57760888473184 139.4231432382363, 36.59280185019362 139.3897717870754, 36.74919296546179 139.5006285488391, 36.734 139.534))"
G030104,P(lmbd=8700.0),CHAR(mag=6.23),Kumagawa fault zone,"LINESTRING (35.429 135.947, 35.4635599036034 135.8285434542239)"
G030105,P(lmbd=4400.0),CHAR(mag=6.31),Biwako-nambu-kotei fault,"LINESTRING (35.23 136.094, 35.15369770994131 135.9659007157984)"
G030108,P(lmbd=3200.0),CHAR(mag=6.15),Kyogamine-minami fault,"LINESTRING (34.77 136.291, 34.74900526096787 136.4008303204109)"
G030109,P(lmbd=33800.0),CHAR(mag=6.54),Chuo-kozosen Taki,"LINESTRING (34.45 136.42, 34.47005289977563 136.6301729517484)"
F008401,"BPT(mu=30000.0,t0=1217.0,alph=0.24)","GR(min=6.38,max=6.62,beta=2.07232658369)",Nagao fault zone,"POLYGON ((34.177 133.997, 34.2139810914284 134.2760763675526, 34.08304744967148 134.3014264217223, 34.04606635824308 134.0223500541697, 34.177 133.997))"
F018001,P(lmbd=40000.0),CHAR(mag=6.38),Yasuda fault,"LINESTRING (34.779 133.09, 34.67789555171489 132.9503764583348)"
F015321,"BPT(mu=4000.0,t0=1617.0,alph=0.24)","GR(min=6.38,max=6.62,beta=2.07232658369)",Isehara fault,"POLYGON ((35.363 139.323, 35.5586775335939 139.2871394648974, 35.57559653090397 139.4259596959566, 35.37991899731007 139.4618202310593, 35.363 139.323))"
F016121,"BPT(mu=2000.0,t0=43.0,alph=0.24)","GR(min=6.38,max=6.54,beta=2.07232658369)",Iro-zaki fault,"POLYGON ((34.567 138.927, 34.6914155287075 138.7128180462256, 34.70417651760939 138.7237498319637, 34.57976098890189 138.9379317857381, 34.567 138.927))"
F01280B,"MULTI(F012803,F012804)",CHAR(mag=6.9),Oita-heiya-Yufuin fault zone (All segment),"POLYGON ((33.261 131.747, 33.32034204133058 131.4102316639535, 33.38194164036272 131.4257559619612, 33.32259959903214 131.7625242980077, 33.261 131.747))"
F01280A,"MULTI(F012801,F012802)",CHAR(mag=7.2),Beppu-wan-Hijiu fault zone (All segment),"POLYGON ((33.299 131.492, 33.33662290041578 132.0065066369554, 33.27390994131708 132.0130711054199, 33.23628704090131 131.4985644684645, 33.299 131.492))"
G030191,P(lmbd=5800.0),CHAR(mag=6.46),Kagoshimawan-toen fault zone,"LINESTRING (31.699 130.802, 31.64896155651851 130.8193093739621)"
G030190,P(lmbd=32000.0),CHAR(mag=6.38),Minamata fault zone,"LINESTRING (32.201 130.417, 32.12558583220886 130.3498410068783)"
G030193,P(lmbd=1500.0),CHAR(mag=6.38),Ikedako-nishi fault zone,"LINESTRING (31.27 130.583, 31.20061919515327 130.5246712954928)"
G030192,P(lmbd=63000.0),CHAR(mag=6.38),Kagoshimawan-seien fault zone,"LINESTRING (31.65 130.61, 31.53352945903279 130.5300486577901)"
F012802,"BPT(mu=13000.0,t0=7300.0,alph=0.24)","GR(min=6.38,max=6.77,beta=2.07232658369)",Beppu-wan-Hijiu fault zone/Western segment,"POLYGON ((33.318 131.129, 33.318 131.5164383913454, 33.25504748758569 131.5164383913454, 33.25504748758569 131.129, 33.318 131.129))"
F012803,"BPT(mu=2300.0,t0=2200.0,alph=0.24)","GR(min=6.38,max=6.7,beta=2.07232658369)",Oita-heiya-Yufuin fault zone/Eastern segment,"POLYGON ((33.261 131.747, 33.32034204133058 131.4102316639535, 33.38194164036272 131.4257559619612, 33.32259959903214 131.7625242980077, 33.261 131.747))"
F012801,"BPT(mu=1300.0,t0=421.0,alph=0.24)","GR(min=6.38,max=6.85,beta=2.07232658369)",Beppu-wan-Hijiu fault zone/Eastern segment,"POLYGON ((33.299 131.492, 33.33662290041578 132.0065066369554, 33.27390994131708 132.0130711054199, 33.23628704090131 131.4985644684645, 33.299 131.492))"
F012806,"BPT(mu=4300.0,t0=817.0,alph=0.24)","GR(min=6.38,max=6.85,beta=2.07232658369)",Kuenohirayama-Kameishiyama fault zone,"POLYGON ((33.18 131.373, 33.21690793852446 130.9670707950901, 33.27949223942562 130.9751941152123, 33.24258430090116 131.3811233201222, 33.18 131.373))"
F012804,P(lmbd=1400.0),CHAR(mag=6.31),Oita-heiya-Yufuin fault zone part/Western segment,"POLYGON ((33.285 131.452, 33.26107292454234 131.2604811197014, 33.32333395795858 131.2493500741977, 33.34726103341624 131.4408689544964, 33.285 131.452))"
F012805,"BPT(mu=4000.0,t0=3900.0,alph=0.24)","GR(min=6.38,max=6.77,beta=2.07232658369)",Noinedake-Haneyama fault zone,"POLYGON ((33.218 130.962, 33.218 131.3274952705143, 33.15504748758569 131.3274952705143, 33.15504748758569 130.962, 33.218 130.962))"
F001802,P(lmbd=5000.0),"GR(min=6.38,max=6.77,beta=2.07232658369)",Yamagata-bonchi fault zone (Southern segment),"POLYGON ((38.409 140.236, 38.12191811082033 140.21038115719, 38.12990278231464 140.0646597658144, 38.41698467149431 140.0902786086244, 38.409 140.236))"
F009901,"BPT(mu=4000.0,t0=5100.0,alph=0.24)","GR(min=6.38,max=6.85,beta=2.07232658369)",Sarobetsu fault zone,"POLYGON ((44.856 141.9, 45.22024515734765 141.6818904442395, 45.2750218965711 141.8639331259415, 44.91077673922345 142.082042681702, 44.856 141.9))"
F001801,"BPT(mu=2500.0,t0=3900.0,alph=0.24)","GR(min=6.38,max=6.77,beta=2.07232658369)",Yamagata-bonchi fault zone (Northern segment),"POLYGON ((38.676 140.332, 38.41665497637018 140.2367430553837, 38.4482057933715 140.0958023431591, 38.70755081700132 140.1910592877754, 38.676 140.332))"
G030176,P(lmbd=3500.0),CHAR(mag=6.23),Kinwan-segan fault zone,"LINESTRING (26.429 127.808, 26.34532740082958 127.8741580550716)"
G030175,P(lmbd=4100.0),CHAR(mag=6.31),Okinoerabu-jima fault zone,"LINESTRING (27.43 128.7, 27.38148419612634 128.6171018397329)"
G030174,P(lmbd=1100.0),CHAR(mag=6.31),Kikai-jima fault zone,"LINESTRING (28.371 130.025, 28.27396674719297 129.9403797462201)"
G030173,P(lmbd=4800.0),CHAR(mag=6.46),Yaku-shima-nangan fault zone,"LINESTRING (30.289 130.634, 30.24685768304429 130.5784468210659)"
G030172,P(lmbd=5600.0),CHAR(mag=6.31),Tanega-shima-hokubu fault,"LINESTRING (30.683 131.072, 30.78834540187051 130.9862284073598)"
G030078,P(lmbd=3200.0),CHAR(mag=6.15),Suzugasawa fault,"LINESTRING (35.325 137.676, 35.28380455847474 137.7689945421071)"
G030079,P(lmbd=1600.0),CHAR(mag=6.15),Shirosu-toge fault zone,"LINESTRING (35.8 137.456, 35.73014347892234 137.3826977316659)"
G030076,P(lmbd=15900.0),CHAR(mag=6.54),Hiraoka fault,"LINESTRING (35.325 137.94, 35.22723766173621 137.74972251464)"
G030074,P(lmbd=16500.0),CHAR(mag=7.09),Chuo-kozosen-Akaishi-sanchi-seien fault zone,"LINESTRING (35.535 138.036, 35.10240303072968 137.8265954144897)"
G030075,P(lmbd=8600.0),CHAR(mag=6.7),Shimoina-ryuto fault zone,"LINESTRING (35.579 137.967, 35.35630727167696 137.8399015378349)"
G030072,P(lmbd=4800.0),CHAR(mag=6.23),Nihondaira fault zone,"LINESTRING (34.948 138.432, 34.99517673892245 138.440293924911)"
G030073,P(lmbd=22000.0),CHAR(mag=6.31),Hatanagi-san fault,"LINESTRING (35.44 138.21, 35.33465867862804 138.1452525734832)"
G030070,P(lmbd=2900.0),CHAR(mag=6.23),Daruma-yama fault zone,"LINESTRING (35.02 138.82, 34.94471899435339 138.8037913192638)"
G030178,P(lmbd=3500.0),CHAR(mag=6.23),Yonaguni-jima fault zone,"LINESTRING (24.46 123.043, 24.4454761205576 122.9374962071973)"
G030128,P(lmbd=20300.0),CHAR(mag=6.23),Akenobe-hoppo fault,"LINESTRING (35.316 134.739, 35.28043097221568 134.6094721080529)"
G030129,P(lmbd=16900.0),CHAR(mag=6.15),Hikihara fault,"LINESTRING (35.281 134.574, 35.20061533160917 134.5385481443081)"
F012601,"BPT(mu=14000.0,t0=1338.0,alph=0.24)","GR(min=6.38,max=6.7,beta=2.07232658369)",Minou fault zone,"POLYGON ((33.334 130.853, 33.31517994880277 130.5308620122213, 33.37797911206081 130.5256059263067, 33.39679916325805 130.8477439140854, 33.334 130.853))"
F014521,P(lmbd=11400.0),"GR(min=6.38,max=6.46,beta=2.07232658369)",Ota fault,"POLYGON ((36.378 139.319, 36.21647687968153 139.4172829351518, 36.16611926324492 139.2896088744901, 36.32764238356338 139.1913259393382, 36.378 139.319))"
F019601,P(lmbd=24000.0),"GR(min=6.38,max=6.85,beta=2.07232658369)",Tsutsuga falult,"LINESTRING (34.763 132.509, 34.40475008733563 132.0178257896768)"
F006501,P(lmbd=2000.0),"GR(min=6.38,max=6.62,beta=2.07232658369)",Biwako-seigan fault zone (Northern part),"POLYGON ((35.48 135.993, 35.26420259075647 135.9879116453577, 35.26640002510005 135.847371556939, 35.48219743434358 135.8524599115813, 35.48 135.993))"
F001201,"BPT(mu=1900.0,t0=323.0,alph=0.24)","GR(min=6.38,max=6.62,beta=2.07232658369)",Noshiro fault zone,"POLYGON ((40.078 139.999, 40.29208770472287 140.0348423088227, 40.27754326026089 140.1832249499381, 40.06345555553803 140.1473826411154, 40.078 139.999))"
F019901,P(lmbd=40000.0),CHAR(mag=6.38),Sakaedani fault,"POLYGON ((34.158 131.895, 34.03622278394323 131.7832958804142, 34.06783705265779 131.7329625740001, 34.18961426871456 131.8446666935859, 34.158 131.895))"
F01770A,"MULTI(F017701,F017702)",CHAR(mag=7.3),Yamasaki fault zone (Main part Northwestern/Southeastern segment),"LINESTRING (34.88 134.748, 35.14945113402491 134.2554957656905)"
F017702,"BPT(mu=3900.0,t0=1717.0,alph=0.24)","GR(min=6.38,max=6.77,beta=2.07232658369)",Yamasaki fault zone (Main part/Southeastern segment),"LINESTRING (34.78 135.02, 34.9645982440892 134.7512006194075)"
F017701,"BPT(mu=1800.0,t0=1149.0,alph=0.24)","GR(min=6.38,max=6.85,beta=2.07232658369)",Yamasaki fault zone (Main part/Northwestern segment),"LINESTRING (34.88 134.748, 35.14945113402491 134.2554957656905)"
F010202,"BPT(mu=2300.0,t0=3500.0,alph=0.24)","GR(min=6.38,max=6.7,beta=2.07232658369)",Takada-heiya-toen fault zone,"POLYGON ((36.962 138.359, 37.18984454501269 138.4931819410234, 37.13338510232702 138.6433418874597, 36.90554055731433 138.5091599464363, 36.962 138.359))"
F010201,"BPT(mu=2200.0,t0=266.0,alph=0.24)","GR(min=6.38,max=6.77,beta=2.07232658369)",Takada-heiya-seien fault zone,"POLYGON ((37.296 138.19, 37.00831570212306 138.1994697222989, 37.00531935896316 138.0556306379973, 37.2930036568401 138.0461609156984, 37.296 138.19))"
F017801,P(lmbd=12000.0),"GR(min=6.38,max=6.77,beta=2.07232658369)",Chojagahara-Yoshii fault,"LINESTRING (34.67 133.487, 34.46686222255516 133.239141866313)"
