,# MNO,JLG,JLA,WLG,WLA,FRQ,BVL,MMN,ANO,DEP,STR,DIP
0,1,140.704,46.498,140.7,46.5,0.000402257,0.9,5.0,1,3.0,0.0,90.0
1,2,140.804,46.498,140.8,46.5,0.000403987,0.9,5.0,1,3.0,0.0,90.0
2,3,140.904,46.498,140.9,46.5,0.000403115,0.9,5.0,1,3.0,0.0,90.0
3,4,141.004,46.498,141.0,46.5,0.0003996,0.9,5.0,1,3.0,0.0,90.0
4,5,140.604,46.398,140.6,46.4,0.000395599,0.9,5.0,1,3.0,0.0,90.0
5,6,140.704,46.398,140.7,46.4,0.000399007,0.9,5.0,1,3.0,0.0,90.0
6,7,140.804,46.398,140.8,46.4,0.000401047,0.9,5.0,1,3.0,0.0,90.0
7,8,140.904,46.398,140.9,46.4,0.000400841,0.9,5.0,1,3.0,0.0,90.0
8,9,141.004,46.398,141.0,46.4,0.000398213,0.9,5.0,1,3.0,0.0,90.0
9,10,140.504,46.298,140.5,46.3,0.000389559,0.9,5.0,1,3.0,0.0,90.0
10,11,140.604,46.298,140.6,46.3,0.000392911,0.9,5.0,1,3.0,0.0,90.0
11,12,140.704,46.298,140.7,46.3,0.000396261,0.9,5.0,1,3.0,0.0,90.0
12,13,140.804,46.298,140.8,46.3,0.000398683,0.9,5.0,1,3.0,0.0,90.0
13,14,140.904,46.298,140.9,46.3,0.00039924,0.9,5.0,1,3.0,0.0,90.0
14,15,141.004,46.298,141.0,46.3,0.000397539,0.9,5.0,1,3.0,0.0,90.0
15,16,140.404,46.198,140.4,46.2,0.000385617,0.9,5.0,1,3.0,0.0,90.0
16,17,140.504,46.198,140.5,46.2,0.00038774,0.9,5.0,1,3.0,0.0,90.0
17,18,140.604,46.198,140.6,46.2,0.00039051,0.9,5.0,1,3.0,0.0,90.0
18,19,140.704,46.198,140.7,46.2,0.00039354,0.9,5.0,1,3.0,0.0,90.0
19,20,140.804,46.198,140.8,46.2,0.000396053,0.9,5.0,1,3.0,0.0,90.0
20,21,140.904,46.198,140.9,46.2,0.000397132,0.9,5.0,1,3.0,0.0,90.0
21,22,141.004,46.198,141.0,46.2,0.000396231,0.9,5.0,1,3.0,0.0,90.0
22,23,140.404,46.098,140.4,46.1,0.000384823,0.9,5.0,1,3.0,0.0,90.0
23,24,140.504,46.098,140.5,46.1,0.000386193,0.9,5.0,1,3.0,0.0,90.0
24,25,140.604,46.098,140.6,46.1,0.000388096,0.9,5.0,1,3.0,0.0,90.0
25,26,140.704,46.098,140.7,46.1,0.000390311,0.9,5.0,1,3.0,0.0,90.0
26,27,140.804,46.098,140.8,46.1,0.000392295,0.9,5.0,1,3.0,0.0,90.0
27,28,140.904,46.098,140.9,46.1,0.000393349,0.9,5.0,1,3.0,0.0,90.0
28,29,140.304,45.998,140.3,46.0,0.000384074,0.9,5.0,1,3.0,0.0,90.0
29,30,140.404,45.998,140.4,46.0,0.000384472,0.9,5.0,1,3.0,0.0,90.0
30,31,140.504,45.998,140.5,46.0,0.000385146,0.9,5.0,1,3.0,0.0,90.0
31,32,140.604,45.998,140.6,46.0,0.000386126,0.9,5.0,1,3.0,0.0,90.0
32,33,140.704,45.998,140.7,46.0,0.00038731,0.9,5.0,1,3.0,0.0,90.0
33,34,140.804,45.998,140.8,46.0,0.000388411,0.9,5.0,1,3.0,0.0,90.0
34,35,140.904,45.998,140.9,46.0,0.000389072,0.9,5.0,1,3.0,0.0,90.0
35,36,140.204,45.898,140.2,45.9,0.000384495,0.9,5.0,1,3.0,0.0,90.0
36,37,140.304,45.898,140.3,45.9,0.000384526,0.9,5.0,1,3.0,0.0,90.0
37,38,140.404,45.898,140.4,45.9,0.000384638,0.9,5.0,1,3.0,0.0,90.0
38,39,140.504,45.898,140.5,45.9,0.000384863,0.9,5.0,1,3.0,0.0,90.0
39,40,140.604,45.898,140.6,45.9,0.000385214,0.9,5.0,1,3.0,0.0,90.0
40,41,140.704,45.898,140.7,45.9,0.000385652,0.9,5.0,1,3.0,0.0,90.0
41,42,140.804,45.898,140.8,45.9,0.000386067,0.9,5.0,1,3.0,0.0,90.0
42,43,140.904,45.898,140.9,45.9,0.000386374,0.9,5.0,1,3.0,0.0,90.0
43,44,140.104,45.798,140.1,45.8,0.000385636,0.9,5.0,1,3.0,0.0,90.0
44,45,140.204,45.798,140.2,45.8,0.000385451,0.9,5.0,1,3.0,0.0,90.0
45,46,140.304,45.798,140.3,45.8,0.000385308,0.9,5.0,1,3.0,0.0,90.0
46,47,140.404,45.798,140.4,45.8,0.000385228,0.9,5.0,1,3.0,0.0,90.0
47,48,140.504,45.798,140.5,45.8,0.000385218,0.9,5.0,1,3.0,0.0,90.0
48,49,140.604,45.798,140.6,45.8,0.000385273,0.9,5.0,1,3.0,0.0,90.0
49,50,140.704,45.798,140.7,45.8,0.000385369,0.9,5.0,1,3.0,0.0,90.0
50,51,140.804,45.798,140.8,45.8,0.00038547,0.9,5.0,1,3.0,0.0,90.0
51,52,140.904,45.798,140.9,45.8,0.000385607,0.9,5.0,1,3.0,0.0,90.0
52,53,140.004,45.698,140.0,45.7,0.000388066,0.9,5.0,1,3.0,0.0,90.0
53,54,140.104,45.698,140.1,45.7,0.000387621,0.9,5.0,1,3.0,0.0,90.0
54,55,140.204,45.698,140.2,45.7,0.000387091,0.9,5.0,1,3.0,0.0,90.0
55,56,140.304,45.698,140.3,45.7,0.00038659,0.9,5.0,1,3.0,0.0,90.0
56,57,140.404,45.698,140.4,45.7,0.000386206,0.9,5.0,1,3.0,0.0,90.0
57,58,140.504,45.698,140.5,45.7,0.000385968,0.9,5.0,1,3.0,0.0,90.0
58,59,140.604,45.698,140.6,45.7,0.000385853,0.9,5.0,1,3.0,0.0,90.0
59,60,140.704,45.698,140.7,45.7,0.000385815,0.9,5.0,1,3.0,0.0,90.0
60,61,140.804,45.698,140.8,45.7,0.000385813,0.9,5.0,1,3.0,0.0,90.0
61,62,140.904,45.698,140.9,45.7,0.000385879,0.9,5.0,1,3.0,0.0,90.0
62,63,139.904,45.598,139.9,45.6,0.000391653,0.9,5.0,1,3.0,0.0,90.0
63,64,140.004,45.598,140.0,45.6,0.000391504,0.9,5.0,1,3.0,0.0,90.0
64,65,140.104,45.598,140.1,45.6,0.000390811,0.9,5.0,1,3.0,0.0,90.0
65,66,140.204,45.598,140.2,45.6,0.000389745,0.9,5.0,1,3.0,0.0,90.0
66,67,140.304,45.598,140.3,45.6,0.0003886,0.9,5.0,1,3.0,0.0,90.0
67,68,140.404,45.598,140.4,45.6,0.00038765,0.9,5.0,1,3.0,0.0,90.0
68,69,140.504,45.598,140.5,45.6,0.000387024,0.9,5.0,1,3.0,0.0,90.0
69,70,140.604,45.598,140.6,45.6,0.000386694,0.9,5.0,1,3.0,0.0,90.0
70,71,140.704,45.598,140.7,45.6,0.00038655,0.9,5.0,1,3.0,0.0,90.0
71,72,140.804,45.598,140.8,45.6,0.000386492,0.9,5.0,1,3.0,0.0,90.0
72,73,140.904,45.598,140.9,45.6,0.000386499,0.9,5.0,1,3.0,0.0,90.0
73,74,139.804,45.498,139.8,45.5,0.000393842,0.9,5.0,1,3.0,0.0,90.0
74,75,139.904,45.498,139.9,45.5,0.000394861,0.9,5.0,1,3.0,0.0,90.0
75,76,140.004,45.498,140.0,45.5,0.000395115,0.9,5.0,1,3.0,0.0,90.0
76,77,140.104,45.498,140.1,45.5,0.000394384,0.9,5.0,1,3.0,0.0,90.0
77,78,140.204,45.498,140.2,45.5,0.000392844,0.9,5.0,1,3.0,0.0,90.0
78,79,140.304,45.498,140.3,45.5,0.000391006,0.9,5.0,1,3.0,0.0,90.0
79,80,140.404,45.498,140.4,45.5,0.00038942,0.9,5.0,1,3.0,0.0,90.0
80,81,140.504,45.498,140.5,45.5,0.000388378,0.9,5.0,1,3.0,0.0,90.0
81,82,140.604,45.498,140.6,45.5,0.00038784,0.9,5.0,1,3.0,0.0,90.0
82,83,140.704,45.498,140.7,45.5,0.000387598,0.9,5.0,1,3.0,0.0,90.0
83,84,140.804,45.498,140.8,45.5,0.000387462,0.9,5.0,1,3.0,0.0,90.0
84,85,139.704,45.398,139.7,45.4,0.000393577,0.9,5.0,1,3.0,0.0,90.0
85,86,139.804,45.398,139.8,45.4,0.000394987,0.9,5.0,1,3.0,0.0,90.0
86,87,139.904,45.398,139.9,45.4,0.000396321,0.9,5.0,1,3.0,0.0,90.0
87,88,140.004,45.398,140.0,45.4,0.000396925,0.9,5.0,1,3.0,0.0,90.0
88,89,140.104,45.398,140.1,45.4,0.000396371,0.9,5.0,1,3.0,0.0,90.0
89,90,140.204,45.398,140.2,45.4,0.000394775,0.9,5.0,1,3.0,0.0,90.0
90,91,140.304,45.398,140.3,45.4,0.000392775,0.9,5.0,1,3.0,0.0,90.0
91,92,140.404,45.398,140.4,45.4,0.000391105,0.9,5.0,1,3.0,0.0,90.0
92,93,140.504,45.398,140.5,45.4,0.000390125,0.9,5.0,1,3.0,0.0,90.0
93,94,140.604,45.398,140.6,45.4,0.000389709,0.9,5.0,1,3.0,0.0,90.0
94,95,140.704,45.398,140.7,45.4,0.000389492,0.9,5.0,1,3.0,0.0,90.0
95,96,140.804,45.398,140.8,45.4,0.000389202,0.9,5.0,1,3.0,0.0,90.0
96,97,139.604,45.298,139.6,45.3,0.000394387,0.9,5.0,1,3.0,0.0,90.0
97,98,139.704,45.298,139.7,45.3,0.000394419,0.9,5.0,1,3.0,0.0,90.0
98,99,139.804,45.298,139.8,45.3,0.000395115,0.9,5.0,1,3.0,0.0,90.0
99,100,139.904,45.298,139.9,45.3,0.000395995,0.9,5.0,1,3.0,0.0,90.0
100,101,140.004,45.298,140.0,45.3,0.000396423,0.9,5.0,1,3.0,0.0,90.0
101,102,140.104,45.298,140.1,45.3,0.000395973,0.9,5.0,1,3.0,0.0,90.0
102,103,140.204,45.298,140.2,45.3,0.000394775,0.9,5.0,1,3.0,0.0,90.0
103,104,140.304,45.298,140.3,45.3,0.000393462,0.9,5.0,1,3.0,0.0,90.0
104,105,140.404,45.298,140.4,45.3,0.000392703,0.9,5.0,1,3.0,0.0,90.0
105,106,140.504,45.298,140.5,45.3,0.00039268,0.9,5.0,1,3.0,0.0,90.0
106,107,140.604,45.298,140.6,45.3,0.000392985,0.9,5.0,1,3.0,0.0,90.0
107,108,140.704,45.298,140.7,45.3,0.000392997,0.9,5.0,1,3.0,0.0,90.0
108,109,140.804,45.298,140.8,45.3,0.000392383,0.9,5.0,1,3.0,0.0,90.0
109,110,139.604,45.198,139.6,45.2,0.000396707,0.9,5.0,1,3.0,0.0,90.0
110,111,139.704,45.198,139.7,45.2,0.000396021,0.9,5.0,1,3.0,0.0,90.0
111,112,139.804,45.198,139.8,45.2,0.000395878,0.9,5.0,1,3.0,0.0,90.0
112,113,139.904,45.198,139.9,45.2,0.000395919,0.9,5.0,1,3.0,0.0,90.0
113,114,140.004,45.198,140.0,45.2,0.00039569,0.9,5.0,1,3.0,0.0,90.0
114,115,140.104,45.198,140.1,45.2,0.000395017,0.9,5.0,1,3.0,0.0,90.0
115,116,140.204,45.198,140.2,45.2,0.000394221,0.9,5.0,1,3.0,0.0,90.0
116,117,140.304,45.198,140.3,45.2,0.000393944,0.9,5.0,1,3.0,0.0,90.0
117,118,140.404,45.198,140.4,45.2,0.000394637,0.9,5.0,1,3.0,0.0,90.0
118,119,140.504,45.198,140.5,45.2,0.000396103,0.9,5.0,1,3.0,0.0,90.0
119,120,140.604,45.198,140.6,45.2,0.000397472,0.9,5.0,1,3.0,0.0,90.0
120,121,140.704,45.198,140.7,45.2,0.000397771,0.9,5.0,1,3.0,0.0,90.0
121,122,140.804,45.198,140.8,45.2,0.000396631,0.9,5.0,1,3.0,0.0,90.0
122,123,139.504,45.098,139.5,45.1,0.000399331,0.9,5.0,1,3.0,0.0,90.0
123,124,139.604,45.098,139.6,45.1,0.000398694,0.9,5.0,1,3.0,0.0,90.0
124,125,139.704,45.098,139.7,45.1,0.000398274,0.9,5.0,1,3.0,0.0,90.0
125,126,139.804,45.098,139.8,45.1,0.000398014,0.9,5.0,1,3.0,0.0,90.0
126,127,139.904,45.098,139.9,45.1,0.000397578,0.9,5.0,1,3.0,0.0,90.0
127,128,140.004,45.098,140.0,45.1,0.000396674,0.9,5.0,1,3.0,0.0,90.0
128,129,140.104,45.098,140.1,45.1,0.000395463,0.9,5.0,1,3.0,0.0,90.0
129,130,140.204,45.098,140.2,45.1,0.000394604,0.9,5.0,1,3.0,0.0,90.0
130,131,140.304,45.098,140.3,45.1,0.00039485,0.9,5.0,1,3.0,0.0,90.0
131,132,140.404,45.098,140.4,45.1,0.00039648,0.9,5.0,1,3.0,0.0,90.0
132,133,140.504,45.098,140.5,45.1,0.000398934,0.9,5.0,1,3.0,0.0,90.0
133,134,140.604,45.098,140.6,45.1,0.000400952,0.9,5.0,1,3.0,0.0,90.0
134,135,140.704,45.098,140.7,45.1,0.00040132,0.9,5.0,1,3.0,0.0,90.0
135,136,140.804,45.098,140.8,45.1,0.000399705,0.9,5.0,1,3.0,0.0,90.0
136,137,139.404,44.998,139.4,45.0,0.000398736,0.9,5.0,1,3.0,0.0,90.0
137,138,139.504,44.998,139.5,45.0,0.000399334,0.9,5.0,1,3.0,0.0,90.0
138,139,139.604,44.998,139.6,45.0,0.000399809,0.9,5.0,1,3.0,0.0,90.0
139,140,139.704,44.998,139.7,45.0,0.000400227,0.9,5.0,1,3.0,0.0,90.0
140,141,139.804,44.998,139.8,45.0,0.000400396,0.9,5.0,1,3.0,0.0,90.0
141,142,139.904,44.998,139.9,45.0,0.000399918,0.9,5.0,1,3.0,0.0,90.0
142,143,140.004,44.998,140.0,45.0,0.000398596,0.9,5.0,1,3.0,0.0,90.0
143,144,140.104,44.998,140.1,45.0,0.000396842,0.9,5.0,1,3.0,0.0,90.0
144,145,140.204,44.998,140.2,45.0,0.000395558,0.9,5.0,1,3.0,0.0,90.0
145,146,140.304,44.998,140.3,45.0,0.00039557,0.9,5.0,1,3.0,0.0,90.0
146,147,140.404,44.998,140.4,45.0,0.00039705,0.9,5.0,1,3.0,0.0,90.0
147,148,140.504,44.998,140.5,45.0,0.000399309,0.9,5.0,1,3.0,0.0,90.0
148,149,140.604,44.998,140.6,45.0,0.000401072,0.9,5.0,1,3.0,0.0,90.0
149,150,140.704,44.998,140.7,45.0,0.00040123,0.9,5.0,1,3.0,0.0,90.0
150,151,140.804,44.998,140.8,45.0,0.000399566,0.9,5.0,1,3.0,0.0,90.0
151,152,139.304,44.898,139.3,44.9,0.000397721,0.9,5.0,1,3.0,0.0,90.0
152,153,139.404,44.898,139.4,44.9,0.000398835,0.9,5.0,1,3.0,0.0,90.0
153,154,139.504,44.898,139.5,44.9,0.000399968,0.9,5.0,1,3.0,0.0,90.0
154,155,139.604,44.898,139.6,44.9,0.000400954,0.9,5.0,1,3.0,0.0,90.0
155,156,139.704,44.898,139.7,44.9,0.000401626,0.9,5.0,1,3.0,0.0,90.0
156,157,139.804,44.898,139.8,44.9,0.000401745,0.9,5.0,1,3.0,0.0,90.0
157,158,139.904,44.898,139.9,44.9,0.000401039,0.9,5.0,1,3.0,0.0,90.0
158,159,140.004,44.898,140.0,44.9,0.000399494,0.9,5.0,1,3.0,0.0,90.0
159,160,140.104,44.898,140.1,44.9,0.000397591,0.9,5.0,1,3.0,0.0,90.0
160,161,140.204,44.898,140.2,44.9,0.000396123,0.9,5.0,1,3.0,0.0,90.0
161,162,140.304,44.898,140.3,44.9,0.000395709,0.9,5.0,1,3.0,0.0,90.0
162,163,140.404,44.898,140.4,44.9,0.000396403,0.9,5.0,1,3.0,0.0,90.0
163,164,140.504,44.898,140.5,44.9,0.000397647,0.9,5.0,1,3.0,0.0,90.0
164,165,140.604,44.898,140.6,44.9,0.000398557,0.9,5.0,1,3.0,0.0,90.0
165,166,140.704,44.898,140.7,44.9,0.000398427,0.9,5.0,1,3.0,0.0,90.0
166,167,140.804,44.898,140.8,44.9,0.000397171,0.9,5.0,1,3.0,0.0,90.0
167,168,139.204,44.798,139.2,44.8,0.000403281,0.9,5.0,1,3.0,0.0,90.0
168,169,139.304,44.798,139.3,44.8,0.00040274,0.9,5.0,1,3.0,0.0,90.0
169,170,139.404,44.798,139.4,44.8,0.000402667,0.9,5.0,1,3.0,0.0,90.0
170,171,139.504,44.798,139.5,44.8,0.00040292,0.9,5.0,1,3.0,0.0,90.0
171,172,139.604,44.798,139.6,44.8,0.000403105,0.9,5.0,1,3.0,0.0,90.0
172,173,139.704,44.798,139.7,44.8,0.000402843,0.9,5.0,1,3.0,0.0,90.0
173,174,139.804,44.798,139.8,44.8,0.00040198,0.9,5.0,1,3.0,0.0,90.0
174,175,139.904,44.798,139.9,44.8,0.000400607,0.9,5.0,1,3.0,0.0,90.0
175,176,140.004,44.798,140.0,44.8,0.000398995,0.9,5.0,1,3.0,0.0,90.0
176,177,140.104,44.798,140.1,44.8,0.000397514,0.9,5.0,1,3.0,0.0,90.0
177,178,140.204,44.798,140.2,44.8,0.000396501,0.9,5.0,1,3.0,0.0,90.0
178,179,140.304,44.798,140.3,44.8,0.000396089,0.9,5.0,1,3.0,0.0,90.0
179,180,140.404,44.798,140.4,44.8,0.000396164,0.9,5.0,1,3.0,0.0,90.0
180,181,140.504,44.798,140.5,44.8,0.000396437,0.9,5.0,1,3.0,0.0,90.0
181,182,140.604,44.798,140.6,44.8,0.000396562,0.9,5.0,1,3.0,0.0,90.0
182,183,140.704,44.798,140.7,44.8,0.000396276,0.9,5.0,1,3.0,0.0,90.0
183,184,140.804,44.798,140.8,44.8,0.000395578,0.9,5.0,1,3.0,0.0,90.0
184,185,139.104,44.698,139.1,44.7,0.000428563,0.9,5.0,1,3.0,0.0,90.0
185,186,139.204,44.698,139.2,44.7,0.000423937,0.9,5.0,1,3.0,0.0,90.0
186,187,139.304,44.698,139.3,44.7,0.000418649,0.9,5.0,1,3.0,0.0,90.0
187,188,139.404,44.698,139.4,44.7,0.000413657,0.9,5.0,1,3.0,0.0,90.0
188,189,139.504,44.698,139.5,44.7,0.000409605,0.9,5.0,1,3.0,0.0,90.0
189,190,139.604,44.698,139.6,44.7,0.000406479,0.9,5.0,1,3.0,0.0,90.0
190,191,139.704,44.698,139.7,44.7,0.000403862,0.9,5.0,1,3.0,0.0,90.0
191,192,139.804,44.698,139.8,44.7,0.000401491,0.9,5.0,1,3.0,0.0,90.0
192,193,139.904,44.698,139.9,44.7,0.000399486,0.9,5.0,1,3.0,0.0,90.0
193,194,140.004,44.698,140.0,44.7,0.000398108,0.9,5.0,1,3.0,0.0,90.0
194,195,140.104,44.698,140.1,44.7,0.000397439,0.9,5.0,1,3.0,0.0,90.0
195,196,140.204,44.698,140.2,44.7,0.000397299,0.9,5.0,1,3.0,0.0,90.0
196,197,140.304,44.698,140.3,44.7,0.000397347,0.9,5.0,1,3.0,0.0,90.0
197,198,140.404,44.698,140.4,44.7,0.000397351,0.9,5.0,1,3.0,0.0,90.0
198,199,140.504,44.698,140.5,44.7,0.000397296,0.9,5.0,1,3.0,0.0,90.0
199,200,140.604,44.698,140.6,44.7,0.000397288,0.9,5.0,1,3.0,0.0,90.0
200,201,140.704,44.698,140.7,44.7,0.000397405,0.9,5.0,1,3.0,0.0,90.0
201,202,140.804,44.698,140.8,44.7,0.0003977,0.9,5.0,1,3.0,0.0,90.0
202,203,139.104,44.598,139.1,44.6,0.000480292,0.9,5.0,1,3.0,0.0,90.0
203,204,139.204,44.598,139.2,44.6,0.00046844,0.9,5.0,1,3.0,0.0,90.0
204,205,139.304,44.598,139.3,44.6,0.000453111,0.9,5.0,1,3.0,0.0,90.0
205,206,139.404,44.598,139.4,44.6,0.000436886,0.9,5.0,1,3.0,0.0,90.0
206,207,139.504,44.598,139.5,44.6,0.000422621,0.9,5.0,1,3.0,0.0,90.0
207,208,139.604,44.598,139.6,44.6,0.000412007,0.9,5.0,1,3.0,0.0,90.0
208,209,139.704,44.598,139.7,44.6,0.000405038,0.9,5.0,1,3.0,0.0,90.0
209,210,139.804,44.598,139.8,44.6,0.000400797,0.9,5.0,1,3.0,0.0,90.0
210,211,139.904,44.598,139.9,44.6,0.000398468,0.9,5.0,1,3.0,0.0,90.0
211,212,140.004,44.598,140.0,44.6,0.00039756,0.9,5.0,1,3.0,0.0,90.0
212,213,140.104,44.598,140.1,44.6,0.000397643,0.9,5.0,1,3.0,0.0,90.0
213,214,140.204,44.598,140.2,44.6,0.000398211,0.9,5.0,1,3.0,0.0,90.0
214,215,140.304,44.598,140.3,44.6,0.000398774,0.9,5.0,1,3.0,0.0,90.0
215,216,140.404,44.598,140.4,44.6,0.00039919,0.9,5.0,1,3.0,0.0,90.0
216,217,140.504,44.598,140.5,44.6,0.00039975,0.9,5.0,1,3.0,0.0,90.0
217,218,140.604,44.598,140.6,44.6,0.000400949,0.9,5.0,1,3.0,0.0,90.0
218,219,140.704,44.598,140.7,44.6,0.000403212,0.9,5.0,1,3.0,0.0,90.0
219,220,140.804,44.598,140.8,44.6,0.000406694,0.9,5.0,1,3.0,0.0,90.0
220,221,139.104,44.498,139.1,44.5,0.000553665,0.9,5.0,1,3.0,0.0,90.0
221,222,139.204,44.498,139.2,44.5,0.000532377,0.9,5.0,1,3.0,0.0,90.0
222,223,139.304,44.498,139.3,44.5,0.000503511,0.9,5.0,1,3.0,0.0,90.0
223,224,139.404,44.498,139.4,44.5,0.000471639,0.9,5.0,1,3.0,0.0,90.0
224,225,139.504,44.498,139.5,44.5,0.000442735,0.9,5.0,1,3.0,0.0,90.0
225,226,139.604,44.498,139.6,44.5,0.00042122,0.9,5.0,1,3.0,0.0,90.0
226,227,139.704,44.498,139.7,44.5,0.000408006,0.9,5.0,1,3.0,0.0,90.0
227,228,139.804,44.498,139.8,44.5,0.000401267,0.9,5.0,1,3.0,0.0,90.0
228,229,139.904,44.498,139.9,44.5,0.000398543,0.9,5.0,1,3.0,0.0,90.0
229,230,140.004,44.498,140.0,44.5,0.000397965,0.9,5.0,1,3.0,0.0,90.0
230,231,140.104,44.498,140.1,44.5,0.000398351,0.9,5.0,1,3.0,0.0,90.0
231,232,140.204,44.498,140.2,44.5,0.000399057,0.9,5.0,1,3.0,0.0,90.0
232,233,140.304,44.498,140.3,44.5,0.00039984,0.9,5.0,1,3.0,0.0,90.0
233,234,140.404,44.498,140.4,44.5,0.000400975,0.9,5.0,1,3.0,0.0,90.0
234,235,140.504,44.498,140.5,44.5,0.000403249,0.9,5.0,1,3.0,0.0,90.0
235,236,140.604,44.498,140.6,44.5,0.000407679,0.9,5.0,1,3.0,0.0,90.0
236,237,140.704,44.498,140.7,44.5,0.000415228,0.9,5.0,1,3.0,0.0,90.0
237,238,140.804,44.498,140.8,44.5,0.000426201,0.9,5.0,1,3.0,0.0,90.0
238,239,139.104,44.398,139.1,44.4,0.000614275,0.9,5.0,1,3.0,0.0,90.0
239,240,139.204,44.398,139.2,44.4,0.000587267,0.9,5.0,1,3.0,0.0,90.0
240,241,139.304,44.398,139.3,44.4,0.0005496,0.9,5.0,1,3.0,0.0,90.0
241,242,139.404,44.398,139.4,44.4,0.000506553,0.9,5.0,1,3.0,0.0,90.0
242,243,139.504,44.398,139.5,44.4,0.000465953,0.9,5.0,1,3.0,0.0,90.0
243,244,139.604,44.398,139.6,44.4,0.000434536,0.9,5.0,1,3.0,0.0,90.0
244,245,139.704,44.398,139.7,44.4,0.000414752,0.9,5.0,1,3.0,0.0,90.0
245,246,139.804,44.398,139.8,44.4,0.000404812,0.9,5.0,1,3.0,0.0,90.0
246,247,139.904,44.398,139.9,44.4,0.00040114,0.9,5.0,1,3.0,0.0,90.0
247,248,140.004,44.398,140.0,44.4,0.000400489,0.9,5.0,1,3.0,0.0,90.0
248,249,140.104,44.398,140.1,44.4,0.000400775,0.9,5.0,1,3.0,0.0,90.0
249,250,140.204,44.398,140.2,44.4,0.000401252,0.9,5.0,1,3.0,0.0,90.0
250,251,140.304,44.398,140.3,44.4,0.000402239,0.9,5.0,1,3.0,0.0,90.0
251,252,140.404,44.398,140.4,44.4,0.000404802,0.9,5.0,1,3.0,0.0,90.0
252,253,140.504,44.398,140.5,44.4,0.000410409,0.9,5.0,1,3.0,0.0,90.0
253,254,140.604,44.398,140.6,44.4,0.000420459,0.9,5.0,1,3.0,0.0,90.0
254,255,140.704,44.398,140.7,44.4,0.000436031,0.9,5.0,1,3.0,0.0,90.0
255,256,140.804,44.398,140.8,44.4,0.00045707,0.9,5.0,1,3.0,0.0,90.0
256,257,139.104,44.298,139.1,44.3,0.000632799,0.9,5.0,1,3.0,0.0,90.0
257,258,139.204,44.298,139.2,44.3,0.000610391,0.9,5.0,1,3.0,0.0,90.0
258,259,139.304,44.298,139.3,44.3,0.000576509,0.9,5.0,1,3.0,0.0,90.0
259,260,139.404,44.298,139.4,44.3,0.000534295,0.9,5.0,1,3.0,0.0,90.0
260,261,139.504,44.298,139.5,44.3,0.000490478,0.9,5.0,1,3.0,0.0,90.0
261,262,139.604,44.298,139.6,44.3,0.00045293,0.9,5.0,1,3.0,0.0,90.0
262,263,139.704,44.298,139.7,44.3,0.000426799,0.9,5.0,1,3.0,0.0,90.0
263,264,139.804,44.298,139.8,44.3,0.00041247,0.9,5.0,1,3.0,0.0,90.0
264,265,139.904,44.298,139.9,44.3,0.00040675,0.9,5.0,1,3.0,0.0,90.0
265,266,140.004,44.298,140.0,44.3,0.000405491,0.9,5.0,1,3.0,0.0,90.0
266,267,140.104,44.298,140.1,44.3,0.000405701,0.9,5.0,1,3.0,0.0,90.0
267,268,140.204,44.298,140.2,44.3,0.000406569,0.9,5.0,1,3.0,0.0,90.0
268,269,140.304,44.298,140.3,44.3,0.000409281,0.9,5.0,1,3.0,0.0,90.0
269,270,140.404,44.298,140.4,44.3,0.000416017,0.9,5.0,1,3.0,0.0,90.0
270,271,140.504,44.298,140.5,44.3,0.000428605,0.9,5.0,1,3.0,0.0,90.0
271,272,140.604,44.298,140.6,44.3,0.000447369,0.9,5.0,1,3.0,0.0,90.0
272,273,140.704,44.298,140.7,44.3,0.000471111,0.9,5.0,1,3.0,0.0,90.0
273,274,140.804,44.298,140.8,44.3,0.000497555,0.9,5.0,1,3.0,0.0,90.0
274,275,139.104,44.198,139.1,44.2,0.000620614,0.9,5.0,1,3.0,0.0,90.0
275,276,139.204,44.198,139.2,44.2,0.00061147,0.9,5.0,1,3.0,0.0,90.0
276,277,139.304,44.198,139.3,44.2,0.000590978,0.9,5.0,1,3.0,0.0,90.0
277,278,139.404,44.198,139.4,44.2,0.000558142,0.9,5.0,1,3.0,0.0,90.0
278,279,139.504,44.198,139.5,44.2,0.000516711,0.9,5.0,1,3.0,0.0,90.0
279,280,139.604,44.198,139.6,44.2,0.000475136,0.9,5.0,1,3.0,0.0,90.0
280,281,139.704,44.198,139.7,44.2,0.000442271,0.9,5.0,1,3.0,0.0,90.0
281,282,139.804,44.198,139.8,44.2,0.000422235,0.9,5.0,1,3.0,0.0,90.0
282,283,139.904,44.198,139.9,44.2,0.000413361,0.9,5.0,1,3.0,0.0,90.0
283,284,140.004,44.198,140.0,44.2,0.000411194,0.9,5.0,1,3.0,0.0,90.0
284,285,140.104,44.198,140.1,44.2,0.000412187,0.9,5.0,1,3.0,0.0,90.0
285,286,140.204,44.198,140.2,44.2,0.000415814,0.9,5.0,1,3.0,0.0,90.0
286,287,140.304,44.198,140.3,44.2,0.000424372,0.9,5.0,1,3.0,0.0,90.0
287,288,140.404,44.198,140.4,44.2,0.000441064,0.9,5.0,1,3.0,0.0,90.0
288,289,140.504,44.198,140.5,44.2,0.000466897,0.9,5.0,1,3.0,0.0,90.0
289,290,140.604,44.198,140.6,44.2,0.000498353,0.9,5.0,1,3.0,0.0,90.0
290,291,140.704,44.198,140.7,44.2,0.000528158,0.9,5.0,1,3.0,0.0,90.0
291,292,140.804,44.198,140.8,44.2,0.000549378,0.9,5.0,1,3.0,0.0,90.0
292,293,139.104,44.098,139.1,44.1,0.000600248,0.9,5.0,1,3.0,0.0,90.0
293,294,139.204,44.098,139.2,44.1,0.000604326,0.9,5.0,1,3.0,0.0,90.0
294,295,139.304,44.098,139.3,44.1,0.000596996,0.9,5.0,1,3.0,0.0,90.0
295,296,139.404,44.098,139.4,44.1,0.000573752,0.9,5.0,1,3.0,0.0,90.0
296,297,139.504,44.098,139.5,44.1,0.000535792,0.9,5.0,1,3.0,0.0,90.0
297,298,139.604,44.098,139.6,44.1,0.000491943,0.9,5.0,1,3.0,0.0,90.0
298,299,139.704,44.098,139.7,44.1,0.000454047,0.9,5.0,1,3.0,0.0,90.0
299,300,139.804,44.098,139.8,44.1,0.000429396,0.9,5.0,1,3.0,0.0,90.0
300,301,139.904,44.098,139.9,44.1,0.000417977,0.9,5.0,1,3.0,0.0,90.0
301,302,140.004,44.098,140.0,44.1,0.000415811,0.9,5.0,1,3.0,0.0,90.0
302,303,140.104,44.098,140.1,44.1,0.000419732,0.9,5.0,1,3.0,0.0,90.0
303,304,140.204,44.098,140.2,44.1,0.000430048,0.9,5.0,1,3.0,0.0,90.0
304,305,140.304,44.098,140.3,44.1,0.000449838,0.9,5.0,1,3.0,0.0,90.0
305,306,140.404,44.098,140.4,44.1,0.000482038,0.9,5.0,1,3.0,0.0,90.0
306,307,140.504,44.098,140.5,44.1,0.000524838,0.9,5.0,1,3.0,0.0,90.0
307,308,140.604,44.098,140.6,44.1,0.000568887,0.9,5.0,1,3.0,0.0,90.0
308,309,140.704,44.098,140.7,44.1,0.000599708,0.9,5.0,1,3.0,0.0,90.0
309,310,140.804,44.098,140.8,44.1,0.000606188,0.9,5.0,1,3.0,0.0,90.0
310,311,139.104,43.998,139.1,44.0,0.000576195,0.9,5.0,1,3.0,0.0,90.0
311,312,139.204,43.998,139.2,44.0,0.00058883,0.9,5.0,1,3.0,0.0,90.0
312,313,139.304,43.998,139.3,44.0,0.000590272,0.9,5.0,1,3.0,0.0,90.0
313,314,139.404,43.998,139.4,44.0,0.00057426,0.9,5.0,1,3.0,0.0,90.0
314,315,139.504,43.998,139.5,44.0,0.000540528,0.9,5.0,1,3.0,0.0,90.0
315,316,139.604,43.998,139.6,44.0,0.000497692,0.9,5.0,1,3.0,0.0,90.0
316,317,139.704,43.998,139.7,44.0,0.000458748,0.9,5.0,1,3.0,0.0,90.0
317,318,139.804,43.998,139.8,44.0,0.000432604,0.9,5.0,1,3.0,0.0,90.0
318,319,139.904,43.998,139.9,44.0,0.000420664,0.9,5.0,1,3.0,0.0,90.0
319,320,140.004,43.998,140.0,44.0,0.00042023,0.9,5.0,1,3.0,0.0,90.0
320,321,140.104,43.998,140.1,44.0,0.000429474,0.9,5.0,1,3.0,0.0,90.0
321,322,140.204,43.998,140.2,44.0,0.0004497,0.9,5.0,1,3.0,0.0,90.0
322,323,140.304,43.998,140.3,44.0,0.000483458,0.9,5.0,1,3.0,0.0,90.0
323,324,140.404,43.998,140.4,44.0,0.000530674,0.9,5.0,1,3.0,0.0,90.0
324,325,140.504,43.998,140.5,44.0,0.000584392,0.9,5.0,1,3.0,0.0,90.0
325,326,140.604,43.998,140.6,44.0,0.000630154,0.9,5.0,1,3.0,0.0,90.0
326,327,140.704,43.998,140.7,44.0,0.000651048,0.9,5.0,1,3.0,0.0,90.0
327,328,140.804,43.998,140.8,44.0,0.000637666,0.9,5.0,1,3.0,0.0,90.0
328,329,139.104,43.898,139.1,43.9,0.000551004,0.9,5.0,1,3.0,0.0,90.0
329,330,139.204,43.898,139.2,43.9,0.000569151,0.9,5.0,1,3.0,0.0,90.0
330,331,139.304,43.898,139.3,43.9,0.000576982,0.9,5.0,1,3.0,0.0,90.0
331,332,139.404,43.898,139.4,43.9,0.00056732,0.9,5.0,1,3.0,0.0,90.0
332,333,139.504,43.898,139.5,43.9,0.000538746,0.9,5.0,1,3.0,0.0,90.0
333,334,139.604,43.898,139.6,43.9,0.000499074,0.9,5.0,1,3.0,0.0,90.0
334,335,139.704,43.898,139.7,43.9,0.00046137,0.9,5.0,1,3.0,0.0,90.0
335,336,139.804,43.898,139.8,43.9,0.000435401,0.9,5.0,1,3.0,0.0,90.0
336,337,139.904,43.898,139.9,43.9,0.000423844,0.9,5.0,1,3.0,0.0,90.0
337,338,140.004,43.898,140.0,43.9,0.000425441,0.9,5.0,1,3.0,0.0,90.0
338,339,140.104,43.898,140.1,43.9,0.00043977,0.9,5.0,1,3.0,0.0,90.0
339,340,140.204,43.898,140.2,43.9,0.000468666,0.9,5.0,1,3.0,0.0,90.0
340,341,140.304,43.898,140.3,43.9,0.000512802,0.9,5.0,1,3.0,0.0,90.0
341,342,140.404,43.898,140.4,43.9,0.000567055,0.9,5.0,1,3.0,0.0,90.0
342,343,140.504,43.898,140.5,43.9,0.000618497,0.9,5.0,1,3.0,0.0,90.0
343,344,140.604,43.898,140.6,43.9,0.000650552,0.9,5.0,1,3.0,0.0,90.0
344,345,140.704,43.898,140.7,43.9,0.000650868,0.9,5.0,1,3.0,0.0,90.0
345,346,140.804,43.898,140.8,43.9,0.000618487,0.9,5.0,1,3.0,0.0,90.0
346,347,139.104,43.798,139.1,43.8,0.000529456,0.9,5.0,1,3.0,0.0,90.0
347,348,139.204,43.798,139.2,43.8,0.000550008,0.9,5.0,1,3.0,0.0,90.0
348,349,139.304,43.798,139.3,43.8,0.00056174,0.9,5.0,1,3.0,0.0,90.0
349,350,139.404,43.798,139.4,43.8,0.000557207,0.9,5.0,1,3.0,0.0,90.0
350,351,139.504,43.798,139.5,43.8,0.000534028,0.9,5.0,1,3.0,0.0,90.0
351,352,139.604,43.798,139.6,43.8,0.000498737,0.9,5.0,1,3.0,0.0,90.0
352,353,139.704,43.798,139.7,43.8,0.000463614,0.9,5.0,1,3.0,0.0,90.0
353,354,139.804,43.798,139.8,43.8,0.000438596,0.9,5.0,1,3.0,0.0,90.0
354,355,139.904,43.798,139.9,43.8,0.000427191,0.9,5.0,1,3.0,0.0,90.0
355,356,140.004,43.798,140.0,43.8,0.000429025,0.9,5.0,1,3.0,0.0,90.0
356,357,140.104,43.798,140.1,43.8,0.000444263,0.9,5.0,1,3.0,0.0,90.0
357,358,140.204,43.798,140.2,43.8,0.000474492,0.9,5.0,1,3.0,0.0,90.0
358,359,140.304,43.798,140.3,43.8,0.000518565,0.9,5.0,1,3.0,0.0,90.0
359,360,140.404,43.798,140.4,43.8,0.000567888,0.9,5.0,1,3.0,0.0,90.0
360,361,140.504,43.798,140.5,43.8,0.000606718,0.9,5.0,1,3.0,0.0,90.0
361,362,140.604,43.798,140.6,43.8,0.000620038,0.9,5.0,1,3.0,0.0,90.0
362,363,140.704,43.798,140.7,43.8,0.000602553,0.9,5.0,1,3.0,0.0,90.0
363,364,140.804,43.798,140.8,43.8,0.000561552,0.9,5.0,1,3.0,0.0,90.0
364,365,139.104,43.698,139.1,43.7,0.000513308,0.9,5.0,1,3.0,0.0,90.0
365,366,139.204,43.698,139.2,43.7,0.000531725,0.9,5.0,1,3.0,0.0,90.0
366,367,139.304,43.698,139.3,43.7,0.000543259,0.9,5.0,1,3.0,0.0,90.0
367,368,139.404,43.698,139.4,43.7,0.000541276,0.9,5.0,1,3.0,0.0,90.0
368,369,139.504,43.698,139.5,43.7,0.000523055,0.9,5.0,1,3.0,0.0,90.0
369,370,139.604,43.698,139.6,43.7,0.000493449,0.9,5.0,1,3.0,0.0,90.0
370,371,139.704,43.698,139.7,43.7,0.000462742,0.9,5.0,1,3.0,0.0,90.0
371,372,139.804,43.698,139.8,43.7,0.000439893,0.9,5.0,1,3.0,0.0,90.0
372,373,139.904,43.698,139.9,43.7,0.000428512,0.9,5.0,1,3.0,0.0,90.0
373,374,140.004,43.698,140.0,43.7,0.000428439,0.9,5.0,1,3.0,0.0,90.0
374,375,140.104,43.698,140.1,43.7,0.000439425,0.9,5.0,1,3.0,0.0,90.0
375,376,140.204,43.698,140.2,43.7,0.000462053,0.9,5.0,1,3.0,0.0,90.0
376,377,140.304,43.698,140.3,43.7,0.000494472,0.9,5.0,1,3.0,0.0,90.0
377,378,140.404,43.698,140.4,43.7,0.000528752,0.9,5.0,1,3.0,0.0,90.0
378,379,140.504,43.698,140.5,43.7,0.000551976,0.9,5.0,1,3.0,0.0,90.0
379,380,140.604,43.698,140.6,43.7,0.000553651,0.9,5.0,1,3.0,0.0,90.0
380,381,140.704,43.698,140.7,43.7,0.000532856,0.9,5.0,1,3.0,0.0,90.0
381,382,140.804,43.698,140.8,43.7,0.000498543,0.9,5.0,1,3.0,0.0,90.0
382,383,139.104,43.598,139.1,43.6,0.000513729,0.9,5.0,1,3.0,0.0,90.0
383,384,139.204,43.598,139.2,43.6,0.000529009,0.9,5.0,1,3.0,0.0,90.0
384,385,139.304,43.598,139.3,43.6,0.000538468,0.9,5.0,1,3.0,0.0,90.0
385,386,139.404,43.598,139.4,43.6,0.000536192,0.9,5.0,1,3.0,0.0,90.0
386,387,139.504,43.598,139.5,43.6,0.00051948,0.9,5.0,1,3.0,0.0,90.0
387,388,139.604,43.598,139.6,43.6,0.000492231,0.9,5.0,1,3.0,0.0,90.0
388,389,139.704,43.598,139.7,43.6,0.000463377,0.9,5.0,1,3.0,0.0,90.0
389,390,139.804,43.598,139.8,43.6,0.000441057,0.9,5.0,1,3.0,0.0,90.0
390,391,139.904,43.598,139.9,43.6,0.000428634,0.9,5.0,1,3.0,0.0,90.0
391,392,140.004,43.598,140.0,43.6,0.000425481,0.9,5.0,1,3.0,0.0,90.0
392,393,140.104,43.598,140.1,43.6,0.000430102,0.9,5.0,1,3.0,0.0,90.0
393,394,140.204,43.598,140.2,43.6,0.000441589,0.9,5.0,1,3.0,0.0,90.0
394,395,140.304,43.598,140.3,43.6,0.00045816,0.9,5.0,1,3.0,0.0,90.0
395,396,139.104,43.498,139.1,43.5,0.000547939,0.9,5.0,1,3.0,0.0,90.0
396,397,139.204,43.498,139.2,43.5,0.000564504,0.9,5.0,1,3.0,0.0,90.0
397,398,139.304,43.498,139.3,43.5,0.000573381,0.9,5.0,1,3.0,0.0,90.0
398,399,139.404,43.498,139.4,43.5,0.000567566,0.9,5.0,1,3.0,0.0,90.0
399,400,139.504,43.498,139.5,43.5,0.000544404,0.9,5.0,1,3.0,0.0,90.0
400,401,139.604,43.498,139.6,43.5,0.000509374,0.9,5.0,1,3.0,0.0,90.0
401,402,139.704,43.498,139.7,43.5,0.000473507,0.9,5.0,1,3.0,0.0,90.0
402,403,139.804,43.498,139.8,43.5,0.000446157,0.9,5.0,1,3.0,0.0,90.0
403,404,139.904,43.498,139.9,43.5,0.00043039,0.9,5.0,1,3.0,0.0,90.0
404,405,140.004,43.498,140.0,43.5,0.000424096,0.9,5.0,1,3.0,0.0,90.0
405,406,140.104,43.498,140.1,43.5,0.000423754,0.9,5.0,1,3.0,0.0,90.0
406,407,139.104,43.398,139.1,43.4,0.000610727,0.9,5.0,1,3.0,0.0,90.0
407,408,139.204,43.398,139.2,43.4,0.000632447,0.9,5.0,1,3.0,0.0,90.0
408,409,139.304,43.398,139.3,43.4,0.000641521,0.9,5.0,1,3.0,0.0,90.0
409,410,139.404,43.398,139.4,43.4,0.000628541,0.9,5.0,1,3.0,0.0,90.0
410,411,139.504,43.398,139.5,43.4,0.000591471,0.9,5.0,1,3.0,0.0,90.0
411,412,139.604,43.398,139.6,43.4,0.000540014,0.9,5.0,1,3.0,0.0,90.0
412,413,139.704,43.398,139.7,43.4,0.000490292,0.9,5.0,1,3.0,0.0,90.0
413,414,139.804,43.398,139.8,43.4,0.000454221,0.9,5.0,1,3.0,0.0,90.0
414,415,139.904,43.398,139.9,43.4,0.000434169,0.9,5.0,1,3.0,0.0,90.0
415,416,140.004,43.398,140.0,43.4,0.00042564,0.9,5.0,1,3.0,0.0,90.0
416,417,139.004,43.298,139.0,43.3,0.000645513,0.9,5.0,1,3.0,0.0,90.0
417,418,139.104,43.298,139.1,43.3,0.000675166,0.9,5.0,1,3.0,0.0,90.0
418,419,139.204,43.298,139.2,43.3,0.000697933,0.9,5.0,1,3.0,0.0,90.0
419,420,139.304,43.298,139.3,43.3,0.00070243,0.9,5.0,1,3.0,0.0,90.0
420,421,139.404,43.298,139.4,43.3,0.000678588,0.9,5.0,1,3.0,0.0,90.0
421,422,139.504,43.298,139.5,43.3,0.000626617,0.9,5.0,1,3.0,0.0,90.0
422,423,139.604,43.298,139.6,43.3,0.000560678,0.9,5.0,1,3.0,0.0,90.0
423,424,139.704,43.298,139.7,43.3,0.000500612,0.9,5.0,1,3.0,0.0,90.0
424,425,139.804,43.298,139.8,43.3,0.000459143,0.9,5.0,1,3.0,0.0,90.0
425,426,139.904,43.298,139.9,43.3,0.00043705,0.9,5.0,1,3.0,0.0,90.0
426,427,140.004,43.298,140.0,43.3,0.000427682,0.9,5.0,1,3.0,0.0,90.0
427,428,139.004,43.198,139.0,43.2,0.000707461,0.9,5.0,1,3.0,0.0,90.0
428,429,139.104,43.198,139.1,43.2,0.000733671,0.9,5.0,1,3.0,0.0,90.0
429,430,139.204,43.198,139.2,43.2,0.000746848,0.9,5.0,1,3.0,0.0,90.0
430,431,139.304,43.198,139.3,43.2,0.000736725,0.9,5.0,1,3.0,0.0,90.0
431,432,139.404,43.198,139.4,43.2,0.000696879,0.9,5.0,1,3.0,0.0,90.0
432,433,139.504,43.198,139.5,43.2,0.000632208,0.9,5.0,1,3.0,0.0,90.0
433,434,139.604,43.198,139.6,43.2,0.000559635,0.9,5.0,1,3.0,0.0,90.0
434,435,139.704,43.198,139.7,43.2,0.000498321,0.9,5.0,1,3.0,0.0,90.0
435,436,139.804,43.198,139.8,43.2,0.000458261,0.9,5.0,1,3.0,0.0,90.0
436,437,139.904,43.198,139.9,43.2,0.000437693,0.9,5.0,1,3.0,0.0,90.0
437,438,140.004,43.198,140.0,43.2,0.000428728,0.9,5.0,1,3.0,0.0,90.0
438,439,140.104,43.198,140.1,43.2,0.000424073,0.9,5.0,1,3.0,0.0,90.0
439,440,139.004,43.098,139.0,43.1,0.000787993,0.9,5.0,1,3.0,0.0,90.0
440,441,139.104,43.098,139.1,43.1,0.000805769,0.9,5.0,1,3.0,0.0,90.0
441,442,139.204,43.098,139.2,43.1,0.000801509,0.9,5.0,1,3.0,0.0,90.0
442,443,139.304,43.098,139.3,43.1,0.000768151,0.9,5.0,1,3.0,0.0,90.0
443,444,139.404,43.098,139.4,43.1,0.000706249,0.9,5.0,1,3.0,0.0,90.0
444,445,139.504,43.098,139.5,43.1,0.000627572,0.9,5.0,1,3.0,0.0,90.0
445,446,139.604,43.098,139.6,43.1,0.000551169,0.9,5.0,1,3.0,0.0,90.0
446,447,139.704,43.098,139.7,43.1,0.000493108,0.9,5.0,1,3.0,0.0,90.0
447,448,139.804,43.098,139.8,43.1,0.000458579,0.9,5.0,1,3.0,0.0,90.0
448,449,139.904,43.098,139.9,43.1,0.000442315,0.9,5.0,1,3.0,0.0,90.0
449,450,140.004,43.098,140.0,43.1,0.000434919,0.9,5.0,1,3.0,0.0,90.0
450,451,140.104,43.098,140.1,43.1,0.000429297,0.9,5.0,1,3.0,0.0,90.0
451,452,139.004,42.998,139.0,43.0,0.000887679,0.9,5.0,1,3.0,0.0,90.0
452,453,139.104,42.998,139.1,43.0,0.000896106,0.9,5.0,1,3.0,0.0,90.0
453,454,139.204,42.998,139.2,43.0,0.000872473,0.9,5.0,1,3.0,0.0,90.0
454,455,139.304,42.998,139.3,43.0,0.000813044,0.9,5.0,1,3.0,0.0,90.0
455,456,139.404,42.998,139.4,43.0,0.000726039,0.9,5.0,1,3.0,0.0,90.0
456,457,139.504,42.998,139.5,43.0,0.000630971,0.9,5.0,1,3.0,0.0,90.0
457,458,139.604,42.998,139.6,43.0,0.000549767,0.9,5.0,1,3.0,0.0,90.0
458,459,139.704,42.998,139.7,43.0,0.000495875,0.9,5.0,1,3.0,0.0,90.0
459,460,139.804,42.998,139.8,43.0,0.000469485,0.9,5.0,1,3.0,0.0,90.0
460,461,139.904,42.998,139.9,43.0,0.000460577,0.9,5.0,1,3.0,0.0,90.0
461,462,139.004,42.898,139.0,42.9,0.000977471,0.9,5.0,1,3.0,0.0,90.0
462,463,139.104,42.898,139.1,42.9,0.000973938,0.9,5.0,1,3.0,0.0,90.0
463,464,139.204,42.898,139.2,42.9,0.000931478,0.9,5.0,1,3.0,0.0,90.0
464,465,139.304,42.898,139.3,42.9,0.000849175,0.9,5.0,1,3.0,0.0,90.0
465,466,139.404,42.898,139.4,42.9,0.000741452,0.9,5.0,1,3.0,0.0,90.0
466,467,139.504,42.898,139.5,42.9,0.000634042,0.9,5.0,1,3.0,0.0,90.0
467,468,139.604,42.898,139.6,42.9,0.000551163,0.9,5.0,1,3.0,0.0,90.0
468,469,139.704,42.898,139.7,42.9,0.000504077,0.9,5.0,1,3.0,0.0,90.0
469,470,139.004,42.798,139.0,42.8,0.00104395,0.9,5.0,1,3.0,0.0,90.0
470,471,139.104,42.798,139.1,42.8,0.00101959,0.9,5.0,1,3.0,0.0,90.0
471,472,139.204,42.798,139.2,42.8,0.000956469,0.9,5.0,1,3.0,0.0,90.0
472,473,139.304,42.798,139.3,42.8,0.000856213,0.9,5.0,1,3.0,0.0,90.0
473,474,139.404,42.798,139.4,42.8,0.000736654,0.9,5.0,1,3.0,0.0,90.0
474,475,139.504,42.798,139.5,42.8,0.00062555,0.9,5.0,1,3.0,0.0,90.0
475,476,139.604,42.798,139.6,42.8,0.000546194,0.9,5.0,1,3.0,0.0,90.0
476,477,139.704,42.798,139.7,42.8,0.000506781,0.9,5.0,1,3.0,0.0,90.0
477,478,139.004,42.698,139.0,42.7,0.00112613,0.9,5.0,1,3.0,0.0,90.0
478,479,139.104,42.698,139.1,42.7,0.00106943,0.9,5.0,1,3.0,0.0,90.0
479,480,139.204,42.698,139.2,42.7,0.00097832,0.9,5.0,1,3.0,0.0,90.0
480,481,139.304,42.698,139.3,42.7,0.000858038,0.9,5.0,1,3.0,0.0,90.0
481,482,139.404,42.698,139.4,42.7,0.000728114,0.9,5.0,1,3.0,0.0,90.0
482,483,139.504,42.698,139.5,42.7,0.000614872,0.9,5.0,1,3.0,0.0,90.0
483,484,139.604,42.698,139.6,42.7,0.000537737,0.9,5.0,1,3.0,0.0,90.0
484,485,138.903,42.598,138.9,42.6,0.0013019,0.9,5.0,1,3.0,0.0,90.0
485,486,139.003,42.598,139.0,42.6,0.00125011,0.9,5.0,1,3.0,0.0,90.0
486,487,139.104,42.598,139.1,42.6,0.0011641,0.9,5.0,1,3.0,0.0,90.0
487,488,139.204,42.598,139.2,42.6,0.00104264,0.9,5.0,1,3.0,0.0,90.0
488,489,139.304,42.598,139.3,42.6,0.000895963,0.9,5.0,1,3.0,0.0,90.0
489,490,139.404,42.598,139.4,42.6,0.000746913,0.9,5.0,1,3.0,0.0,90.0
490,491,139.504,42.598,139.5,42.6,0.000622055,0.9,5.0,1,3.0,0.0,90.0
491,492,139.604,42.598,139.6,42.6,0.000538544,0.9,5.0,1,3.0,0.0,90.0
492,493,138.903,42.498,138.9,42.5,0.00140146,0.9,5.0,1,3.0,0.0,90.0
493,494,139.003,42.498,139.0,42.5,0.00136057,0.9,5.0,1,3.0,0.0,90.0
494,495,139.103,42.498,139.1,42.5,0.00127285,0.9,5.0,1,3.0,0.0,90.0
495,496,139.204,42.498,139.2,42.5,0.00113783,0.9,5.0,1,3.0,0.0,90.0
496,497,139.304,42.498,139.3,42.5,0.00096948,0.9,5.0,1,3.0,0.0,90.0
497,498,139.404,42.498,139.4,42.5,0.000796567,0.9,5.0,1,3.0,0.0,90.0
498,499,139.504,42.498,139.5,42.5,0.000651688,0.9,5.0,1,3.0,0.0,90.0
499,500,139.604,42.498,139.6,42.5,0.000555772,0.9,5.0,1,3.0,0.0,90.0
500,501,138.903,42.398,138.9,42.4,0.00137544,0.9,5.0,1,3.0,0.0,90.0
501,502,139.003,42.398,139.0,42.4,0.00138247,0.9,5.0,1,3.0,0.0,90.0
502,503,139.103,42.398,139.1,42.4,0.00133023,0.9,5.0,1,3.0,0.0,90.0
503,504,139.204,42.398,139.2,42.4,0.00121206,0.9,5.0,1,3.0,0.0,90.0
504,505,139.304,42.398,139.3,42.4,0.00104129,0.9,5.0,1,3.0,0.0,90.0
505,506,139.404,42.398,139.4,42.4,0.000853332,0.9,5.0,1,3.0,0.0,90.0
506,507,139.504,42.398,139.5,42.4,0.000691684,0.9,5.0,1,3.0,0.0,90.0
507,508,139.604,42.398,139.6,42.4,0.000586866,0.9,5.0,1,3.0,0.0,90.0
508,509,138.803,42.298,138.8,42.3,0.00115104,0.9,5.0,1,3.0,0.0,90.0
509,510,138.903,42.298,138.9,42.3,0.00125815,0.9,5.0,1,3.0,0.0,90.0
510,511,139.003,42.298,139.0,42.3,0.00133045,0.9,5.0,1,3.0,0.0,90.0
511,512,139.103,42.298,139.1,42.3,0.00133891,0.9,5.0,1,3.0,0.0,90.0
512,513,139.203,42.298,139.2,42.3,0.00126299,0.9,5.0,1,3.0,0.0,90.0
513,514,139.304,42.298,139.3,42.3,0.00110904,0.9,5.0,1,3.0,0.0,90.0
514,515,139.404,42.298,139.4,42.3,0.000917283,0.9,5.0,1,3.0,0.0,90.0
515,516,139.504,42.298,139.5,42.3,0.000744508,0.9,5.0,1,3.0,0.0,90.0
516,517,139.604,42.298,139.6,42.3,0.000634443,0.9,5.0,1,3.0,0.0,90.0
517,518,138.803,42.198,138.8,42.2,0.00100371,0.9,5.0,1,3.0,0.0,90.0
518,519,138.903,42.198,138.9,42.2,0.00115494,0.9,5.0,1,3.0,0.0,90.0
519,520,139.003,42.198,139.0,42.2,0.0012906,0.9,5.0,1,3.0,0.0,90.0
520,521,139.103,42.198,139.1,42.2,0.00136737,0.9,5.0,1,3.0,0.0,90.0
521,522,139.203,42.198,139.2,42.2,0.00134488,0.9,5.0,1,3.0,0.0,90.0
522,523,139.304,42.198,139.3,42.2,0.00121555,0.9,5.0,1,3.0,0.0,90.0
523,524,139.404,42.198,139.4,42.2,0.00102075,0.9,5.0,1,3.0,0.0,90.0
524,525,139.504,42.198,139.5,42.2,0.00083131,0.9,5.0,1,3.0,0.0,90.0
525,526,139.604,42.198,139.6,42.2,0.000706829,0.9,5.0,1,3.0,0.0,90.0
526,527,139.704,42.198,139.7,42.2,0.000665421,0.9,5.0,1,3.0,0.0,90.0
527,528,138.703,42.098,138.7,42.1,0.000784079,0.9,5.0,1,3.0,0.0,90.0
528,529,138.803,42.098,138.8,42.1,0.000928611,0.9,5.0,1,3.0,0.0,90.0
529,530,138.903,42.098,138.9,42.1,0.00110589,0.9,5.0,1,3.0,0.0,90.0
530,531,139.003,42.098,139.0,42.1,0.00128898,0.9,5.0,1,3.0,0.0,90.0
531,532,139.103,42.098,139.1,42.1,0.00142499,0.9,5.0,1,3.0,0.0,90.0
532,533,139.203,42.098,139.2,42.1,0.0014545,0.9,5.0,1,3.0,0.0,90.0
533,534,139.303,42.098,139.3,42.1,0.00135222,0.9,5.0,1,3.0,0.0,90.0
534,535,139.404,42.098,139.4,42.1,0.00115474,0.9,5.0,1,3.0,0.0,90.0
535,536,139.504,42.098,139.5,42.1,0.000942811,0.9,5.0,1,3.0,0.0,90.0
536,537,139.604,42.098,139.6,42.1,0.000790817,0.9,5.0,1,3.0,0.0,90.0
537,538,139.704,42.098,139.7,42.1,0.000725395,0.9,5.0,1,3.0,0.0,90.0
538,539,139.804,42.098,139.8,42.1,0.000720618,0.9,5.0,1,3.0,0.0,90.0
539,540,138.703,41.998,138.7,42.0,0.000752712,0.9,5.0,1,3.0,0.0,90.0
540,541,138.803,41.998,138.8,42.0,0.000884151,0.9,5.0,1,3.0,0.0,90.0
541,542,138.903,41.998,138.9,42.0,0.00105714,0.9,5.0,1,3.0,0.0,90.0
542,543,139.003,41.998,139.0,42.0,0.00125139,0.9,5.0,1,3.0,0.0,90.0
543,544,139.103,41.998,139.1,42.0,0.00141554,0.9,5.0,1,3.0,0.0,90.0
544,545,139.203,41.998,139.2,42.0,0.0014827,0.9,5.0,1,3.0,0.0,90.0
545,546,139.303,41.998,139.3,42.0,0.00141351,0.9,5.0,1,3.0,0.0,90.0
546,547,139.403,41.998,139.4,42.0,0.00123216,0.9,5.0,1,3.0,0.0,90.0
547,548,139.504,41.998,139.5,42.0,0.00101574,0.9,5.0,1,3.0,0.0,90.0
548,549,139.604,41.998,139.6,42.0,0.000843493,0.9,5.0,1,3.0,0.0,90.0
549,550,139.704,41.998,139.7,42.0,0.000749959,0.9,5.0,1,3.0,0.0,90.0
550,551,139.804,41.997,139.8,42.0,0.000716953,0.9,5.0,1,3.0,0.0,90.0
551,552,139.904,41.997,139.9,42.0,0.000701053,0.9,5.0,1,3.0,0.0,90.0
552,553,138.703,41.898,138.7,41.9,0.000725542,0.9,5.0,1,3.0,0.0,90.0
553,554,138.803,41.898,138.8,41.9,0.000819807,0.9,5.0,1,3.0,0.0,90.0
554,555,138.903,41.898,138.9,41.9,0.000950864,0.9,5.0,1,3.0,0.0,90.0
555,556,139.003,41.898,139.0,41.9,0.00110889,0.9,5.0,1,3.0,0.0,90.0
556,557,139.103,41.898,139.1,41.9,0.00125648,0.9,5.0,1,3.0,0.0,90.0
557,558,139.203,41.898,139.2,41.9,0.00133617,0.9,5.0,1,3.0,0.0,90.0
558,559,139.303,41.898,139.3,41.9,0.00130511,0.9,5.0,1,3.0,0.0,90.0
559,560,139.403,41.897,139.4,41.9,0.00117069,0.9,5.0,1,3.0,0.0,90.0
560,561,139.504,41.897,139.5,41.9,0.000990157,0.9,5.0,1,3.0,0.0,90.0
561,562,139.604,41.897,139.6,41.9,0.00083139,0.9,5.0,1,3.0,0.0,90.0
562,563,139.704,41.897,139.7,41.9,0.000731047,0.9,5.0,1,3.0,0.0,90.0
563,564,139.804,41.897,139.8,41.9,0.000683186,0.9,5.0,1,3.0,0.0,90.0
564,565,139.904,41.897,139.9,41.9,0.000658729,0.9,5.0,1,3.0,0.0,90.0
565,566,138.603,41.798,138.6,41.8,0.000653784,0.9,5.0,1,3.0,0.0,90.0
566,567,138.703,41.798,138.7,41.8,0.00068581,0.9,5.0,1,3.0,0.0,90.0
567,568,138.803,41.798,138.8,41.8,0.000732597,0.9,5.0,1,3.0,0.0,90.0
568,569,138.903,41.798,138.9,41.8,0.000802817,0.9,5.0,1,3.0,0.0,90.0
569,570,139.003,41.797,139.0,41.8,0.000897102,0.9,5.0,1,3.0,0.0,90.0
570,571,139.103,41.797,139.1,41.8,0.000996729,0.9,5.0,1,3.0,0.0,90.0
571,572,139.203,41.797,139.2,41.8,0.00106402,0.9,5.0,1,3.0,0.0,90.0
572,573,139.303,41.797,139.3,41.8,0.00106375,0.9,5.0,1,3.0,0.0,90.0
573,574,139.403,41.797,139.4,41.8,0.000990936,0.9,5.0,1,3.0,0.0,90.0
574,575,139.503,41.797,139.5,41.8,0.000877296,0.9,5.0,1,3.0,0.0,90.0
575,576,139.604,41.797,139.6,41.8,0.000768192,0.9,5.0,1,3.0,0.0,90.0
576,577,139.704,41.797,139.7,41.8,0.000692808,0.9,5.0,1,3.0,0.0,90.0
577,578,139.804,41.797,139.8,41.8,0.00065273,0.9,5.0,1,3.0,0.0,90.0
578,579,139.904,41.797,139.9,41.8,0.000631978,0.9,5.0,1,3.0,0.0,90.0
579,580,138.603,41.697,138.6,41.7,0.000624828,0.9,5.0,1,3.0,0.0,90.0
580,581,138.703,41.697,138.7,41.7,0.00064033,0.9,5.0,1,3.0,0.0,90.0
581,582,138.803,41.697,138.8,41.7,0.000658073,0.9,5.0,1,3.0,0.0,90.0
582,583,138.903,41.697,138.9,41.7,0.000685603,0.9,5.0,1,3.0,0.0,90.0
583,584,139.003,41.697,139.0,41.7,0.000727734,0.9,5.0,1,3.0,0.0,90.0
584,585,139.103,41.697,139.1,41.7,0.000778254,0.9,5.0,1,3.0,0.0,90.0
585,586,139.203,41.697,139.2,41.7,0.000818168,0.9,5.0,1,3.0,0.0,90.0
586,587,139.303,41.697,139.3,41.7,0.00082675,0.9,5.0,1,3.0,0.0,90.0
587,588,139.403,41.697,139.4,41.7,0.000798089,0.9,5.0,1,3.0,0.0,90.0
588,589,139.503,41.697,139.5,41.7,0.00074698,0.9,5.0,1,3.0,0.0,90.0
589,590,139.604,41.697,139.6,41.7,0.000697348,0.9,5.0,1,3.0,0.0,90.0
590,591,139.704,41.697,139.7,41.7,0.000664806,0.9,5.0,1,3.0,0.0,90.0
591,592,139.804,41.697,139.8,41.7,0.000648913,0.9,5.0,1,3.0,0.0,90.0
592,593,139.904,41.697,139.9,41.7,0.000638705,0.9,5.0,1,3.0,0.0,90.0
593,594,138.603,41.597,138.6,41.6,0.000584633,0.9,5.0,1,3.0,0.0,90.0
594,595,138.703,41.597,138.7,41.6,0.000610142,0.9,5.0,1,3.0,0.0,90.0
595,596,138.803,41.597,138.8,41.6,0.000636646,0.9,5.0,1,3.0,0.0,90.0
596,597,138.903,41.597,138.9,41.6,0.000664298,0.9,5.0,1,3.0,0.0,90.0
597,598,139.003,41.597,139.0,41.6,0.000690583,0.9,5.0,1,3.0,0.0,90.0
598,599,139.103,41.597,139.1,41.6,0.000709495,0.9,5.0,1,3.0,0.0,90.0
599,600,139.203,41.597,139.2,41.6,0.00071438,0.9,5.0,1,3.0,0.0,90.0
600,601,139.303,41.597,139.3,41.6,0.000702589,0.9,5.0,1,3.0,0.0,90.0
601,602,139.403,41.597,139.4,41.6,0.00067914,0.9,5.0,1,3.0,0.0,90.0
602,603,139.503,41.597,139.5,41.6,0.000655884,0.9,5.0,1,3.0,0.0,90.0
603,604,139.603,41.597,139.6,41.6,0.000644971,0.9,5.0,1,3.0,0.0,90.0
604,605,139.704,41.597,139.7,41.6,0.000650501,0.9,5.0,1,3.0,0.0,90.0
605,606,139.804,41.597,139.8,41.6,0.000664956,0.9,5.0,1,3.0,0.0,90.0
606,607,139.904,41.597,139.9,41.6,0.000673431,0.9,5.0,1,3.0,0.0,90.0
607,608,138.503,41.497,138.5,41.5,0.000520551,0.9,5.0,1,3.0,0.0,90.0
608,609,138.603,41.497,138.6,41.5,0.000564263,0.9,5.0,1,3.0,0.0,90.0
609,610,138.703,41.497,138.7,41.5,0.000622576,0.9,5.0,1,3.0,0.0,90.0
610,611,138.803,41.497,138.8,41.5,0.000691528,0.9,5.0,1,3.0,0.0,90.0
611,612,138.903,41.497,138.9,41.5,0.000756855,0.9,5.0,1,3.0,0.0,90.0
612,613,139.003,41.497,139.0,41.5,0.000797152,0.9,5.0,1,3.0,0.0,90.0
613,614,139.103,41.497,139.1,41.5,0.000796694,0.9,5.0,1,3.0,0.0,90.0
614,615,139.203,41.497,139.2,41.5,0.000757781,0.9,5.0,1,3.0,0.0,90.0
615,616,139.303,41.497,139.3,41.5,0.000699108,0.9,5.0,1,3.0,0.0,90.0
616,617,139.403,41.497,139.4,41.5,0.00064403,0.9,5.0,1,3.0,0.0,90.0
617,618,139.503,41.497,139.5,41.5,0.000610411,0.9,5.0,1,3.0,0.0,90.0
618,619,139.603,41.497,139.6,41.5,0.000606949,0.9,5.0,1,3.0,0.0,90.0
619,620,139.704,41.497,139.7,41.5,0.000632034,0.9,5.0,1,3.0,0.0,90.0
620,621,139.804,41.497,139.8,41.5,0.000672496,0.9,5.0,1,3.0,0.0,90.0
621,622,138.503,41.397,138.5,41.4,0.000509353,0.9,5.0,1,3.0,0.0,90.0
622,623,138.603,41.397,138.6,41.4,0.000574454,0.9,5.0,1,3.0,0.0,90.0
623,624,138.703,41.397,138.7,41.4,0.000672,0.9,5.0,1,3.0,0.0,90.0
624,625,138.803,41.397,138.8,41.4,0.000793278,0.9,5.0,1,3.0,0.0,90.0
625,626,138.903,41.397,138.9,41.4,0.000906857,0.9,5.0,1,3.0,0.0,90.0
626,627,139.003,41.397,139.0,41.4,0.00096873,0.9,5.0,1,3.0,0.0,90.0
627,628,139.103,41.397,139.1,41.4,0.000951524,0.9,5.0,1,3.0,0.0,90.0
628,629,139.203,41.397,139.2,41.4,0.000866356,0.9,5.0,1,3.0,0.0,90.0
629,630,139.303,41.397,139.3,41.4,0.000753152,0.9,5.0,1,3.0,0.0,90.0
630,631,139.403,41.397,139.4,41.4,0.000653213,0.9,5.0,1,3.0,0.0,90.0
631,632,139.503,41.397,139.5,41.4,0.000590988,0.9,5.0,1,3.0,0.0,90.0
632,633,139.603,41.397,139.6,41.4,0.00057379,0.9,5.0,1,3.0,0.0,90.0
633,634,139.703,41.397,139.7,41.4,0.000597342,0.9,5.0,1,3.0,0.0,90.0
634,635,139.804,41.397,139.8,41.4,0.00064629,0.9,5.0,1,3.0,0.0,90.0
635,636,138.503,41.297,138.5,41.3,0.000510703,0.9,5.0,1,3.0,0.0,90.0
636,637,138.603,41.297,138.6,41.3,0.000585615,0.9,5.0,1,3.0,0.0,90.0
637,638,138.703,41.297,138.7,41.3,0.000704943,0.9,5.0,1,3.0,0.0,90.0
638,639,138.803,41.297,138.8,41.3,0.000857364,0.9,5.0,1,3.0,0.0,90.0
639,640,138.903,41.297,138.9,41.3,0.00100101,0.9,5.0,1,3.0,0.0,90.0
640,641,139.003,41.297,139.0,41.3,0.00107835,0.9,5.0,1,3.0,0.0,90.0
641,642,139.103,41.297,139.1,41.3,0.00105515,0.9,5.0,1,3.0,0.0,90.0
642,643,139.203,41.297,139.2,41.3,0.000946646,0.9,5.0,1,3.0,0.0,90.0
643,644,139.303,41.297,139.3,41.3,0.000803072,0.9,5.0,1,3.0,0.0,90.0
644,645,139.403,41.297,139.4,41.3,0.000674173,0.9,5.0,1,3.0,0.0,90.0
645,646,139.503,41.297,139.5,41.3,0.000587309,0.9,5.0,1,3.0,0.0,90.0
646,647,139.603,41.297,139.6,41.3,0.000548954,0.9,5.0,1,3.0,0.0,90.0
647,648,139.703,41.297,139.7,41.3,0.000553891,0.9,5.0,1,3.0,0.0,90.0
648,649,139.803,41.297,139.8,41.3,0.000587837,0.9,5.0,1,3.0,0.0,90.0
649,650,138.403,41.197,138.4,41.2,0.0004839,0.9,5.0,1,3.0,0.0,90.0
650,651,138.503,41.197,138.5,41.2,0.000508893,0.9,5.0,1,3.0,0.0,90.0
651,652,138.603,41.197,138.6,41.2,0.000572166,0.9,5.0,1,3.0,0.0,90.0
652,653,138.703,41.197,138.7,41.2,0.000682976,0.9,5.0,1,3.0,0.0,90.0
653,654,138.803,41.197,138.8,41.2,0.000832128,0.9,5.0,1,3.0,0.0,90.0
654,655,138.903,41.197,138.9,41.2,0.000980514,0.9,5.0,1,3.0,0.0,90.0
655,656,139.003,41.197,139.0,41.2,0.00107203,0.9,5.0,1,3.0,0.0,90.0
656,657,139.103,41.197,139.1,41.2,0.0010693,0.9,5.0,1,3.0,0.0,90.0
657,658,139.203,41.197,139.2,41.2,0.000979527,0.9,5.0,1,3.0,0.0,90.0
658,659,139.303,41.197,139.3,41.2,0.000844677,0.9,5.0,1,3.0,0.0,90.0
659,660,139.403,41.197,139.4,41.2,0.000710956,0.9,5.0,1,3.0,0.0,90.0
660,661,139.503,41.197,139.5,41.2,0.000607545,0.9,5.0,1,3.0,0.0,90.0
661,662,139.603,41.197,139.6,41.2,0.000544938,0.9,5.0,1,3.0,0.0,90.0
662,663,139.703,41.197,139.7,41.2,0.000521499,0.9,5.0,1,3.0,0.0,90.0
663,664,139.803,41.197,139.8,41.2,0.000526823,0.9,5.0,1,3.0,0.0,90.0
664,665,138.403,41.097,138.4,41.1,0.000508325,0.9,5.0,1,3.0,0.0,90.0
665,666,138.503,41.097,138.5,41.1,0.000509736,0.9,5.0,1,3.0,0.0,90.0
666,667,138.603,41.097,138.6,41.1,0.000548052,0.9,5.0,1,3.0,0.0,90.0
667,668,138.703,41.097,138.7,41.1,0.000634759,0.9,5.0,1,3.0,0.0,90.0
668,669,138.803,41.097,138.8,41.1,0.000767686,0.9,5.0,1,3.0,0.0,90.0
669,670,138.903,41.097,138.9,41.1,0.000918922,0.9,5.0,1,3.0,0.0,90.0
670,671,139.003,41.097,139.0,41.1,0.00103919,0.9,5.0,1,3.0,0.0,90.0
671,672,139.103,41.097,139.1,41.1,0.00108344,0.9,5.0,1,3.0,0.0,90.0
672,673,139.203,41.097,139.2,41.1,0.00103822,0.9,5.0,1,3.0,0.0,90.0
673,674,139.303,41.097,139.3,41.1,0.000926368,0.9,5.0,1,3.0,0.0,90.0
674,675,139.403,41.097,139.4,41.1,0.000788551,0.9,5.0,1,3.0,0.0,90.0
675,676,139.503,41.097,139.5,41.1,0.000661435,0.9,5.0,1,3.0,0.0,90.0
676,677,139.603,41.097,139.6,41.1,0.000567039,0.9,5.0,1,3.0,0.0,90.0
677,678,139.703,41.097,139.7,41.1,0.000511776,0.9,5.0,1,3.0,0.0,90.0
678,679,139.803,41.097,139.8,41.1,0.000489219,0.9,5.0,1,3.0,0.0,90.0
679,680,138.303,40.997,138.3,41.0,0.000571989,0.9,5.0,1,3.0,0.0,90.0
680,681,138.403,40.997,138.4,41.0,0.000536107,0.9,5.0,1,3.0,0.0,90.0
681,682,138.503,40.997,138.5,41.0,0.000519167,0.9,5.0,1,3.0,0.0,90.0
682,683,138.603,40.997,138.6,41.0,0.000539194,0.9,5.0,1,3.0,0.0,90.0
683,684,138.703,40.997,138.7,41.0,0.000614243,0.9,5.0,1,3.0,0.0,90.0
684,685,138.803,40.997,138.8,41.0,0.000752145,0.9,5.0,1,3.0,0.0,90.0
685,686,138.903,40.997,138.9,41.0,0.000934335,0.9,5.0,1,3.0,0.0,90.0
686,687,139.003,40.997,139.0,41.0,0.00110944,0.9,5.0,1,3.0,0.0,90.0
687,688,139.103,40.997,139.1,41.0,0.0012124,0.9,5.0,1,3.0,0.0,90.0
688,689,139.203,40.997,139.2,41.0,0.00120246,0.9,5.0,1,3.0,0.0,90.0
689,690,139.303,40.997,139.3,41.0,0.00108778,0.9,5.0,1,3.0,0.0,90.0
690,691,139.403,40.997,139.4,41.0,0.000915569,0.9,5.0,1,3.0,0.0,90.0
691,692,139.503,40.997,139.5,41.0,0.000741506,0.9,5.0,1,3.0,0.0,90.0
692,693,139.603,40.997,139.6,41.0,0.000604401,0.9,5.0,1,3.0,0.0,90.0
693,694,139.703,40.997,139.7,41.0,0.000517757,0.9,5.0,1,3.0,0.0,90.0
694,695,139.803,40.997,139.8,41.0,0.000474599,0.9,5.0,1,3.0,0.0,90.0
695,696,138.303,40.897,138.3,40.9,0.00057338,0.9,5.0,1,3.0,0.0,90.0
696,697,138.403,40.897,138.4,40.9,0.000542309,0.9,5.0,1,3.0,0.0,90.0
697,698,138.503,40.897,138.5,40.9,0.000525663,0.9,5.0,1,3.0,0.0,90.0
698,699,138.603,40.897,138.6,40.9,0.000547826,0.9,5.0,1,3.0,0.0,90.0
699,700,138.703,40.897,138.7,40.9,0.000635982,0.9,5.0,1,3.0,0.0,90.0
700,701,138.803,40.897,138.8,40.9,0.000807344,0.9,5.0,1,3.0,0.0,90.0
701,702,138.903,40.897,138.9,40.9,0.00104609,0.9,5.0,1,3.0,0.0,90.0
702,703,139.003,40.897,139.0,40.9,0.00128825,0.9,5.0,1,3.0,0.0,90.0
703,704,139.103,40.897,139.1,40.9,0.00144168,0.9,5.0,1,3.0,0.0,90.0
704,705,139.203,40.897,139.2,40.9,0.00144071,0.9,5.0,1,3.0,0.0,90.0
705,706,139.303,40.897,139.3,40.9,0.00128977,0.9,5.0,1,3.0,0.0,90.0
706,707,139.403,40.897,139.4,40.9,0.00105543,0.9,5.0,1,3.0,0.0,90.0
707,708,139.503,40.897,139.5,40.9,0.000819786,0.9,5.0,1,3.0,0.0,90.0
708,709,139.603,40.897,139.6,40.9,0.000638116,0.9,5.0,1,3.0,0.0,90.0
709,710,139.703,40.897,139.7,40.9,0.000525962,0.9,5.0,1,3.0,0.0,90.0
710,711,139.803,40.897,139.8,40.9,0.000470319,0.9,5.0,1,3.0,0.0,90.0
711,712,138.203,40.797,138.2,40.8,0.000541465,0.9,5.0,1,3.0,0.0,90.0
712,713,138.303,40.797,138.3,40.8,0.000531951,0.9,5.0,1,3.0,0.0,90.0
713,714,138.403,40.797,138.4,40.8,0.000519093,0.9,5.0,1,3.0,0.0,90.0
714,715,138.503,40.797,138.5,40.8,0.00052003,0.9,5.0,1,3.0,0.0,90.0
715,716,138.603,40.797,138.6,40.8,0.00056182,0.9,5.0,1,3.0,0.0,90.0
716,717,138.703,40.797,138.7,40.8,0.000676324,0.9,5.0,1,3.0,0.0,90.0
717,718,138.803,40.797,138.8,40.8,0.000883954,0.9,5.0,1,3.0,0.0,90.0
718,719,138.903,40.797,138.9,40.8,0.00116593,0.9,5.0,1,3.0,0.0,90.0
719,720,139.003,40.797,139.0,40.8,0.00144677,0.9,5.0,1,3.0,0.0,90.0
720,721,139.103,40.797,139.1,40.8,0.00161839,0.9,5.0,1,3.0,0.0,90.0
721,722,139.203,40.797,139.2,40.8,0.00160509,0.9,5.0,1,3.0,0.0,90.0
722,723,139.303,40.797,139.3,40.8,0.00141563,0.9,5.0,1,3.0,0.0,90.0
723,724,139.403,40.797,139.4,40.8,0.00113315,0.9,5.0,1,3.0,0.0,90.0
724,725,139.503,40.797,139.5,40.8,0.000857105,0.9,5.0,1,3.0,0.0,90.0
725,726,139.603,40.797,139.6,40.8,0.000650984,0.9,5.0,1,3.0,0.0,90.0
726,727,139.703,40.797,139.7,40.8,0.000528099,0.9,5.0,1,3.0,0.0,90.0
727,728,139.803,40.797,139.8,40.8,0.000468937,0.9,5.0,1,3.0,0.0,90.0
728,729,138.103,40.697,138.1,40.7,0.000480151,0.9,5.0,1,3.0,0.0,90.0
729,730,138.203,40.697,138.2,40.7,0.000484409,0.9,5.0,1,3.0,0.0,90.0
730,731,138.303,40.697,138.3,40.7,0.00048639,0.9,5.0,1,3.0,0.0,90.0
731,732,138.403,40.697,138.4,40.7,0.00049191,0.9,5.0,1,3.0,0.0,90.0
732,733,138.503,40.697,138.5,40.7,0.000515928,0.9,5.0,1,3.0,0.0,90.0
733,734,138.603,40.697,138.6,40.7,0.000583223,0.9,5.0,1,3.0,0.0,90.0
734,735,138.703,40.697,138.7,40.7,0.000722728,0.9,5.0,1,3.0,0.0,90.0
735,736,138.803,40.697,138.8,40.7,0.000949446,0.9,5.0,1,3.0,0.0,90.0
736,737,138.903,40.697,138.9,40.7,0.00123717,0.9,5.0,1,3.0,0.0,90.0
737,738,139.003,40.697,139.0,40.7,0.00150609,0.9,5.0,1,3.0,0.0,90.0
738,739,139.103,40.697,139.1,40.7,0.00165213,0.9,5.0,1,3.0,0.0,90.0
739,740,139.203,40.697,139.2,40.7,0.00161057,0.9,5.0,1,3.0,0.0,90.0
740,741,139.303,40.697,139.3,40.7,0.00140059,0.9,5.0,1,3.0,0.0,90.0
741,742,139.403,40.697,139.4,40.7,0.00110963,0.9,5.0,1,3.0,0.0,90.0
742,743,139.503,40.697,139.5,40.7,0.000835499,0.9,5.0,1,3.0,0.0,90.0
743,744,139.603,40.697,139.6,40.7,0.000636916,0.9,5.0,1,3.0,0.0,90.0
744,745,139.703,40.697,139.7,40.7,0.000522267,0.9,5.0,1,3.0,0.0,90.0
745,746,138.103,40.597,138.1,40.6,0.000464734,0.9,5.0,1,3.0,0.0,90.0
746,747,138.203,40.597,138.2,40.6,0.000465656,0.9,5.0,1,3.0,0.0,90.0
747,748,138.303,40.597,138.3,40.6,0.000471457,0.9,5.0,1,3.0,0.0,90.0
748,749,138.403,40.597,138.4,40.6,0.000489701,0.9,5.0,1,3.0,0.0,90.0
749,750,138.503,40.597,138.5,40.6,0.000534215,0.9,5.0,1,3.0,0.0,90.0
750,751,138.603,40.597,138.6,40.6,0.000625838,0.9,5.0,1,3.0,0.0,90.0
751,752,138.703,40.597,138.7,40.6,0.000787005,0.9,5.0,1,3.0,0.0,90.0
752,753,138.803,40.597,138.8,40.6,0.00102333,0.9,5.0,1,3.0,0.0,90.0
753,754,138.903,40.597,138.9,40.6,0.00129864,0.9,5.0,1,3.0,0.0,90.0
754,755,139.003,40.597,139.0,40.6,0.00153068,0.9,5.0,1,3.0,0.0,90.0
755,756,139.103,40.597,139.1,40.6,0.00162733,0.9,5.0,1,3.0,0.0,90.0
756,757,139.203,40.597,139.2,40.6,0.00154518,0.9,5.0,1,3.0,0.0,90.0
757,758,139.303,40.597,139.3,40.6,0.00131909,0.9,5.0,1,3.0,0.0,90.0
758,759,139.403,40.597,139.4,40.6,0.00103692,0.9,5.0,1,3.0,0.0,90.0
759,760,139.503,40.597,139.5,40.6,0.000785227,0.9,5.0,1,3.0,0.0,90.0
760,761,139.603,40.597,139.6,40.6,0.000610361,0.9,5.0,1,3.0,0.0,90.0
761,762,139.703,40.597,139.7,40.6,0.000513985,0.9,5.0,1,3.0,0.0,90.0
762,763,138.003,40.497,138.0,40.5,0.000496213,0.9,5.0,1,3.0,0.0,90.0
763,764,138.103,40.497,138.1,40.5,0.000491868,0.9,5.0,1,3.0,0.0,90.0
764,765,138.203,40.497,138.2,40.5,0.00048818,0.9,5.0,1,3.0,0.0,90.0
765,766,138.303,40.497,138.3,40.5,0.000493321,0.9,5.0,1,3.0,0.0,90.0
766,767,138.403,40.497,138.4,40.5,0.000518434,0.9,5.0,1,3.0,0.0,90.0
767,768,138.503,40.497,138.5,40.5,0.00057761,0.9,5.0,1,3.0,0.0,90.0
768,769,138.603,40.497,138.6,40.5,0.000687836,0.9,5.0,1,3.0,0.0,90.0
769,770,138.703,40.497,138.7,40.5,0.00086478,0.9,5.0,1,3.0,0.0,90.0
770,771,138.803,40.497,138.8,40.5,0.00110583,0.9,5.0,1,3.0,0.0,90.0
771,772,138.903,40.497,138.9,40.5,0.00136754,0.9,5.0,1,3.0,0.0,90.0
772,773,139.003,40.497,139.0,40.5,0.00156658,0.9,5.0,1,3.0,0.0,90.0
773,774,139.103,40.497,139.1,40.5,0.0016204,0.9,5.0,1,3.0,0.0,90.0
774,775,139.203,40.497,139.2,40.5,0.00150234,0.9,5.0,1,3.0,0.0,90.0
775,776,139.303,40.497,139.3,40.5,0.00126051,0.9,5.0,1,3.0,0.0,90.0
776,777,139.403,40.497,139.4,40.5,0.000983994,0.9,5.0,1,3.0,0.0,90.0
777,778,139.503,40.497,139.5,40.5,0.000750178,0.9,5.0,1,3.0,0.0,90.0
778,779,139.603,40.497,139.6,40.5,0.000594609,0.9,5.0,1,3.0,0.0,90.0
779,780,139.703,40.497,139.7,40.5,0.000513582,0.9,5.0,1,3.0,0.0,90.0
780,781,138.003,40.397,138.0,40.4,0.00054114,0.9,5.0,1,3.0,0.0,90.0
781,782,138.103,40.397,138.1,40.4,0.000538582,0.9,5.0,1,3.0,0.0,90.0
782,783,138.203,40.397,138.2,40.4,0.000534109,0.9,5.0,1,3.0,0.0,90.0
783,784,138.303,40.397,138.3,40.4,0.000538779,0.9,5.0,1,3.0,0.0,90.0
784,785,138.403,40.397,138.4,40.4,0.000567012,0.9,5.0,1,3.0,0.0,90.0
785,786,138.503,40.397,138.5,40.4,0.000633643,0.9,5.0,1,3.0,0.0,90.0
786,787,138.603,40.397,138.6,40.4,0.000751955,0.9,5.0,1,3.0,0.0,90.0
787,788,138.703,40.397,138.7,40.4,0.000929883,0.9,5.0,1,3.0,0.0,90.0
788,789,138.803,40.397,138.8,40.4,0.00115716,0.9,5.0,1,3.0,0.0,90.0
789,790,138.903,40.397,138.9,40.4,0.0013893,0.9,5.0,1,3.0,0.0,90.0
790,791,139.003,40.397,139.0,40.4,0.00155188,0.9,5.0,1,3.0,0.0,90.0
791,792,139.103,40.397,139.1,40.4,0.00157664,0.9,5.0,1,3.0,0.0,90.0
792,793,139.203,40.397,139.2,40.4,0.0014474,0.9,5.0,1,3.0,0.0,90.0
793,794,139.303,40.397,139.3,40.4,0.00121332,0.9,5.0,1,3.0,0.0,90.0
794,795,139.403,40.397,139.4,40.4,0.00095621,0.9,5.0,1,3.0,0.0,90.0
795,796,139.503,40.397,139.5,40.4,0.00074326,0.9,5.0,1,3.0,0.0,90.0
796,797,139.603,40.397,139.6,40.4,0.000602751,0.9,5.0,1,3.0,0.0,90.0
797,798,139.703,40.397,139.7,40.4,0.000529971,0.9,5.0,1,3.0,0.0,90.0
798,799,137.903,40.297,137.9,40.3,0.000555165,0.9,5.0,1,3.0,0.0,90.0
799,800,138.003,40.297,138.0,40.3,0.000567711,0.9,5.0,1,3.0,0.0,90.0
800,801,138.103,40.297,138.1,40.3,0.000573802,0.9,5.0,1,3.0,0.0,90.0
801,802,138.203,40.297,138.2,40.3,0.000577857,0.9,5.0,1,3.0,0.0,90.0
802,803,138.303,40.297,138.3,40.3,0.000590121,0.9,5.0,1,3.0,0.0,90.0
803,804,138.403,40.297,138.4,40.3,0.000624493,0.9,5.0,1,3.0,0.0,90.0
804,805,138.503,40.297,138.5,40.3,0.000695479,0.9,5.0,1,3.0,0.0,90.0
805,806,138.603,40.297,138.6,40.3,0.000813763,0.9,5.0,1,3.0,0.0,90.0
806,807,138.703,40.297,138.7,40.3,0.000978926,0.9,5.0,1,3.0,0.0,90.0
807,808,138.803,40.297,138.8,40.3,0.00117074,0.9,5.0,1,3.0,0.0,90.0
808,809,138.903,40.297,138.9,40.3,0.00134642,0.9,5.0,1,3.0,0.0,90.0
809,810,139.003,40.297,139.0,40.3,0.00145191,0.9,5.0,1,3.0,0.0,90.0
810,811,139.103,40.297,139.1,40.3,0.00144603,0.9,5.0,1,3.0,0.0,90.0
811,812,139.203,40.297,139.2,40.3,0.00132583,0.9,5.0,1,3.0,0.0,90.0
812,813,139.303,40.297,139.3,40.3,0.00113191,0.9,5.0,1,3.0,0.0,90.0
813,814,139.403,40.297,139.4,40.3,0.000925179,0.9,5.0,1,3.0,0.0,90.0
814,815,139.503,40.297,139.5,40.3,0.000753585,0.9,5.0,1,3.0,0.0,90.0
815,816,139.603,40.297,139.6,40.3,0.000635643,0.9,5.0,1,3.0,0.0,90.0
816,817,139.703,40.297,139.7,40.3,0.000567519,0.9,5.0,1,3.0,0.0,90.0
817,818,137.903,40.197,137.9,40.2,0.000544126,0.9,5.0,1,3.0,0.0,90.0
818,819,138.003,40.197,138.0,40.2,0.000562683,0.9,5.0,1,3.0,0.0,90.0
819,820,138.103,40.197,138.1,40.2,0.000580547,0.9,5.0,1,3.0,0.0,90.0
820,821,138.203,40.197,138.2,40.2,0.000601295,0.9,5.0,1,3.0,0.0,90.0
821,822,138.303,40.197,138.3,40.2,0.000630941,0.9,5.0,1,3.0,0.0,90.0
822,823,138.403,40.197,138.4,40.2,0.000678319,0.9,5.0,1,3.0,0.0,90.0
823,824,138.503,40.197,138.5,40.2,0.000755747,0.9,5.0,1,3.0,0.0,90.0
824,825,138.603,40.197,138.6,40.2,0.000872888,0.9,5.0,1,3.0,0.0,90.0
825,826,138.703,40.197,138.7,40.2,0.00102243,0.9,5.0,1,3.0,0.0,90.0
826,827,138.803,40.197,138.8,40.2,0.00117281,0.9,5.0,1,3.0,0.0,90.0
827,828,138.903,40.197,138.9,40.2,0.0012808,0.9,5.0,1,3.0,0.0,90.0
828,829,139.003,40.197,139.0,40.2,0.00131445,0.9,5.0,1,3.0,0.0,90.0
829,830,139.103,40.197,139.1,40.2,0.00126639,0.9,5.0,1,3.0,0.0,90.0
830,831,139.203,40.197,139.2,40.2,0.00115421,0.9,5.0,1,3.0,0.0,90.0
831,832,139.303,40.197,139.3,40.2,0.00101193,0.9,5.0,1,3.0,0.0,90.0
832,833,139.403,40.197,139.4,40.2,0.000874941,0.9,5.0,1,3.0,0.0,90.0
833,834,139.503,40.197,139.5,40.2,0.000764077,0.9,5.0,1,3.0,0.0,90.0
834,835,139.603,40.197,139.6,40.2,0.000681504,0.9,5.0,1,3.0,0.0,90.0
835,836,139.703,40.197,139.7,40.2,0.000620824,0.9,5.0,1,3.0,0.0,90.0
836,837,138.003,40.097,138.0,40.1,0.000536629,0.9,5.0,1,3.0,0.0,90.0
837,838,138.103,40.097,138.1,40.1,0.000563326,0.9,5.0,1,3.0,0.0,90.0
838,839,138.203,40.097,138.2,40.1,0.000598224,0.9,5.0,1,3.0,0.0,90.0
839,840,138.303,40.097,138.3,40.1,0.000642801,0.9,5.0,1,3.0,0.0,90.0
840,841,138.403,40.097,138.4,40.1,0.000700793,0.9,5.0,1,3.0,0.0,90.0
841,842,138.503,40.097,138.5,40.1,0.000781957,0.9,5.0,1,3.0,0.0,90.0
842,843,138.603,40.097,138.6,40.1,0.000894823,0.9,5.0,1,3.0,0.0,90.0
843,844,138.703,40.097,138.7,40.1,0.00102743,0.9,5.0,1,3.0,0.0,90.0
844,845,138.803,40.097,138.8,40.1,0.00114074,0.9,5.0,1,3.0,0.0,90.0
845,846,138.903,40.097,138.9,40.1,0.00119175,0.9,5.0,1,3.0,0.0,90.0
846,847,139.003,40.097,139.0,40.1,0.0011652,0.9,5.0,1,3.0,0.0,90.0
847,848,139.103,40.097,139.1,40.1,0.00108072,0.9,5.0,1,3.0,0.0,90.0
848,849,139.203,40.097,139.2,40.1,0.000974863,0.9,5.0,1,3.0,0.0,90.0
849,850,139.303,40.097,139.3,40.1,0.000879363,0.9,5.0,1,3.0,0.0,90.0
850,851,139.403,40.097,139.4,40.1,0.000808918,0.9,5.0,1,3.0,0.0,90.0
851,852,139.503,40.097,139.5,40.1,0.000759601,0.9,5.0,1,3.0,0.0,90.0
852,853,139.603,40.097,139.6,40.1,0.00071697,0.9,5.0,1,3.0,0.0,90.0
853,854,139.703,40.097,139.7,40.1,0.00066982,0.9,5.0,1,3.0,0.0,90.0
854,855,138.103,39.997,138.1,40.0,0.000533009,0.9,5.0,1,3.0,0.0,90.0
855,856,138.203,39.997,138.2,40.0,0.000569265,0.9,5.0,1,3.0,0.0,90.0
856,857,138.303,39.997,138.3,40.0,0.000613754,0.9,5.0,1,3.0,0.0,90.0
857,858,138.403,39.997,138.4,40.0,0.000668408,0.9,5.0,1,3.0,0.0,90.0
858,859,138.503,39.997,138.5,40.0,0.000740652,0.9,5.0,1,3.0,0.0,90.0
859,860,138.603,39.997,138.6,40.0,0.000836041,0.9,5.0,1,3.0,0.0,90.0
860,861,138.703,39.997,138.7,40.0,0.000940983,0.9,5.0,1,3.0,0.0,90.0
861,862,138.803,39.997,138.8,40.0,0.00101888,0.9,5.0,1,3.0,0.0,90.0
862,863,138.903,39.997,138.9,40.0,0.00103453,0.9,5.0,1,3.0,0.0,90.0
863,864,139.003,39.997,139.0,40.0,0.000984263,0.9,5.0,1,3.0,0.0,90.0
864,865,139.103,39.997,139.1,40.0,0.000898817,0.9,5.0,1,3.0,0.0,90.0
865,866,139.203,39.997,139.2,40.0,0.000819069,0.9,5.0,1,3.0,0.0,90.0
866,867,139.303,39.997,139.3,40.0,0.000769927,0.9,5.0,1,3.0,0.0,90.0
867,868,139.403,39.997,139.4,40.0,0.000750959,0.9,5.0,1,3.0,0.0,90.0
868,869,139.503,39.997,139.5,40.0,0.000743978,0.9,5.0,1,3.0,0.0,90.0
869,870,139.603,39.997,139.6,40.0,0.000728253,0.9,5.0,1,3.0,0.0,90.0
870,871,139.703,39.997,139.7,40.0,0.000693242,0.9,5.0,1,3.0,0.0,90.0
871,872,139.803,39.997,139.8,40.0,0.000643123,0.9,5.0,1,3.0,0.0,90.0
872,873,138.203,39.897,138.2,39.9,0.000526743,0.9,5.0,1,3.0,0.0,90.0
873,874,138.303,39.897,138.3,39.9,0.000559247,0.9,5.0,1,3.0,0.0,90.0
874,875,138.403,39.897,138.4,39.9,0.000598954,0.9,5.0,1,3.0,0.0,90.0
875,876,138.503,39.897,138.5,39.9,0.000649933,0.9,5.0,1,3.0,0.0,90.0
876,877,138.603,39.897,138.6,39.9,0.00071387,0.9,5.0,1,3.0,0.0,90.0
877,878,138.703,39.897,138.7,39.9,0.000779879,0.9,5.0,1,3.0,0.0,90.0
878,879,138.803,39.897,138.8,39.9,0.000823811,0.9,5.0,1,3.0,0.0,90.0
879,880,138.903,39.897,138.9,39.9,0.000825591,0.9,5.0,1,3.0,0.0,90.0
880,881,139.003,39.897,139.0,39.9,0.000788831,0.9,5.0,1,3.0,0.0,90.0
881,882,139.103,39.897,139.1,39.9,0.000740351,0.9,5.0,1,3.0,0.0,90.0
882,883,139.203,39.897,139.2,39.9,0.000709705,0.9,5.0,1,3.0,0.0,90.0
883,884,139.303,39.897,139.3,39.9,0.000708158,0.9,5.0,1,3.0,0.0,90.0
884,885,139.403,39.897,139.4,39.9,0.000723833,0.9,5.0,1,3.0,0.0,90.0
885,886,139.503,39.897,139.5,39.9,0.000734193,0.9,5.0,1,3.0,0.0,90.0
886,887,139.603,39.897,139.6,39.9,0.000723029,0.9,5.0,1,3.0,0.0,90.0
887,888,139.703,39.897,139.7,39.9,0.000688267,0.9,5.0,1,3.0,0.0,90.0
888,889,139.803,39.897,139.8,39.9,0.000638759,0.9,5.0,1,3.0,0.0,90.0
889,890,138.203,39.797,138.2,39.8,0.000494211,0.9,5.0,1,3.0,0.0,90.0
890,891,138.303,39.797,138.3,39.8,0.000514444,0.9,5.0,1,3.0,0.0,90.0
891,892,138.403,39.797,138.4,39.8,0.000539139,0.9,5.0,1,3.0,0.0,90.0
892,893,138.503,39.797,138.5,39.8,0.000568631,0.9,5.0,1,3.0,0.0,90.0
893,894,138.603,39.797,138.6,39.8,0.000601577,0.9,5.0,1,3.0,0.0,90.0
894,895,138.703,39.797,138.7,39.8,0.000631949,0.9,5.0,1,3.0,0.0,90.0
895,896,138.803,39.797,138.8,39.8,0.000650067,0.9,5.0,1,3.0,0.0,90.0
896,897,138.903,39.797,138.9,39.8,0.000650381,0.9,5.0,1,3.0,0.0,90.0
897,898,139.003,39.797,139.0,39.8,0.000639331,0.9,5.0,1,3.0,0.0,90.0
898,899,139.103,39.797,139.1,39.8,0.000633443,0.9,5.0,1,3.0,0.0,90.0
899,900,139.203,39.797,139.2,39.8,0.000647061,0.9,5.0,1,3.0,0.0,90.0
900,901,139.303,39.797,139.3,39.8,0.000679571,0.9,5.0,1,3.0,0.0,90.0
901,902,139.403,39.797,139.4,39.8,0.000713544,0.9,5.0,1,3.0,0.0,90.0
902,903,139.503,39.797,139.5,39.8,0.000727043,0.9,5.0,1,3.0,0.0,90.0
903,904,139.603,39.797,139.6,39.8,0.000709523,0.9,5.0,1,3.0,0.0,90.0
904,905,139.703,39.797,139.7,39.8,0.000666995,0.9,5.0,1,3.0,0.0,90.0
905,906,139.803,39.797,139.8,39.8,0.000614241,0.9,5.0,1,3.0,0.0,90.0
906,907,138.203,39.697,138.2,39.7,0.000482908,0.9,5.0,1,3.0,0.0,90.0
907,908,138.303,39.697,138.3,39.7,0.000497156,0.9,5.0,1,3.0,0.0,90.0
908,909,138.403,39.697,138.4,39.7,0.000515065,0.9,5.0,1,3.0,0.0,90.0
909,910,138.503,39.697,138.5,39.7,0.000534317,0.9,5.0,1,3.0,0.0,90.0
910,911,138.603,39.697,138.6,39.7,0.000551035,0.9,5.0,1,3.0,0.0,90.0
911,912,138.703,39.697,138.7,39.7,0.000561486,0.9,5.0,1,3.0,0.0,90.0
912,913,138.803,39.697,138.8,39.7,0.000564505,0.9,5.0,1,3.0,0.0,90.0
913,914,138.903,39.697,138.9,39.7,0.000563039,0.9,5.0,1,3.0,0.0,90.0
914,915,139.003,39.697,139.0,39.7,0.000564183,0.9,5.0,1,3.0,0.0,90.0
915,916,139.103,39.697,139.1,39.7,0.000576753,0.9,5.0,1,3.0,0.0,90.0
916,917,139.203,39.697,139.2,39.7,0.000606031,0.9,5.0,1,3.0,0.0,90.0
917,918,139.303,39.697,139.3,39.7,0.000647685,0.9,5.0,1,3.0,0.0,90.0
918,919,139.403,39.697,139.4,39.7,0.000686087,0.9,5.0,1,3.0,0.0,90.0
919,920,139.503,39.697,139.5,39.7,0.00070181,0.9,5.0,1,3.0,0.0,90.0
920,921,139.603,39.697,139.6,39.7,0.000684534,0.9,5.0,1,3.0,0.0,90.0
921,922,139.703,39.697,139.7,39.7,0.000640356,0.9,5.0,1,3.0,0.0,90.0
922,923,139.803,39.697,139.8,39.7,0.000586596,0.9,5.0,1,3.0,0.0,90.0
923,924,138.103,39.597,138.1,39.6,0.000473064,0.9,5.0,1,3.0,0.0,90.0
924,925,138.203,39.597,138.2,39.6,0.000482094,0.9,5.0,1,3.0,0.0,90.0
925,926,138.303,39.597,138.3,39.6,0.000496399,0.9,5.0,1,3.0,0.0,90.0
926,927,138.403,39.597,138.4,39.6,0.000515892,0.9,5.0,1,3.0,0.0,90.0
927,928,138.503,39.597,138.5,39.6,0.000536946,0.9,5.0,1,3.0,0.0,90.0
928,929,138.603,39.597,138.6,39.6,0.00055286,0.9,5.0,1,3.0,0.0,90.0
929,930,138.703,39.597,138.7,39.6,0.000558104,0.9,5.0,1,3.0,0.0,90.0
930,931,138.803,39.597,138.8,39.6,0.000553,0.9,5.0,1,3.0,0.0,90.0
931,932,138.903,39.597,138.9,39.6,0.000543868,0.9,5.0,1,3.0,0.0,90.0
932,933,139.003,39.597,139.0,39.6,0.000539233,0.9,5.0,1,3.0,0.0,90.0
933,934,139.103,39.597,139.1,39.6,0.000545942,0.9,5.0,1,3.0,0.0,90.0
934,935,139.203,39.597,139.2,39.6,0.000567006,0.9,5.0,1,3.0,0.0,90.0
935,936,139.303,39.597,139.3,39.6,0.000599714,0.9,5.0,1,3.0,0.0,90.0
936,937,139.403,39.597,139.4,39.6,0.000633806,0.9,5.0,1,3.0,0.0,90.0
937,938,139.503,39.597,139.5,39.6,0.000653586,0.9,5.0,1,3.0,0.0,90.0
938,939,139.603,39.597,139.6,39.6,0.000646507,0.9,5.0,1,3.0,0.0,90.0
939,940,139.703,39.597,139.7,39.6,0.000613008,0.9,5.0,1,3.0,0.0,90.0
940,941,139.803,39.597,139.8,39.6,0.000567419,0.9,5.0,1,3.0,0.0,90.0
941,942,138.103,39.497,138.1,39.5,0.000469746,0.9,5.0,1,3.0,0.0,90.0
942,943,138.203,39.497,138.2,39.5,0.000479575,0.9,5.0,1,3.0,0.0,90.0
943,944,138.303,39.497,138.3,39.5,0.00049564,0.9,5.0,1,3.0,0.0,90.0
944,945,138.403,39.497,138.4,39.5,0.000518534,0.9,5.0,1,3.0,0.0,90.0
945,946,138.503,39.497,138.5,39.5,0.000544426,0.9,5.0,1,3.0,0.0,90.0
946,947,138.603,39.497,138.6,39.5,0.00056472,0.9,5.0,1,3.0,0.0,90.0
947,948,138.703,39.497,138.7,39.5,0.000571053,0.9,5.0,1,3.0,0.0,90.0
948,949,138.803,39.497,138.8,39.5,0.000561998,0.9,5.0,1,3.0,0.0,90.0
949,950,138.903,39.497,138.9,39.5,0.000544431,0.9,5.0,1,3.0,0.0,90.0
950,951,139.003,39.497,139.0,39.5,0.000528682,0.9,5.0,1,3.0,0.0,90.0
951,952,139.103,39.497,139.1,39.5,0.00052275,0.9,5.0,1,3.0,0.0,90.0
952,953,139.203,39.497,139.2,39.5,0.000530103,0.9,5.0,1,3.0,0.0,90.0
953,954,139.303,39.497,139.3,39.5,0.000549972,0.9,5.0,1,3.0,0.0,90.0
954,955,139.403,39.497,139.4,39.5,0.000576909,0.9,5.0,1,3.0,0.0,90.0
955,956,139.503,39.497,139.5,39.5,0.000600326,0.9,5.0,1,3.0,0.0,90.0
956,957,139.603,39.497,139.6,39.5,0.00060814,0.9,5.0,1,3.0,0.0,90.0
957,958,139.703,39.497,139.7,39.5,0.000594788,0.9,5.0,1,3.0,0.0,90.0
958,959,139.803,39.497,139.8,39.5,0.000566331,0.9,5.0,1,3.0,0.0,90.0
959,960,138.103,39.397,138.1,39.4,0.000462189,0.9,5.0,1,3.0,0.0,90.0
960,961,138.203,39.397,138.2,39.4,0.00047257,0.9,5.0,1,3.0,0.0,90.0
961,962,138.303,39.397,138.3,39.4,0.000488566,0.9,5.0,1,3.0,0.0,90.0
962,963,138.403,39.397,138.4,39.4,0.000510844,0.9,5.0,1,3.0,0.0,90.0
963,964,138.503,39.397,138.5,39.4,0.000536155,0.9,5.0,1,3.0,0.0,90.0
964,965,138.603,39.397,138.6,39.4,0.000556524,0.9,5.0,1,3.0,0.0,90.0
965,966,138.703,39.397,138.7,39.4,0.000563375,0.9,5.0,1,3.0,0.0,90.0
966,967,138.803,39.397,138.8,39.4,0.000554033,0.9,5.0,1,3.0,0.0,90.0
967,968,138.903,39.397,138.9,39.4,0.000534154,0.9,5.0,1,3.0,0.0,90.0
968,969,139.003,39.397,139.0,39.4,0.000513853,0.9,5.0,1,3.0,0.0,90.0
969,970,139.103,39.397,139.1,39.4,0.000501588,0.9,5.0,1,3.0,0.0,90.0
970,971,139.203,39.397,139.2,39.4,0.0005014,0.9,5.0,1,3.0,0.0,90.0
971,972,139.303,39.397,139.3,39.4,0.000513919,0.9,5.0,1,3.0,0.0,90.0
972,973,139.403,39.397,139.4,39.4,0.000537602,0.9,5.0,1,3.0,0.0,90.0
973,974,139.503,39.397,139.5,39.4,0.000567715,0.9,5.0,1,3.0,0.0,90.0
974,975,139.603,39.397,139.6,39.4,0.000594925,0.9,5.0,1,3.0,0.0,90.0
975,976,139.703,39.397,139.7,39.4,0.000607655,0.9,5.0,1,3.0,0.0,90.0
976,977,139.803,39.397,139.8,39.4,0.000599128,0.9,5.0,1,3.0,0.0,90.0
977,978,138.103,39.297,138.1,39.3,0.000453559,0.9,5.0,1,3.0,0.0,90.0
978,979,138.203,39.297,138.2,39.3,0.000463504,0.9,5.0,1,3.0,0.0,90.0
979,980,138.303,39.297,138.3,39.3,0.000477449,0.9,5.0,1,3.0,0.0,90.0
980,981,138.403,39.297,138.4,39.3,0.000495406,0.9,5.0,1,3.0,0.0,90.0
981,982,138.503,39.297,138.5,39.3,0.000514846,0.9,5.0,1,3.0,0.0,90.0
982,983,138.603,39.297,138.6,39.3,0.000530187,0.9,5.0,1,3.0,0.0,90.0
983,984,138.703,39.297,138.7,39.3,0.000535315,0.9,5.0,1,3.0,0.0,90.0
984,985,138.803,39.297,138.8,39.3,0.000527905,0.9,5.0,1,3.0,0.0,90.0
985,986,138.903,39.297,138.9,39.3,0.000511678,0.9,5.0,1,3.0,0.0,90.0
986,987,139.003,39.297,139.0,39.3,0.000494388,0.9,5.0,1,3.0,0.0,90.0
987,988,139.103,39.297,139.1,39.3,0.000483367,0.9,5.0,1,3.0,0.0,90.0
988,989,139.203,39.297,139.2,39.3,0.000483059,0.9,5.0,1,3.0,0.0,90.0
989,990,139.303,39.297,139.3,39.3,0.000495723,0.9,5.0,1,3.0,0.0,90.0
990,991,139.403,39.297,139.4,39.3,0.000523048,0.9,5.0,1,3.0,0.0,90.0
991,992,139.503,39.297,139.5,39.3,0.000564816,0.9,5.0,1,3.0,0.0,90.0
992,993,139.603,39.297,139.6,39.3,0.000613577,0.9,5.0,1,3.0,0.0,90.0
993,994,139.703,39.297,139.7,39.3,0.000651403,0.9,5.0,1,3.0,0.0,90.0
994,995,139.803,39.297,139.8,39.3,0.00065817,0.9,5.0,1,3.0,0.0,90.0
995,996,138.003,39.197,138.0,39.2,0.000441609,0.9,5.0,1,3.0,0.0,90.0
996,997,138.103,39.197,138.1,39.2,0.000447618,0.9,5.0,1,3.0,0.0,90.0
997,998,138.203,39.197,138.2,39.2,0.000456356,0.9,5.0,1,3.0,0.0,90.0
998,999,138.303,39.197,138.3,39.2,0.000467981,0.9,5.0,1,3.0,0.0,90.0
999,1000,138.403,39.197,138.4,39.2,0.000481725,0.9,5.0,1,3.0,0.0,90.0
1000,1001,138.503,39.197,138.5,39.2,0.000495398,0.9,5.0,1,3.0,0.0,90.0
1001,1002,138.603,39.197,138.6,39.2,0.000505459,0.9,5.0,1,3.0,0.0,90.0
1002,1003,138.703,39.197,138.7,39.2,0.000508316,0.9,5.0,1,3.0,0.0,90.0
1003,1004,138.803,39.197,138.8,39.2,0.000502546,0.9,5.0,1,3.0,0.0,90.0
1004,1005,138.903,39.197,138.9,39.2,0.000490538,0.9,5.0,1,3.0,0.0,90.0
1005,1006,139.003,39.197,139.0,39.2,0.000477858,0.9,5.0,1,3.0,0.0,90.0
1006,1007,139.103,39.197,139.1,39.2,0.000470582,0.9,5.0,1,3.0,0.0,90.0
1007,1008,139.203,39.197,139.2,39.2,0.000473381,0.9,5.0,1,3.0,0.0,90.0
1008,1009,139.303,39.197,139.3,39.2,0.000489423,0.9,5.0,1,3.0,0.0,90.0
1009,1010,139.403,39.197,139.4,39.2,0.00052137,0.9,5.0,1,3.0,0.0,90.0
1010,1011,139.503,39.197,139.5,39.2,0.000570165,0.9,5.0,1,3.0,0.0,90.0
1011,1012,139.603,39.197,139.6,39.2,0.000628915,0.9,5.0,1,3.0,0.0,90.0
1012,1013,139.703,39.197,139.7,39.2,0.000677266,0.9,5.0,1,3.0,0.0,90.0
1013,1014,138.003,39.097,138.0,39.1,0.00044291,0.9,5.0,1,3.0,0.0,90.0
1014,1015,138.103,39.097,138.1,39.1,0.000447517,0.9,5.0,1,3.0,0.0,90.0
1015,1016,138.203,39.097,138.2,39.1,0.000454893,0.9,5.0,1,3.0,0.0,90.0
1016,1017,138.303,39.097,138.3,39.1,0.00046502,0.9,5.0,1,3.0,0.0,90.0
1017,1018,138.403,39.097,138.4,39.1,0.000476712,0.9,5.0,1,3.0,0.0,90.0
1018,1019,138.503,39.097,138.5,39.1,0.000487706,0.9,5.0,1,3.0,0.0,90.0
1019,1020,138.603,39.097,138.6,39.1,0.000495128,0.9,5.0,1,3.0,0.0,90.0
1020,1021,138.703,39.097,138.7,39.1,0.000496329,0.9,5.0,1,3.0,0.0,90.0
1021,1022,138.803,39.097,138.8,39.1,0.000490375,0.9,5.0,1,3.0,0.0,90.0
1022,1023,138.903,39.097,138.9,39.1,0.000479507,0.9,5.0,1,3.0,0.0,90.0
1023,1024,139.003,39.097,139.0,39.1,0.000468813,0.9,5.0,1,3.0,0.0,90.0
1024,1025,139.103,39.097,139.1,39.1,0.000463914,0.9,5.0,1,3.0,0.0,90.0
1025,1026,139.203,39.097,139.2,39.1,0.00046897,0.9,5.0,1,3.0,0.0,90.0
1026,1027,139.303,39.097,139.3,39.1,0.000486061,0.9,5.0,1,3.0,0.0,90.0
1027,1028,139.403,39.097,139.4,39.1,0.000515848,0.9,5.0,1,3.0,0.0,90.0
1028,1029,139.503,39.097,139.5,39.1,0.000557531,0.9,5.0,1,3.0,0.0,90.0
1029,1030,139.603,39.097,139.6,39.1,0.000605199,0.9,5.0,1,3.0,0.0,90.0
1030,1031,139.703,39.097,139.7,39.1,0.000643203,0.9,5.0,1,3.0,0.0,90.0
1031,1032,138.003,38.997,138.0,39.0,0.000451166,0.9,5.0,1,3.0,0.0,90.0
1032,1033,138.103,38.997,138.1,39.0,0.000454434,0.9,5.0,1,3.0,0.0,90.0
1033,1034,138.203,38.997,138.2,39.0,0.00046019,0.9,5.0,1,3.0,0.0,90.0
1034,1035,138.303,38.997,138.3,39.0,0.000468938,0.9,5.0,1,3.0,0.0,90.0
1035,1036,138.403,38.997,138.4,39.0,0.000479558,0.9,5.0,1,3.0,0.0,90.0
1036,1037,138.503,38.997,138.5,39.0,0.00048955,0.9,5.0,1,3.0,0.0,90.0
1037,1038,138.603,38.997,138.6,39.0,0.000495788,0.9,5.0,1,3.0,0.0,90.0
1038,1039,138.703,38.997,138.7,39.0,0.000495502,0.9,5.0,1,3.0,0.0,90.0
1039,1040,138.803,38.997,138.8,39.0,0.000487972,0.9,5.0,1,3.0,0.0,90.0
1040,1041,138.903,38.997,138.9,39.0,0.000476087,0.9,5.0,1,3.0,0.0,90.0
1041,1042,139.003,38.997,139.0,39.0,0.00046553,0.9,5.0,1,3.0,0.0,90.0
1042,1043,139.103,38.997,139.1,39.0,0.000461684,0.9,5.0,1,3.0,0.0,90.0
1043,1044,139.203,38.997,139.2,39.0,0.000467174,0.9,5.0,1,3.0,0.0,90.0
1044,1045,139.303,38.997,139.3,39.0,0.000481487,0.9,5.0,1,3.0,0.0,90.0
1045,1046,139.403,38.997,139.4,39.0,0.000502352,0.9,5.0,1,3.0,0.0,90.0
1046,1047,139.503,38.997,139.5,39.0,0.000527312,0.9,5.0,1,3.0,0.0,90.0
1047,1048,139.603,38.997,139.6,39.0,0.000552976,0.9,5.0,1,3.0,0.0,90.0
1048,1049,139.703,38.997,139.7,39.0,0.00057202,0.9,5.0,1,3.0,0.0,90.0
1049,1050,138.003,38.897,138.0,38.9,0.000467454,0.9,5.0,1,3.0,0.0,90.0
1050,1051,138.103,38.897,138.1,38.9,0.000469303,0.9,5.0,1,3.0,0.0,90.0
1051,1052,138.203,38.897,138.2,38.9,0.000472107,0.9,5.0,1,3.0,0.0,90.0
1052,1053,138.303,38.897,138.3,38.9,0.000477718,0.9,5.0,1,3.0,0.0,90.0
1053,1054,138.403,38.897,138.4,38.9,0.0004857,0.9,5.0,1,3.0,0.0,90.0
1054,1055,138.503,38.897,138.5,38.9,0.000493402,0.9,5.0,1,3.0,0.0,90.0
1055,1056,138.603,38.897,138.6,38.9,0.000497359,0.9,5.0,1,3.0,0.0,90.0
1056,1057,138.703,38.897,138.7,38.9,0.000494869,0.9,5.0,1,3.0,0.0,90.0
1057,1058,138.803,38.897,138.8,38.9,0.00048578,0.9,5.0,1,3.0,0.0,90.0
1058,1059,138.903,38.897,138.9,38.9,0.000473662,0.9,5.0,1,3.0,0.0,90.0
1059,1060,139.003,38.897,139.0,38.9,0.000464322,0.9,5.0,1,3.0,0.0,90.0
1060,1061,139.103,38.897,139.1,38.9,0.000462154,0.9,5.0,1,3.0,0.0,90.0
1061,1062,139.203,38.897,139.2,38.9,0.000467598,0.9,5.0,1,3.0,0.0,90.0
1062,1063,139.303,38.897,139.3,38.9,0.000477649,0.9,5.0,1,3.0,0.0,90.0
1063,1064,139.403,38.897,139.4,38.9,0.000488548,0.9,5.0,1,3.0,0.0,90.0
1064,1065,139.503,38.897,139.5,38.9,0.000498502,0.9,5.0,1,3.0,0.0,90.0
1065,1066,139.603,38.897,139.6,38.9,0.000507798,0.9,5.0,1,3.0,0.0,90.0
1066,1067,138.003,38.797,138.0,38.8,0.000495816,0.9,5.0,1,3.0,0.0,90.0
1067,1068,138.103,38.797,138.1,38.8,0.000495683,0.9,5.0,1,3.0,0.0,90.0
1068,1069,138.203,38.797,138.2,38.8,0.000492936,0.9,5.0,1,3.0,0.0,90.0
1069,1070,138.303,38.797,138.3,38.8,0.000492208,0.9,5.0,1,3.0,0.0,90.0
1070,1071,138.403,38.797,138.4,38.8,0.00049471,0.9,5.0,1,3.0,0.0,90.0
1071,1072,138.503,38.797,138.5,38.8,0.000497782,0.9,5.0,1,3.0,0.0,90.0
1072,1073,138.603,38.797,138.6,38.8,0.00049765,0.9,5.0,1,3.0,0.0,90.0
1073,1074,138.703,38.797,138.7,38.8,0.000492174,0.9,5.0,1,3.0,0.0,90.0
1074,1075,138.803,38.797,138.8,38.8,0.00048226,0.9,5.0,1,3.0,0.0,90.0
1075,1076,138.903,38.797,138.9,38.8,0.000471827,0.9,5.0,1,3.0,0.0,90.0
1076,1077,139.003,38.797,139.0,38.8,0.000465677,0.9,5.0,1,3.0,0.0,90.0
1077,1078,139.103,38.797,139.1,38.8,0.000466177,0.9,5.0,1,3.0,0.0,90.0
1078,1079,139.203,38.797,139.2,38.8,0.000471554,0.9,5.0,1,3.0,0.0,90.0
1079,1080,139.303,38.797,139.3,38.8,0.000477539,0.9,5.0,1,3.0,0.0,90.0
1080,1081,139.403,38.797,139.4,38.8,0.000481074,0.9,5.0,1,3.0,0.0,90.0
1081,1082,139.503,38.797,139.5,38.8,0.000483128,0.9,5.0,1,3.0,0.0,90.0
1082,1083,138.003,38.697,138.0,38.7,0.000539176,0.9,5.0,1,3.0,0.0,90.0
1083,1084,138.103,38.697,138.1,38.7,0.000536156,0.9,5.0,1,3.0,0.0,90.0
1084,1085,138.203,38.697,138.2,38.7,0.000524916,0.9,5.0,1,3.0,0.0,90.0
1085,1086,138.303,38.697,138.3,38.7,0.000515107,0.9,5.0,1,3.0,0.0,90.0
1086,1087,138.403,38.697,138.4,38.7,0.000510954,0.9,5.0,1,3.0,0.0,90.0
1087,1088,138.503,38.697,138.5,38.7,0.000509679,0.9,5.0,1,3.0,0.0,90.0
1088,1089,138.603,38.697,138.6,38.7,0.000506306,0.9,5.0,1,3.0,0.0,90.0
1089,1090,138.703,38.697,138.7,38.7,0.000498522,0.9,5.0,1,3.0,0.0,90.0
1090,1091,138.803,38.697,138.8,38.7,0.000488135,0.9,5.0,1,3.0,0.0,90.0
1091,1092,138.903,38.697,138.9,38.7,0.000479504,0.9,5.0,1,3.0,0.0,90.0
1092,1093,139.003,38.697,139.0,38.7,0.000476214,0.9,5.0,1,3.0,0.0,90.0
1093,1094,139.103,38.697,139.1,38.7,0.000478158,0.9,5.0,1,3.0,0.0,90.0
1094,1095,139.203,38.697,139.2,38.7,0.00048153,0.9,5.0,1,3.0,0.0,90.0
1095,1096,139.303,38.697,139.3,38.7,0.000482184,0.9,5.0,1,3.0,0.0,90.0
1096,1097,139.403,38.697,139.4,38.7,0.000479647,0.9,5.0,1,3.0,0.0,90.0
1097,1098,139.503,38.697,139.5,38.7,0.000478655,0.9,5.0,1,3.0,0.0,90.0
1098,1099,138.003,38.597,138.0,38.6,0.000586057,0.9,5.0,1,3.0,0.0,90.0
1099,1100,138.103,38.597,138.1,38.6,0.00058038,0.9,5.0,1,3.0,0.0,90.0
1100,1101,138.203,38.597,138.2,38.6,0.000561104,0.9,5.0,1,3.0,0.0,90.0
1101,1102,138.303,38.597,138.3,38.6,0.00054426,0.9,5.0,1,3.0,0.0,90.0
1102,1103,138.403,38.597,138.4,38.6,0.00053788,0.9,5.0,1,3.0,0.0,90.0
1103,1104,138.503,38.597,138.5,38.6,0.000538391,0.9,5.0,1,3.0,0.0,90.0
1104,1105,138.603,38.597,138.6,38.6,0.000537434,0.9,5.0,1,3.0,0.0,90.0
1105,1106,138.703,38.597,138.7,38.6,0.000530067,0.9,5.0,1,3.0,0.0,90.0
1106,1107,138.803,38.597,138.8,38.6,0.000518184,0.9,5.0,1,3.0,0.0,90.0
1107,1108,138.903,38.597,138.9,38.6,0.000507952,0.9,5.0,1,3.0,0.0,90.0
1108,1109,139.003,38.597,139.0,38.6,0.000503674,0.9,5.0,1,3.0,0.0,90.0
1109,1110,139.103,38.597,139.1,38.6,0.000503518,0.9,5.0,1,3.0,0.0,90.0
1110,1111,139.203,38.597,139.2,38.6,0.000501464,0.9,5.0,1,3.0,0.0,90.0
1111,1112,139.303,38.597,139.3,38.6,0.000493708,0.9,5.0,1,3.0,0.0,90.0
1112,1113,139.403,38.597,139.4,38.6,0.000483092,0.9,5.0,1,3.0,0.0,90.0
1113,1114,138.003,38.497,138.0,38.5,0.000609982,0.9,5.0,1,3.0,0.0,90.0
1114,1115,138.103,38.497,138.1,38.5,0.000604704,0.9,5.0,1,3.0,0.0,90.0
1115,1116,138.203,38.497,138.2,38.5,0.000584803,0.9,5.0,1,3.0,0.0,90.0
1116,1117,138.303,38.497,138.3,38.5,0.000570838,0.9,5.0,1,3.0,0.0,90.0
1117,1118,138.403,38.497,138.4,38.5,0.000573552,0.9,5.0,1,3.0,0.0,90.0
1118,1119,138.503,38.497,138.5,38.5,0.000587431,0.9,5.0,1,3.0,0.0,90.0
1119,1120,138.603,38.497,138.6,38.5,0.000598108,0.9,5.0,1,3.0,0.0,90.0
1120,1121,138.703,38.497,138.7,38.5,0.000594921,0.9,5.0,1,3.0,0.0,90.0
1121,1122,138.803,38.497,138.8,38.5,0.000579066,0.9,5.0,1,3.0,0.0,90.0
1122,1123,138.903,38.497,138.9,38.5,0.000561197,0.9,5.0,1,3.0,0.0,90.0
1123,1124,139.003,38.497,139.0,38.5,0.000550288,0.9,5.0,1,3.0,0.0,90.0
1124,1125,139.103,38.497,139.1,38.5,0.000544762,0.9,5.0,1,3.0,0.0,90.0
1125,1126,139.203,38.497,139.2,38.5,0.000535557,0.9,5.0,1,3.0,0.0,90.0
1126,1127,139.303,38.497,139.3,38.5,0.0005174,0.9,5.0,1,3.0,0.0,90.0
1127,1128,138.003,38.397,138.0,38.4,0.00060372,0.9,5.0,1,3.0,0.0,90.0
1128,1129,138.103,38.397,138.1,38.4,0.000602093,0.9,5.0,1,3.0,0.0,90.0
1129,1130,138.203,38.397,138.2,38.4,0.000589308,0.9,5.0,1,3.0,0.0,90.0
1130,1131,138.303,38.397,138.3,38.4,0.000587009,0.9,5.0,1,3.0,0.0,90.0
1131,1132,138.403,38.397,138.4,38.4,0.000607132,0.9,5.0,1,3.0,0.0,90.0
1132,1133,138.503,38.397,138.5,38.4,0.000642218,0.9,5.0,1,3.0,0.0,90.0
1133,1134,138.603,38.397,138.6,38.4,0.000671333,0.9,5.0,1,3.0,0.0,90.0
1134,1135,138.703,38.397,138.7,38.4,0.000676518,0.9,5.0,1,3.0,0.0,90.0
1135,1136,138.803,38.397,138.8,38.4,0.000657288,0.9,5.0,1,3.0,0.0,90.0
1136,1137,138.903,38.397,138.9,38.4,0.000629956,0.9,5.0,1,3.0,0.0,90.0
1137,1138,139.003,38.397,139.0,38.4,0.000611032,0.9,5.0,1,3.0,0.0,90.0
1138,1139,139.103,38.397,139.1,38.4,0.000601121,0.9,5.0,1,3.0,0.0,90.0
1139,1140,139.203,38.397,139.2,38.4,0.00058716,0.9,5.0,1,3.0,0.0,90.0
1140,1141,139.303,38.397,139.3,38.4,0.000559728,0.9,5.0,1,3.0,0.0,90.0
1141,1142,138.003,38.297,138.0,38.3,0.000600655,0.9,5.0,1,3.0,0.0,90.0
1142,1143,138.103,38.297,138.1,38.3,0.000600861,0.9,5.0,1,3.0,0.0,90.0
1143,1144,138.203,38.297,138.2,38.3,0.000590862,0.9,5.0,1,3.0,0.0,90.0
1144,1145,138.303,38.297,138.3,38.3,0.000592748,0.9,5.0,1,3.0,0.0,90.0
1145,1146,138.403,38.297,138.4,38.3,0.000620729,0.9,5.0,1,3.0,0.0,90.0
1146,1147,138.503,38.297,138.5,38.3,0.000668447,0.9,5.0,1,3.0,0.0,90.0
1147,1148,138.603,38.297,138.6,38.3,0.000712251,0.9,5.0,1,3.0,0.0,90.0
1148,1149,138.703,38.297,138.7,38.3,0.000728933,0.9,5.0,1,3.0,0.0,90.0
1149,1150,138.803,38.297,138.8,38.3,0.000714821,0.9,5.0,1,3.0,0.0,90.0
1150,1151,138.903,38.297,138.9,38.3,0.000688407,0.9,5.0,1,3.0,0.0,90.0
1151,1152,139.003,38.297,139.0,38.3,0.000671357,0.9,5.0,1,3.0,0.0,90.0
1152,1153,139.103,38.297,139.1,38.3,0.000665888,0.9,5.0,1,3.0,0.0,90.0
1153,1154,139.203,38.297,139.2,38.3,0.000654431,0.9,5.0,1,3.0,0.0,90.0
1154,1155,138.003,38.197,138.0,38.2,0.000633655,0.9,5.0,1,3.0,0.0,90.0
1155,1156,138.103,38.197,138.1,38.2,0.000630046,0.9,5.0,1,3.0,0.0,90.0
1156,1157,138.203,38.197,138.2,38.2,0.000608697,0.9,5.0,1,3.0,0.0,90.0
1157,1158,138.303,38.197,138.3,38.2,0.000594427,0.9,5.0,1,3.0,0.0,90.0
1158,1159,138.403,38.197,138.4,38.2,0.000606719,0.9,5.0,1,3.0,0.0,90.0
1159,1160,138.503,38.197,138.5,38.2,0.000644635,0.9,5.0,1,3.0,0.0,90.0
1160,1161,138.603,38.197,138.6,38.2,0.000688005,0.9,5.0,1,3.0,0.0,90.0
1161,1162,138.703,38.197,138.7,38.2,0.000713677,0.9,5.0,1,3.0,0.0,90.0
1162,1163,138.803,38.197,138.8,38.2,0.000715173,0.9,5.0,1,3.0,0.0,90.0
1163,1164,138.903,38.197,138.9,38.2,0.000708073,0.9,5.0,1,3.0,0.0,90.0
1164,1165,139.003,38.197,139.0,38.2,0.000712327,0.9,5.0,1,3.0,0.0,90.0
1165,1166,139.103,38.197,139.1,38.2,0.000727041,0.9,5.0,1,3.0,0.0,90.0
1166,1167,138.003,38.097,138.0,38.1,0.000694958,0.9,5.0,1,3.0,0.0,90.0
1167,1168,138.103,38.097,138.1,38.1,0.000685088,0.9,5.0,1,3.0,0.0,90.0
1168,1169,138.203,38.097,138.2,38.1,0.000644347,0.9,5.0,1,3.0,0.0,90.0
1169,1170,138.303,38.097,138.3,38.1,0.000601389,0.9,5.0,1,3.0,0.0,90.0
1170,1171,138.403,38.097,138.4,38.1,0.000582239,0.9,5.0,1,3.0,0.0,90.0
1171,1172,138.503,38.097,138.5,38.1,0.000593117,0.9,5.0,1,3.0,0.0,90.0
1172,1173,138.603,38.097,138.6,38.1,0.000620793,0.9,5.0,1,3.0,0.0,90.0
1173,1174,138.703,38.097,138.7,38.1,0.000647092,0.9,5.0,1,3.0,0.0,90.0
1174,1175,138.803,38.097,138.8,38.1,0.00066639,0.9,5.0,1,3.0,0.0,90.0
1175,1176,138.903,38.097,138.9,38.1,0.000690593,0.9,5.0,1,3.0,0.0,90.0
1176,1177,139.003,38.097,139.0,38.1,0.000732426,0.9,5.0,1,3.0,0.0,90.0
1177,1178,138.003,37.997,138.0,38.0,0.000748521,0.9,5.0,1,3.0,0.0,90.0
1178,1179,138.103,37.997,138.1,38.0,0.000736111,0.9,5.0,1,3.0,0.0,90.0
1179,1180,138.203,37.997,138.2,38.0,0.000682376,0.9,5.0,1,3.0,0.0,90.0
1180,1181,138.303,37.997,138.3,38.0,0.000617434,0.9,5.0,1,3.0,0.0,90.0
1181,1182,138.403,37.997,138.4,38.0,0.000571676,0.9,5.0,1,3.0,0.0,90.0
1182,1183,138.503,37.997,138.5,38.0,0.000556812,0.9,5.0,1,3.0,0.0,90.0
1183,1184,138.603,37.997,138.6,38.0,0.000565595,0.9,5.0,1,3.0,0.0,90.0
1184,1185,138.703,37.997,138.7,38.0,0.000585762,0.9,5.0,1,3.0,0.0,90.0
1185,1186,138.803,37.997,138.8,38.0,0.000615483,0.9,5.0,1,3.0,0.0,90.0
1186,1187,138.903,37.997,138.9,38.0,0.00066564,0.9,5.0,1,3.0,0.0,90.0
1187,1188,138.003,37.897,138.0,37.9,0.000760869,0.9,5.0,1,3.0,0.0,90.0
1188,1189,138.103,37.897,138.1,37.9,0.000751511,0.9,5.0,1,3.0,0.0,90.0
1189,1190,138.203,37.897,138.2,37.9,0.000699892,0.9,5.0,1,3.0,0.0,90.0
1190,1191,138.303,37.897,138.3,37.9,0.000633336,0.9,5.0,1,3.0,0.0,90.0
1191,1192,138.403,37.897,138.4,37.9,0.000581606,0.9,5.0,1,3.0,0.0,90.0
1192,1193,138.503,37.897,138.5,37.9,0.000557811,0.9,5.0,1,3.0,0.0,90.0
1193,1194,138.603,37.897,138.6,37.9,0.000557178,0.9,5.0,1,3.0,0.0,90.0
1194,1195,138.703,37.897,138.7,37.9,0.000570372,0.9,5.0,1,3.0,0.0,90.0
1195,1196,138.003,37.797,138.0,37.8,0.000739925,0.9,5.0,1,3.0,0.0,90.0
1196,1197,138.103,37.797,138.1,37.8,0.000733197,0.9,5.0,1,3.0,0.0,90.0
1197,1198,138.203,37.797,138.2,37.8,0.00069359,0.9,5.0,1,3.0,0.0,90.0
1198,1199,138.303,37.797,138.3,37.8,0.000644318,0.9,5.0,1,3.0,0.0,90.0
1199,1200,138.403,37.797,138.4,37.8,0.000609483,0.9,5.0,1,3.0,0.0,90.0
1200,1201,138.503,37.797,138.5,37.8,0.000598069,0.9,5.0,1,3.0,0.0,90.0
1201,1202,138.603,37.797,138.6,37.8,0.000602959,0.9,5.0,1,3.0,0.0,90.0
1202,1203,138.003,37.697,138.0,37.7,0.000750583,0.9,5.0,1,3.0,0.0,90.0
1203,1204,138.103,37.697,138.1,37.7,0.00073606,0.9,5.0,1,3.0,0.0,90.0
1204,1205,138.203,37.697,138.2,37.7,0.000702047,0.9,5.0,1,3.0,0.0,90.0
1205,1206,138.303,37.697,138.3,37.7,0.000673897,0.9,5.0,1,3.0,0.0,90.0
1206,1207,138.403,37.697,138.4,37.7,0.000669229,0.9,5.0,1,3.0,0.0,90.0
1207,1208,138.503,37.697,138.5,37.7,0.000687505,0.9,5.0,1,3.0,0.0,90.0
1208,1209,138.003,37.597,138.0,37.6,0.000843689,0.9,5.0,1,3.0,0.0,90.0
1209,1210,138.103,37.597,138.1,37.6,0.000813081,0.9,5.0,1,3.0,0.0,90.0
1210,1211,138.203,37.597,138.2,37.6,0.000774813,0.9,5.0,1,3.0,0.0,90.0
1211,1212,138.303,37.597,138.3,37.6,0.000766147,0.9,5.0,1,3.0,0.0,90.0
1212,1213,138.403,37.597,138.4,37.6,0.000800201,0.9,5.0,1,3.0,0.0,90.0
1213,1214,138.003,37.497,138.0,37.5,0.000982245,0.9,5.0,1,3.0,0.0,90.0
1214,1215,138.103,37.497,138.1,37.5,0.000952059,0.9,5.0,1,3.0,0.0,90.0
1215,1216,138.203,37.497,138.2,37.5,0.000927239,0.9,5.0,1,3.0,0.0,90.0
1216,1217,138.303,37.497,138.3,37.5,0.000958612,0.9,5.0,1,3.0,0.0,90.0
1217,1218,137.903,37.397,137.9,37.4,0.00104072,0.9,5.0,1,3.0,0.0,90.0
1218,1219,138.003,37.397,138.0,37.4,0.00108574,0.9,5.0,1,3.0,0.0,90.0
1219,1220,138.103,37.397,138.1,37.4,0.0010922,0.9,5.0,1,3.0,0.0,90.0
1220,1221,138.203,37.397,138.2,37.4,0.00112236,0.9,5.0,1,3.0,0.0,90.0
1221,1222,137.903,37.297,137.9,37.3,0.00104643,0.9,5.0,1,3.0,0.0,90.0
1222,1223,138.003,37.297,138.0,37.3,0.00111917,0.9,5.0,1,3.0,0.0,90.0
1223,1224,138.103,37.297,138.1,37.3,0.00117538,0.9,5.0,1,3.0,0.0,90.0
1224,1225,137.903,37.197,137.9,37.2,0.00103016,0.9,5.0,1,3.0,0.0,90.0
