grid_id,lon,lat,bldg_type,occ_type,is_urban,type_pop,day_pop,night_pop,transit_pop,bldg_count,bldg_area,bldg_cost,JCODE,AVS,ARV,AmpPGA,AmpPGV,pref_id,pref_name
1022561609,130.029166665,28.345833333,W1,0,False,3.0240336,0.704140175693,0.0165611200104,1.17498523125,1.20961344,159.66897408,248170.086787,0,0.0,0.0,1.0,1.0,18,Kagoshima
1022561609,130.029166665,28.345833333,W2,0,False,3.150035,0.73347934968,0.0172511666775,1.22394294922,1.260014,166.321848,258510.50707,0,0.0,0.0,1.0,1.0,18,Kagoshima
1022561609,130.029166665,28.345833333,C2L,0,False,0.1260014,0.0293391739872,0.0006900466671,0.0489577179686,0.05040056,6.65287392,10340.4202828,0,0.0,0.0,1.0,1.0,18,Kagoshima
1022561609,130.029166665,28.345833333,W1,1,False,1.890021,0.409304837781,1.78561812998,0.880473842934,,,,0,0.0,0.0,1.0,1.0,18,Kagoshima
1022561609,130.029166665,28.345833333,W2,1,False,1.0710119,0.231939408076,1.01185027366,0.498935177663,,,,0,0.0,0.0,1.0,1.0,18,Kagoshima
1022561609,130.029166665,28.345833333,RM2,1,False,0.1890021,0.0409304837781,0.178561812998,0.0880473842934,,,,0,0.0,0.0,1.0,1.0,18,Kagoshima
1022561609,130.029166665,28.345833333,C1,1,False,0.630007,0.136434945927,0.595206043327,0.293491280978,,,,0,0.0,0.0,1.0,1.0,18,Kagoshima
1022561609,130.029166665,28.345833333,C2L,1,False,0.3150035,0.0682174729635,0.297603021664,0.146745640489,,,,0,0.0,0.0,1.0,1.0,18,Kagoshima
1022561609,130.029166665,28.345833333,C4,1,False,0.3150035,0.0682174729635,0.297603021664,0.146745640489,,,,0,0.0,0.0,1.0,1.0,18,Kagoshima
1022561609,130.029166665,28.345833333,S1,1,False,0.630007,0.136434945927,0.595206043327,0.293491280978,,,,0,0.0,0.0,1.0,1.0,18,Kagoshima
1022561609,130.029166665,28.345833333,S2,1,False,0.630007,0.136434945927,0.595206043327,0.293491280978,,,,0,0.0,0.0,1.0,1.0,18,Kagoshima
1022561609,130.029166665,28.345833333,S4,1,False,0.630007,0.136434945927,0.595206043327,0.293491280978,,,,0,0.0,0.0,1.0,1.0,18,Kagoshima
1022496072,130.020833332,28.3374999997,W1,0,False,12.594,2.932487712,0.068971041,4.893386106,5.0376,664.9632,1033538.14356,0,0.0,0.0,1.0,1.0,18,Kagoshima
1022496072,130.020833332,28.3374999997,W2,0,False,13.11875,3.0546747,0.071844834375,5.09727719375,5.2475,692.67,1076602.23287,0,0.0,0.0,1.0,1.0,18,Kagoshima
1022496072,130.020833332,28.3374999997,C2L,0,False,0.52475,0.122186988,0.002873793375,0.20389108775,0.2099,27.7068,43064.0893148,0,0.0,0.0,1.0,1.0,18,Kagoshima
1022496072,130.020833332,28.3374999997,W1,1,False,7.87125,1.70460577125,7.43645002125,3.6668532975,,,,0,0.0,0.0,1.0,1.0,18,Kagoshima
1022496072,130.020833332,28.3374999997,W2,1,False,4.460375,0.965943270375,4.21398834538,2.07788353525,,,,0,0.0,0.0,1.0,1.0,18,Kagoshima
1022496072,130.020833332,28.3374999997,RM2,1,False,0.787125,0.170460577125,0.743645002125,0.36668532975,,,,0,0.0,0.0,1.0,1.0,18,Kagoshima
1022496072,130.020833332,28.3374999997,C1,1,False,2.62375,0.56820192375,2.47881667375,1.2222844325,,,,0,0.0,0.0,1.0,1.0,18,Kagoshima
1022496072,130.020833332,28.3374999997,C2L,1,False,1.311875,0.284100961875,1.23940833687,0.61114221625,,,,0,0.0,0.0,1.0,1.0,18,Kagoshima
1022496072,130.020833332,28.3374999997,C4,1,False,1.311875,0.284100961875,1.23940833687,0.61114221625,,,,0,0.0,0.0,1.0,1.0,18,Kagoshima
1022496072,130.020833332,28.3374999997,S1,1,False,2.62375,0.56820192375,2.47881667375,1.2222844325,,,,0,0.0,0.0,1.0,1.0,18,Kagoshima
1022496072,130.020833332,28.3374999997,S2,1,False,2.62375,0.56820192375,2.47881667375,1.2222844325,,,,0,0.0,0.0,1.0,1.0,18,Kagoshima
1022496072,130.020833332,28.3374999997,S4,1,False,2.62375,0.56820192375,2.47881667375,1.2222844325,,,,0,0.0,0.0,1.0,1.0,18,Kagoshima
1022364999,130.004166665,28.3291666663,W1,0,False,18.0324,4.1988082752,0.0987544386,7.0064709876,7.21296,952.11072,1479845.42003,21,429.1,0.9419,1.29627605326,1.23740361488,18,Kagoshima
1022364999,130.004166665,28.3291666663,W2,0,False,18.78375,4.37375862,0.102869206875,7.29840727875,7.5135,991.782,1541505.64587,21,429.1,0.9419,1.29627605326,1.23740361488,18,Kagoshima
1022364999,130.004166665,28.3291666663,C2L,0,False,0.75135,0.1749503448,0.004114768275,0.29193629115,0.30054,39.67128,61660.2258346,21,429.1,0.9419,1.29627605326,1.23740361488,18,Kagoshima
1022364999,130.004166665,28.3291666663,W1,1,False,11.27025,2.44069661025,10.6476926602,5.2502910435,,,,21,429.1,0.9419,1.29627605326,1.23740361488,18,Kagoshima
1022364999,130.004166665,28.3291666663,W2,1,False,6.386475,1.38306141248,6.03369250748,2.97516492465,,,,21,429.1,0.9419,1.29627605326,1.23740361488,18,Kagoshima
1022364999,130.004166665,28.3291666663,RM2,1,False,1.127025,0.244069661025,1.06476926603,0.52502910435,,,,21,429.1,0.9419,1.29627605326,1.23740361488,18,Kagoshima
1022364999,130.004166665,28.3291666663,C1,1,False,3.75675,0.81356553675,3.54923088675,1.7500970145,,,,21,429.1,0.9419,1.29627605326,1.23740361488,18,Kagoshima
1022364999,130.004166665,28.3291666663,C2L,1,False,1.878375,0.406782768375,1.77461544338,0.87504850725,,,,21,429.1,0.9419,1.29627605326,1.23740361488,18,Kagoshima
1022364999,130.004166665,28.3291666663,C4,1,False,1.878375,0.406782768375,1.77461544338,0.87504850725,,,,21,429.1,0.9419,1.29627605326,1.23740361488,18,Kagoshima
1022364999,130.004166665,28.3291666663,S1,1,False,3.75675,0.81356553675,3.54923088675,1.7500970145,,,,21,429.1,0.9419,1.29627605326,1.23740361488,18,Kagoshima
1022364999,130.004166665,28.3291666663,S2,1,False,3.75675,0.81356553675,3.54923088675,1.7500970145,,,,21,429.1,0.9419,1.29627605326,1.23740361488,18,Kagoshima
1022364999,130.004166665,28.3291666663,S4,1,False,3.75675,0.81356553675,3.54923088675,1.7500970145,,,,21,429.1,0.9419,1.29627605326,1.23740361488,18,Kagoshima
1022364998,130.004166665,28.320833333,W1,0,False,3.4023552,0.79223160361,0.0186329982528,1.3219817106,1.36094208,179.64435456,279217.395357,0,0.0,0.0,1.0,1.0,18,Kagoshima
1022364998,130.004166665,28.320833333,W2,0,False,3.54412,0.82524125376,0.01940937318,1.37706428188,1.417648,187.129536,290851.453497,0,0.0,0.0,1.0,1.0,18,Kagoshima
1022364998,130.004166665,28.320833333,C2L,0,False,0.1417648,0.0330096501504,0.0007763749272,0.0550825712752,0.05670592,7.48518144,11634.0581399,0,0.0,0.0,1.0,1.0,18,Kagoshima
1022364998,130.004166665,28.320833333,W1,1,False,2.126472,0.460510902792,2.00900781319,0.990625487088,,,,0,0.0,0.0,1.0,1.0,18,Kagoshima
1022364998,130.004166665,28.320833333,W2,1,False,1.2050008,0.260956178249,1.13843776081,0.561354442683,,,,0,0.0,0.0,1.0,1.0,18,Kagoshima
1022364998,130.004166665,28.320833333,RM2,1,False,0.2126472,0.0460510902792,0.200900781319,0.0990625487088,,,,0,0.0,0.0,1.0,1.0,18,Kagoshima
1022364998,130.004166665,28.320833333,C1,1,False,0.708824,0.153503634264,0.669669271064,0.330208495696,,,,0,0.0,0.0,1.0,1.0,18,Kagoshima
1022364998,130.004166665,28.320833333,C2L,1,False,0.354412,0.076751817132,0.334834635532,0.165104247848,,,,0,0.0,0.0,1.0,1.0,18,Kagoshima
1022364998,130.004166665,28.320833333,C4,1,False,0.354412,0.076751817132,0.334834635532,0.165104247848,,,,0,0.0,0.0,1.0,1.0,18,Kagoshima
1022364998,130.004166665,28.320833333,S1,1,False,0.708824,0.153503634264,0.669669271064,0.330208495696,,,,0,0.0,0.0,1.0,1.0,18,Kagoshima
1022364998,130.004166665,28.320833333,S2,1,False,0.708824,0.153503634264,0.669669271064,0.330208495696,,,,0,0.0,0.0,1.0,1.0,18,Kagoshima
1022364998,130.004166665,28.320833333,S4,1,False,0.708824,0.153503634264,0.669669271064,0.330208495696,,,,0,0.0,0.0,1.0,1.0,18,Kagoshima
1022627147,130.037499999,28.3624999997,W1,0,False,11.197008,2.60720091878,0.061320414312,4.35058626139,4.4788032,591.2020224,918892.715714,7,351.4,1.1167,1.42387929256,1.411792402,18,Kagoshima
1022627147,130.037499999,28.3624999997,W2,0,False,11.66355,2.7158342904,0.063875431575,4.53186068895,4.66542,615.83544,957179.912202,7,351.4,1.1167,1.42387929256,1.411792402,18,Kagoshima
1022627147,130.037499999,28.3624999997,C2L,0,False,0.466542,0.108633371616,0.002555017263,0.181274427558,0.1866168,24.6334176,38287.1964881,7,351.4,1.1167,1.42387929256,1.411792402,18,Kagoshima
1022627147,130.037499999,28.3624999997,W1,1,False,6.99813,1.51552203093,6.61156029693,3.26010685302,,,,7,351.4,1.1167,1.42387929256,1.411792402,18,Kagoshima
1022627147,130.037499999,28.3624999997,W2,1,False,3.965607,0.858795817527,3.74655083493,1.84739388338,,,,7,351.4,1.1167,1.42387929256,1.411792402,18,Kagoshima
1022627147,130.037499999,28.3624999997,RM2,1,False,0.699813,0.151552203093,0.661156029693,0.326010685302,,,,7,351.4,1.1167,1.42387929256,1.411792402,18,Kagoshima
1022627147,130.037499999,28.3624999997,C1,1,False,2.33271,0.50517401031,2.20385343231,1.08670228434,,,,7,351.4,1.1167,1.42387929256,1.411792402,18,Kagoshima
1022627147,130.037499999,28.3624999997,C2L,1,False,1.166355,0.252587005155,1.10192671615,0.54335114217,,,,7,351.4,1.1167,1.42387929256,1.411792402,18,Kagoshima
1022627147,130.037499999,28.3624999997,C4,1,False,1.166355,0.252587005155,1.10192671615,0.54335114217,,,,7,351.4,1.1167,1.42387929256,1.411792402,18,Kagoshima
1022627147,130.037499999,28.3624999997,S1,1,False,2.33271,0.50517401031,2.20385343231,1.08670228434,,,,7,351.4,1.1167,1.42387929256,1.411792402,18,Kagoshima
1022627147,130.037499999,28.3624999997,S2,1,False,2.33271,0.50517401031,2.20385343231,1.08670228434,,,,7,351.4,1.1167,1.42387929256,1.411792402,18,Kagoshima
1022627147,130.037499999,28.3624999997,S4,1,False,2.33271,0.50517401031,2.20385343231,1.08670228434,,,,7,351.4,1.1167,1.42387929256,1.411792402,18,Kagoshima
1022430540,130.012499999,28.370833333,W1,0,False,57.36624,13.3576142515,0.31416621336,22.2895951858,22.946496,3028.937472,4707813.02147,7,351.4,1.1167,1.42387929256,1.411792402,18,Kagoshima
1022430540,130.012499999,28.370833333,W2,0,False,59.7565,13.914181512,0.32725647225,23.2183283185,23.9026,3155.1432,4903971.89737,7,351.4,1.1167,1.42387929256,1.411792402,18,Kagoshima
1022430540,130.012499999,28.370833333,C2L,0,False,2.39026,0.55656726048,0.01309025889,0.92873313274,0.956104,126.205728,196158.875895,7,351.4,1.1167,1.42387929256,1.411792402,18,Kagoshima
1022430540,130.012499999,28.370833333,W1,1,False,35.8539,7.7645564379,33.8733664179,16.7026827306,,,,7,351.4,1.1167,1.42387929256,1.411792402,18,Kagoshima
1022430540,130.012499999,28.370833333,W2,1,False,20.31721,4.39991531481,19.1949076368,9.46485354734,,,,7,351.4,1.1167,1.42387929256,1.411792402,18,Kagoshima
1022430540,130.012499999,28.370833333,RM2,1,False,3.58539,0.77645564379,3.38733664179,1.67026827306,,,,7,351.4,1.1167,1.42387929256,1.411792402,18,Kagoshima
1022430540,130.012499999,28.370833333,C1,1,False,11.9513,2.5881854793,11.2911221393,5.5675609102,,,,7,351.4,1.1167,1.42387929256,1.411792402,18,Kagoshima
1022430540,130.012499999,28.370833333,C2L,1,False,5.97565,1.29409273965,5.64556106965,2.7837804551,,,,7,351.4,1.1167,1.42387929256,1.411792402,18,Kagoshima
1022430540,130.012499999,28.370833333,C4,1,False,5.97565,1.29409273965,5.64556106965,2.7837804551,,,,7,351.4,1.1167,1.42387929256,1.411792402,18,Kagoshima
1022430540,130.012499999,28.370833333,S1,1,False,11.9513,2.5881854793,11.2911221393,5.5675609102,,,,7,351.4,1.1167,1.42387929256,1.411792402,18,Kagoshima
1022430540,130.012499999,28.370833333,S2,1,False,11.9513,2.5881854793,11.2911221393,5.5675609102,,,,7,351.4,1.1167,1.42387929256,1.411792402,18,Kagoshima
1022430540,130.012499999,28.370833333,S4,1,False,11.9513,2.5881854793,11.2911221393,5.5675609102,,,,7,351.4,1.1167,1.42387929256,1.411792402,18,Kagoshima
1022627148,130.037499999,28.370833333,W1,0,False,1.3385856,0.311686979789,0.0073307640384,0.520106096294,0.53543424,70.67731968,109852.253138,0,0.0,0.0,1.0,1.0,18,Kagoshima
1022627148,130.037499999,28.370833333,W2,0,False,1.39436,0.32467393728,0.00763621254,0.54177718364,0.557744,73.622208,114429.430352,0,0.0,0.0,1.0,1.0,18,Kagoshima
1022627148,130.037499999,28.370833333,C2L,0,False,0.0557744,0.0129869574912,0.0003054485016,0.0216710873456,0.02230976,2.94488832,4577.17721407,0,0.0,0.0,1.0,1.0,18,Kagoshima
1022627148,130.037499999,28.370833333,W1,1,False,0.836616,0.181178397576,0.790402168776,0.389740910064,,,,0,0.0,0.0,1.0,1.0,18,Kagoshima
1022627148,130.037499999,28.370833333,W2,1,False,0.4740824,0.102667758626,0.447894562306,0.22085318237,,,,0,0.0,0.0,1.0,1.0,18,Kagoshima
1022627148,130.037499999,28.370833333,RM2,1,False,0.0836616,0.0181178397576,0.0790402168776,0.0389740910064,,,,0,0.0,0.0,1.0,1.0,18,Kagoshima
1022627148,130.037499999,28.370833333,C1,1,False,0.278872,0.060392799192,0.263467389592,0.129913636688,,,,0,0.0,0.0,1.0,1.0,18,Kagoshima
1022627148,130.037499999,28.370833333,C2L,1,False,0.139436,0.030196399596,0.131733694796,0.064956818344,,,,0,0.0,0.0,1.0,1.0,18,Kagoshima
1022627148,130.037499999,28.370833333,C4,1,False,0.139436,0.030196399596,0.131733694796,0.064956818344,,,,0,0.0,0.0,1.0,1.0,18,Kagoshima
1022627148,130.037499999,28.370833333,S1,1,False,0.278872,0.060392799192,0.263467389592,0.129913636688,,,,0,0.0,0.0,1.0,1.0,18,Kagoshima
1022627148,130.037499999,28.370833333,S2,1,False,0.278872,0.060392799192,0.263467389592,0.129913636688,,,,0,0.0,0.0,1.0,1.0,18,Kagoshima
1022627148,130.037499999,28.370833333,S4,1,False,0.278872,0.060392799192,0.263467389592,0.129913636688,,,,0,0.0,0.0,1.0,1.0,18,Kagoshima
1022430541,130.012499999,28.3791666663,W1,0,False,10.004976,2.32963865165,0.054792251064,3.88742341982,4.0019904,528.2627328,821067.517974,7,351.4,1.1167,1.42387929256,1.411792402,18,Kagoshima
1022430541,130.012499999,28.3791666663,W2,0,False,10.42185,2.4267069288,0.057075261525,4.04939939565,4.16874,550.27368,855278.664556,7,351.4,1.1167,1.42387929256,1.411792402,18,Kagoshima
1022430541,130.012499999,28.3791666663,C2L,0,False,0.416874,0.097068277152,0.002283010461,0.161975975826,0.1667496,22.0109472,34211.1465823,7,351.4,1.1167,1.42387929256,1.411792402,18,Kagoshima
1022430541,130.012499999,28.3791666663,W1,1,False,6.25311,1.35417975471,5.90769445671,2.91303630594,,,,7,351.4,1.1167,1.42387929256,1.411792402,18,Kagoshima
1022430541,130.012499999,28.3791666663,W2,1,False,3.543429,0.767368527669,3.34769352547,1.65072057337,,,,7,351.4,1.1167,1.42387929256,1.411792402,18,Kagoshima
1022430541,130.012499999,28.3791666663,RM2,1,False,0.625311,0.135417975471,0.590769445671,0.291303630594,,,,7,351.4,1.1167,1.42387929256,1.411792402,18,Kagoshima
1022430541,130.012499999,28.3791666663,C1,1,False,2.08437,0.45139325157,1.96923148557,0.97101210198,,,,7,351.4,1.1167,1.42387929256,1.411792402,18,Kagoshima
1022430541,130.012499999,28.3791666663,C2L,1,False,1.042185,0.225696625785,0.984615742785,0.48550605099,,,,7,351.4,1.1167,1.42387929256,1.411792402,18,Kagoshima
1022430541,130.012499999,28.3791666663,C4,1,False,1.042185,0.225696625785,0.984615742785,0.48550605099,,,,7,351.4,1.1167,1.42387929256,1.411792402,18,Kagoshima
1022430541,130.012499999,28.3791666663,S1,1,False,2.08437,0.45139325157,1.96923148557,0.97101210198,,,,7,351.4,1.1167,1.42387929256,1.411792402,18,Kagoshima
1022430541,130.012499999,28.3791666663,S2,1,False,2.08437,0.45139325157,1.96923148557,0.97101210198,,,,7,351.4,1.1167,1.42387929256,1.411792402,18,Kagoshima
1022430541,130.012499999,28.3791666663,S4,1,False,2.08437,0.45139325157,1.96923148557,0.97101210198,,,,7,351.4,1.1167,1.42387929256,1.411792402,18,Kagoshima
1022365004,130.004166665,28.370833333,W1,0,False,20.894352,4.8652080745,0.114427918728,8.11847957525,8.3577408,1103.2217856,1714714.13188,7,351.4,1.1167,1.42387929256,1.411792402,18,Kagoshima
1022365004,130.004166665,28.370833333,W2,0,False,21.76495,5.0679250776,0.119195748675,8.45674955755,8.70598,1149.18936,1786160.55404,7,351.4,1.1167,1.42387929256,1.411792402,18,Kagoshima
1022365004,130.004166665,28.370833333,C2L,0,False,0.870598,0.202717003104,0.004767829947,0.338269982302,0.3482392,45.9675744,71446.4221617,7,351.4,1.1167,1.42387929256,1.411792402,18,Kagoshima
1022365004,130.004166665,28.370833333,W1,1,False,13.05897,2.82806360217,12.3376055562,6.08357341038,,,,7,351.4,1.1167,1.42387929256,1.411792402,18,Kagoshima
1022365004,130.004166665,28.370833333,W2,1,False,7.400083,1.60256937456,6.99130981516,3.44735826588,,,,7,351.4,1.1167,1.42387929256,1.411792402,18,Kagoshima
1022365004,130.004166665,28.370833333,RM2,1,False,1.305897,0.282806360217,1.23376055562,0.608357341038,,,,7,351.4,1.1167,1.42387929256,1.411792402,18,Kagoshima
1022365004,130.004166665,28.370833333,C1,1,False,4.35299,0.94268786739,4.11253518539,2.02785780346,,,,7,351.4,1.1167,1.42387929256,1.411792402,18,Kagoshima
1022365004,130.004166665,28.370833333,C2L,1,False,2.176495,0.471343933695,2.05626759269,1.01392890173,,,,7,351.4,1.1167,1.42387929256,1.411792402,18,Kagoshima
1022365004,130.004166665,28.370833333,C4,1,False,2.176495,0.471343933695,2.05626759269,1.01392890173,,,,7,351.4,1.1167,1.42387929256,1.411792402,18,Kagoshima
1022365004,130.004166665,28.370833333,S1,1,False,4.35299,0.94268786739,4.11253518539,2.02785780346,,,,7,351.4,1.1167,1.42387929256,1.411792402,18,Kagoshima
1022365004,130.004166665,28.370833333,S2,1,False,4.35299,0.94268786739,4.11253518539,2.02785780346,,,,7,351.4,1.1167,1.42387929256,1.411792402,18,Kagoshima
1022365004,130.004166665,28.370833333,S4,1,False,4.35299,0.94268786739,4.11253518539,2.02785780346,,,,7,351.4,1.1167,1.42387929256,1.411792402,18,Kagoshima
1022496077,130.020833332,28.3791666663,W1,0,False,14.306496,3.33123898061,0.078349525344,5.5587747143,5.7225984,755.3829888,1174075.6961,7,351.4,1.1167,1.42387929256,1.411792402,18,Kagoshima
1022496077,130.020833332,28.3791666663,W2,0,False,14.9026,3.4700406048,0.0816140889,5.7903903274,5.96104,786.85728,1222995.51677,7,351.4,1.1167,1.42387929256,1.411792402,18,Kagoshima
1022496077,130.020833332,28.3791666663,C2L,0,False,0.596104,0.138801624192,0.003264563556,0.231615613096,0.2384416,31.4742912,48919.8206707,7,351.4,1.1167,1.42387929256,1.411792402,18,Kagoshima
1022496077,130.020833332,28.3791666663,W1,1,False,8.94156,1.93639317516,8.44763716716,4.16546149224,,,,7,351.4,1.1167,1.42387929256,1.411792402,18,Kagoshima
1022496077,130.020833332,28.3791666663,W2,1,False,5.066884,1.09728946592,4.78699439472,2.36042817894,,,,7,351.4,1.1167,1.42387929256,1.411792402,18,Kagoshima
1022496077,130.020833332,28.3791666663,RM2,1,False,0.894156,0.193639317516,0.844763716716,0.416546149224,,,,7,351.4,1.1167,1.42387929256,1.411792402,18,Kagoshima
1022496077,130.020833332,28.3791666663,C1,1,False,2.98052,0.64546439172,2.81587905572,1.38848716408,,,,7,351.4,1.1167,1.42387929256,1.411792402,18,Kagoshima
1022496077,130.020833332,28.3791666663,C2L,1,False,1.49026,0.32273219586,1.40793952786,0.69424358204,,,,7,351.4,1.1167,1.42387929256,1.411792402,18,Kagoshima
1022496077,130.020833332,28.3791666663,C4,1,False,1.49026,0.32273219586,1.40793952786,0.69424358204,,,,7,351.4,1.1167,1.42387929256,1.411792402,18,Kagoshima
1022496077,130.020833332,28.3791666663,S1,1,False,2.98052,0.64546439172,2.81587905572,1.38848716408,,,,7,351.4,1.1167,1.42387929256,1.411792402,18,Kagoshima
1022496077,130.020833332,28.3791666663,S2,1,False,2.98052,0.64546439172,2.81587905572,1.38848716408,,,,7,351.4,1.1167,1.42387929256,1.411792402,18,Kagoshima
1022496077,130.020833332,28.3791666663,S4,1,False,2.98052,0.64546439172,2.81587905572,1.38848716408,,,,7,351.4,1.1167,1.42387929256,1.411792402,18,Kagoshima
1022627146,130.037499999,28.3541666663,W1,0,False,0.8886,0.2069087328,0.0048664179,0.3452646414,0.35544,46.91808,72923.7727778,0,0.0,0.0,1.0,1.0,18,Kagoshima
1022627146,130.037499999,28.3541666663,W2,0,False,0.925625,0.21552993,0.0050691853125,0.359650668125,0.37025,48.873,75962.2633103,0,0.0,0.0,1.0,1.0,18,Kagoshima
1022627146,130.037499999,28.3541666663,C2L,0,False,0.037025,0.0086211972,0.0002027674125,0.014386026725,0.01481,1.95492,3038.49053241,0,0.0,0.0,1.0,1.0,18,Kagoshima
1022627146,130.037499999,28.3541666663,W1,1,False,0.555375,0.120272565375,0.524696640375,0.25872366525,,,,0,0.0,0.0,1.0,1.0,18,Kagoshima
1022627146,130.037499999,28.3541666663,W2,1,False,0.3147125,0.0681544537125,0.297328096213,0.146610076975,,,,0,0.0,0.0,1.0,1.0,18,Kagoshima
1022627146,130.037499999,28.3541666663,RM2,1,False,0.0555375,0.0120272565375,0.0524696640375,0.025872366525,,,,0,0.0,0.0,1.0,1.0,18,Kagoshima
1022627146,130.037499999,28.3541666663,C1,1,False,0.185125,0.040090855125,0.174898880125,0.08624122175,,,,0,0.0,0.0,1.0,1.0,18,Kagoshima
1022627146,130.037499999,28.3541666663,C2L,1,False,0.0925625,0.0200454275625,0.0874494400625,0.043120610875,,,,0,0.0,0.0,1.0,1.0,18,Kagoshima
1022627146,130.037499999,28.3541666663,C4,1,False,0.0925625,0.0200454275625,0.0874494400625,0.043120610875,,,,0,0.0,0.0,1.0,1.0,18,Kagoshima
1022627146,130.037499999,28.3541666663,S1,1,False,0.185125,0.040090855125,0.174898880125,0.08624122175,,,,0,0.0,0.0,1.0,1.0,18,Kagoshima
1022627146,130.037499999,28.3541666663,S2,1,False,0.185125,0.040090855125,0.174898880125,0.08624122175,,,,0,0.0,0.0,1.0,1.0,18,Kagoshima
1022627146,130.037499999,28.3541666663,S4,1,False,0.185125,0.040090855125,0.174898880125,0.08624122175,,,,0,0.0,0.0,1.0,1.0,18,Kagoshima
1022496074,130.020833332,28.3541666663,W1,0,True,48.0072,9.4413839952,45.0074221008,23.373025428,19.20288,2534.78016,3939754.83288,7,351.4,1.1167,1.42387929256,1.411792402,18,Kagoshima
1022496074,130.020833332,28.3541666663,W2,0,True,36.0054,7.0810379964,33.7555665756,17.529769071,14.40216,1901.08512,2954816.12466,7,351.4,1.1167,1.42387929256,1.411792402,18,Kagoshima
1022496074,130.020833332,28.3541666663,C2L,0,True,36.0054,7.0810379964,33.7555665756,17.529769071,14.40216,1901.08512,2954816.12466,7,351.4,1.1167,1.42387929256,1.411792402,18,Kagoshima
1022496074,130.020833332,28.3541666663,W1,1,True,4.80072,2.73874354992,0.2736890472,0.59810730264,,,,7,351.4,1.1167,1.42387929256,1.411792402,18,Kagoshima
1022496074,130.020833332,28.3541666663,W2,1,True,9.60144,5.47748709984,0.5473780944,1.19621460528,,,,7,351.4,1.1167,1.42387929256,1.411792402,18,Kagoshima
1022496074,130.020833332,28.3541666663,RM2,1,True,3.60054,2.05405766244,0.2052667854,0.44858047698,,,,7,351.4,1.1167,1.42387929256,1.411792402,18,Kagoshima
1022496074,130.020833332,28.3541666663,C1,1,True,12.0018,6.8468588748,0.684222618,1.4952682566,,,,7,351.4,1.1167,1.42387929256,1.411792402,18,Kagoshima
1022496074,130.020833332,28.3541666663,C2,1,True,12.0018,6.8468588748,0.684222618,1.4952682566,,,,7,351.4,1.1167,1.42387929256,1.411792402,18,Kagoshima
1022496074,130.020833332,28.3541666663,C2L,1,True,12.0018,6.8468588748,0.684222618,1.4952682566,,,,7,351.4,1.1167,1.42387929256,1.411792402,18,Kagoshima
1022496074,130.020833332,28.3541666663,C4,1,True,6.0009,3.4234294374,0.342111309,0.7476341283,,,,7,351.4,1.1167,1.42387929256,1.411792402,18,Kagoshima
1022496074,130.020833332,28.3541666663,S1,1,True,24.0036,13.6937177496,1.368445236,2.9905365132,,,,7,351.4,1.1167,1.42387929256,1.411792402,18,Kagoshima
1022496074,130.020833332,28.3541666663,S2,1,True,12.0018,6.8468588748,0.684222618,1.4952682566,,,,7,351.4,1.1167,1.42387929256,1.411792402,18,Kagoshima
1022496074,130.020833332,28.3541666663,S4,1,True,24.0036,13.6937177496,1.368445236,2.9905365132,,,,7,351.4,1.1167,1.42387929256,1.411792402,18,Kagoshima
1022561610,130.029166665,28.3541666663,W1,0,True,37.09816,7.29594673456,34.7800443742,18.0617956684,14.839264,1958.782848,3044494.47481,7,351.4,1.1167,1.42387929256,1.411792402,18,Kagoshima
1022561610,130.029166665,28.3541666663,W2,0,True,27.82362,5.47196005092,26.0850332807,13.5463467513,11.129448,1469.087136,2283370.85611,7,351.4,1.1167,1.42387929256,1.411792402,18,Kagoshima
1022561610,130.029166665,28.3541666663,C2L,0,True,27.82362,5.47196005092,26.0850332807,13.5463467513,11.129448,1469.087136,2283370.85611,7,351.4,1.1167,1.42387929256,1.411792402,18,Kagoshima
1022561610,130.029166665,28.3541666663,W1,1,True,3.709816,2.11639809058,0.21149661016,0.462194845992,,,,7,351.4,1.1167,1.42387929256,1.411792402,18,Kagoshima
1022561610,130.029166665,28.3541666663,W2,1,True,7.419632,4.23279618115,0.42299322032,0.924389691984,,,,7,351.4,1.1167,1.42387929256,1.411792402,18,Kagoshima
1022561610,130.029166665,28.3541666663,RM2,1,True,2.782362,1.58729856793,0.15862245762,0.346646134494,,,,7,351.4,1.1167,1.42387929256,1.411792402,18,Kagoshima
1022561610,130.029166665,28.3541666663,C1,1,True,9.27454,5.29099522644,0.5287415254,1.15548711498,,,,7,351.4,1.1167,1.42387929256,1.411792402,18,Kagoshima
1022561610,130.029166665,28.3541666663,C2,1,True,9.27454,5.29099522644,0.5287415254,1.15548711498,,,,7,351.4,1.1167,1.42387929256,1.411792402,18,Kagoshima
1022561610,130.029166665,28.3541666663,C2L,1,True,9.27454,5.29099522644,0.5287415254,1.15548711498,,,,7,351.4,1.1167,1.42387929256,1.411792402,18,Kagoshima
1022561610,130.029166665,28.3541666663,C4,1,True,4.63727,2.64549761322,0.2643707627,0.57774355749,,,,7,351.4,1.1167,1.42387929256,1.411792402,18,Kagoshima
1022561610,130.029166665,28.3541666663,S1,1,True,18.54908,10.5819904529,1.0574830508,2.31097422996,,,,7,351.4,1.1167,1.42387929256,1.411792402,18,Kagoshima
1022561610,130.029166665,28.3541666663,S2,1,True,9.27454,5.29099522644,0.5287415254,1.15548711498,,,,7,351.4,1.1167,1.42387929256,1.411792402,18,Kagoshima
1022561610,130.029166665,28.3541666663,S4,1,True,18.54908,10.5819904529,1.0574830508,2.31097422996,,,,7,351.4,1.1167,1.42387929256,1.411792402,18,Kagoshima
1022496075,130.020833332,28.3624999997,W1,0,True,48.0032,9.4405973312,45.0036720448,23.371077968,19.20128,2534.56896,3939426.56922,7,351.4,1.1167,1.42387929256,1.411792402,18,Kagoshima
1022496075,130.020833332,28.3624999997,W2,0,True,36.0024,7.0804479984,33.7527540336,17.528308476,14.40096,1900.92672,2954569.92692,7,351.4,1.1167,1.42387929256,1.411792402,18,Kagoshima
1022496075,130.020833332,28.3624999997,C2L,0,True,36.0024,7.0804479984,33.7527540336,17.528308476,14.40096,1900.92672,2954569.92692,7,351.4,1.1167,1.42387929256,1.411792402,18,Kagoshima
1022496075,130.020833332,28.3624999997,W1,1,True,4.80032,2.73851535552,0.2736662432,0.59805746784,,,,7,351.4,1.1167,1.42387929256,1.411792402,18,Kagoshima
1022496075,130.020833332,28.3624999997,W2,1,True,9.60064,5.47703071104,0.5473324864,1.19611493568,,,,7,351.4,1.1167,1.42387929256,1.411792402,18,Kagoshima
1022496075,130.020833332,28.3624999997,RM2,1,True,3.60024,2.05388651664,0.2052496824,0.44854310088,,,,7,351.4,1.1167,1.42387929256,1.411792402,18,Kagoshima
1022496075,130.020833332,28.3624999997,C1,1,True,12.0008,6.8462883888,0.684165608,1.4951436696,,,,7,351.4,1.1167,1.42387929256,1.411792402,18,Kagoshima
1022496075,130.020833332,28.3624999997,C2,1,True,12.0008,6.8462883888,0.684165608,1.4951436696,,,,7,351.4,1.1167,1.42387929256,1.411792402,18,Kagoshima
1022496075,130.020833332,28.3624999997,C2L,1,True,12.0008,6.8462883888,0.684165608,1.4951436696,,,,7,351.4,1.1167,1.42387929256,1.411792402,18,Kagoshima
1022496075,130.020833332,28.3624999997,C4,1,True,6.0004,3.4231441944,0.342082804,0.7475718348,,,,7,351.4,1.1167,1.42387929256,1.411792402,18,Kagoshima
1022496075,130.020833332,28.3624999997,S1,1,True,24.0016,13.6925767776,1.368331216,2.9902873392,,,,7,351.4,1.1167,1.42387929256,1.411792402,18,Kagoshima
1022496075,130.020833332,28.3624999997,S2,1,True,12.0008,6.8462883888,0.684165608,1.4951436696,,,,7,351.4,1.1167,1.42387929256,1.411792402,18,Kagoshima
1022496075,130.020833332,28.3624999997,S4,1,True,24.0016,13.6925767776,1.368331216,2.9902873392,,,,7,351.4,1.1167,1.42387929256,1.411792402,18,Kagoshima
1022496073,130.020833332,28.345833333,W1,0,True,38.04764,7.48267716824,35.670195167,18.5240642486,15.219056,2008.915392,3122414.42054,7,351.4,1.1167,1.42387929256,1.411792402,18,Kagoshima
1022496073,130.020833332,28.345833333,W2,0,True,28.53573,5.61200787618,26.7526463752,13.8930481865,11.414292,1506.686544,2341810.81541,7,351.4,1.1167,1.42387929256,1.411792402,18,Kagoshima
1022496073,130.020833332,28.345833333,C2L,0,True,28.53573,5.61200787618,26.7526463752,13.8930481865,11.414292,1506.686544,2341810.81541,7,351.4,1.1167,1.42387929256,1.411792402,18,Kagoshima
1022496073,130.020833332,28.345833333,W1,1,True,3.804764,2.1705645953,0.21690959564,0.474024132468,,,,7,351.4,1.1167,1.42387929256,1.411792402,18,Kagoshima
1022496073,130.020833332,28.345833333,W2,1,True,7.609528,4.34112919061,0.43381919128,0.948048264936,,,,7,351.4,1.1167,1.42387929256,1.411792402,18,Kagoshima
1022496073,130.020833332,28.345833333,RM2,1,True,2.853573,1.62792344648,0.16268219673,0.355518099351,,,,7,351.4,1.1167,1.42387929256,1.411792402,18,Kagoshima
1022496073,130.020833332,28.345833333,C1,1,True,9.51191,5.42641148826,0.5422739891,1.18506033117,,,,7,351.4,1.1167,1.42387929256,1.411792402,18,Kagoshima
1022496073,130.020833332,28.345833333,C2,1,True,9.51191,5.42641148826,0.5422739891,1.18506033117,,,,7,351.4,1.1167,1.42387929256,1.411792402,18,Kagoshima
1022496073,130.020833332,28.345833333,C2L,1,True,9.51191,5.42641148826,0.5422739891,1.18506033117,,,,7,351.4,1.1167,1.42387929256,1.411792402,18,Kagoshima
1022496073,130.020833332,28.345833333,C4,1,True,4.755955,2.71320574413,0.27113699455,0.592530165585,,,,7,351.4,1.1167,1.42387929256,1.411792402,18,Kagoshima
1022496073,130.020833332,28.345833333,S1,1,True,19.02382,10.8528229765,1.0845479782,2.37012066234,,,,7,351.4,1.1167,1.42387929256,1.411792402,18,Kagoshima
1022496073,130.020833332,28.345833333,S2,1,True,9.51191,5.42641148826,0.5422739891,1.18506033117,,,,7,351.4,1.1167,1.42387929256,1.411792402,18,Kagoshima
1022496073,130.020833332,28.345833333,S4,1,True,19.02382,10.8528229765,1.0845479782,2.37012066234,,,,7,351.4,1.1167,1.42387929256,1.411792402,18,Kagoshima
1022496076,130.020833332,28.370833333,W1,0,True,47.9996,9.4398893336,45.0002969944,23.369325254,19.19984,2534.37888,3939131.13192,7,351.4,1.1167,1.42387929256,1.411792402,18,Kagoshima
1022496076,130.020833332,28.370833333,W2,0,True,35.9997,7.0799170002,33.7502227458,17.5269939405,14.39988,1900.78416,2954348.34894,7,351.4,1.1167,1.42387929256,1.411792402,18,Kagoshima
1022496076,130.020833332,28.370833333,C2L,0,True,35.9997,7.0799170002,33.7502227458,17.5269939405,14.39988,1900.78416,2954348.34894,7,351.4,1.1167,1.42387929256,1.411792402,18,Kagoshima
1022496076,130.020833332,28.370833333,W1,1,True,4.79996,2.73830998056,0.2736457196,0.59801261652,,,,7,351.4,1.1167,1.42387929256,1.411792402,18,Kagoshima
1022496076,130.020833332,28.370833333,W2,1,True,9.59992,5.47661996112,0.5472914392,1.19602523304,,,,7,351.4,1.1167,1.42387929256,1.411792402,18,Kagoshima
1022496076,130.020833332,28.370833333,RM2,1,True,3.59997,2.05373248542,0.2052342897,0.44850946239,,,,7,351.4,1.1167,1.42387929256,1.411792402,18,Kagoshima
1022496076,130.020833332,28.370833333,C1,1,True,11.9999,6.8457749514,0.684114299,1.4950315413,,,,7,351.4,1.1167,1.42387929256,1.411792402,18,Kagoshima
1022496076,130.020833332,28.370833333,C2,1,True,11.9999,6.8457749514,0.684114299,1.4950315413,,,,7,351.4,1.1167,1.42387929256,1.411792402,18,Kagoshima
1022496076,130.020833332,28.370833333,C2L,1,True,11.9999,6.8457749514,0.684114299,1.4950315413,,,,7,351.4,1.1167,1.42387929256,1.411792402,18,Kagoshima
1022496076,130.020833332,28.370833333,C4,1,True,5.99995,3.4228874757,0.3420571495,0.74751577065,,,,7,351.4,1.1167,1.42387929256,1.411792402,18,Kagoshima
1022496076,130.020833332,28.370833333,S1,1,True,23.9998,13.6915499028,1.368228598,2.9900630826,,,,7,351.4,1.1167,1.42387929256,1.411792402,18,Kagoshima
1022496076,130.020833332,28.370833333,S2,1,True,11.9999,6.8457749514,0.684114299,1.4950315413,,,,7,351.4,1.1167,1.42387929256,1.411792402,18,Kagoshima
1022496076,130.020833332,28.370833333,S4,1,True,23.9998,13.6915499028,1.368228598,2.9900630826,,,,7,351.4,1.1167,1.42387929256,1.411792402,18,Kagoshima
1022430538,130.012499999,28.3541666663,W1,0,True,48.0072,9.4413839952,45.0074221008,23.373025428,19.20288,2534.78016,3939754.83288,7,351.4,1.1167,1.42387929256,1.411792402,18,Kagoshima
1022430538,130.012499999,28.3541666663,W2,0,True,36.0054,7.0810379964,33.7555665756,17.529769071,14.40216,1901.08512,2954816.12466,7,351.4,1.1167,1.42387929256,1.411792402,18,Kagoshima
1022430538,130.012499999,28.3541666663,C2L,0,True,36.0054,7.0810379964,33.7555665756,17.529769071,14.40216,1901.08512,2954816.12466,7,351.4,1.1167,1.42387929256,1.411792402,18,Kagoshima
1022430538,130.012499999,28.3541666663,W1,1,True,4.80072,2.73874354992,0.2736890472,0.59810730264,,,,7,351.4,1.1167,1.42387929256,1.411792402,18,Kagoshima
1022430538,130.012499999,28.3541666663,W2,1,True,9.60144,5.47748709984,0.5473780944,1.19621460528,,,,7,351.4,1.1167,1.42387929256,1.411792402,18,Kagoshima
1022430538,130.012499999,28.3541666663,RM2,1,True,3.60054,2.05405766244,0.2052667854,0.44858047698,,,,7,351.4,1.1167,1.42387929256,1.411792402,18,Kagoshima
1022430538,130.012499999,28.3541666663,C1,1,True,12.0018,6.8468588748,0.684222618,1.4952682566,,,,7,351.4,1.1167,1.42387929256,1.411792402,18,Kagoshima
1022430538,130.012499999,28.3541666663,C2,1,True,12.0018,6.8468588748,0.684222618,1.4952682566,,,,7,351.4,1.1167,1.42387929256,1.411792402,18,Kagoshima
1022430538,130.012499999,28.3541666663,C2L,1,True,12.0018,6.8468588748,0.684222618,1.4952682566,,,,7,351.4,1.1167,1.42387929256,1.411792402,18,Kagoshima
1022430538,130.012499999,28.3541666663,C4,1,True,6.0009,3.4234294374,0.342111309,0.7476341283,,,,7,351.4,1.1167,1.42387929256,1.411792402,18,Kagoshima
1022430538,130.012499999,28.3541666663,S1,1,True,24.0036,13.6937177496,1.368445236,2.9905365132,,,,7,351.4,1.1167,1.42387929256,1.411792402,18,Kagoshima
1022430538,130.012499999,28.3541666663,S2,1,True,12.0018,6.8468588748,0.684222618,1.4952682566,,,,7,351.4,1.1167,1.42387929256,1.411792402,18,Kagoshima
1022430538,130.012499999,28.3541666663,S4,1,True,24.0036,13.6937177496,1.368445236,2.9905365132,,,,7,351.4,1.1167,1.42387929256,1.411792402,18,Kagoshima
1022365000,130.004166665,28.3374999997,W1,0,True,43.2096,8.4978591936,40.5096049344,21.037241904,17.28384,2281.46688,3546035.39525,7,351.4,1.1167,1.42387929256,1.411792402,18,Kagoshima
1022365000,130.004166665,28.3374999997,W2,0,True,32.4072,6.3733943952,30.3822037008,15.777931428,12.96288,1711.10016,2659526.54644,7,351.4,1.1167,1.42387929256,1.411792402,18,Kagoshima
1022365000,130.004166665,28.3374999997,C2L,0,True,32.4072,6.3733943952,30.3822037008,15.777931428,12.96288,1711.10016,2659526.54644,7,351.4,1.1167,1.42387929256,1.411792402,18,Kagoshima
1022365000,130.004166665,28.3374999997,W1,1,True,4.32096,2.46504718656,0.2463379296,0.53833544352,,,,7,351.4,1.1167,1.42387929256,1.411792402,18,Kagoshima
1022365000,130.004166665,28.3374999997,W2,1,True,8.64192,4.93009437312,0.4926758592,1.07667088704,,,,7,351.4,1.1167,1.42387929256,1.411792402,18,Kagoshima
1022365000,130.004166665,28.3374999997,RM2,1,True,3.24072,1.84878538992,0.1847534472,0.40375158264,,,,7,351.4,1.1167,1.42387929256,1.411792402,18,Kagoshima
1022365000,130.004166665,28.3374999997,C1,1,True,10.8024,6.1626179664,0.615844824,1.3458386088,,,,7,351.4,1.1167,1.42387929256,1.411792402,18,Kagoshima
1022365000,130.004166665,28.3374999997,C2,1,True,10.8024,6.1626179664,0.615844824,1.3458386088,,,,7,351.4,1.1167,1.42387929256,1.411792402,18,Kagoshima
1022365000,130.004166665,28.3374999997,C2L,1,True,10.8024,6.1626179664,0.615844824,1.3458386088,,,,7,351.4,1.1167,1.42387929256,1.411792402,18,Kagoshima
1022365000,130.004166665,28.3374999997,C4,1,True,5.4012,3.0813089832,0.307922412,0.6729193044,,,,7,351.4,1.1167,1.42387929256,1.411792402,18,Kagoshima
1022365000,130.004166665,28.3374999997,S1,1,True,21.6048,12.3252359328,1.231689648,2.6916772176,,,,7,351.4,1.1167,1.42387929256,1.411792402,18,Kagoshima
1022365000,130.004166665,28.3374999997,S2,1,True,10.8024,6.1626179664,0.615844824,1.3458386088,,,,7,351.4,1.1167,1.42387929256,1.411792402,18,Kagoshima
1022365000,130.004166665,28.3374999997,S4,1,True,21.6048,12.3252359328,1.231689648,2.6916772176,,,,7,351.4,1.1167,1.42387929256,1.411792402,18,Kagoshima
1022430537,130.012499999,28.345833333,W1,0,True,48.0108,9.4420919928,45.0107971512,23.374778142,19.20432,2534.97024,3940050.27018,7,351.4,1.1167,1.42387929256,1.411792402,18,Kagoshima
1022430537,130.012499999,28.345833333,W2,0,True,36.0081,7.0815689946,33.7580978634,17.5310836065,14.40324,1901.22768,2955037.70264,7,351.4,1.1167,1.42387929256,1.411792402,18,Kagoshima
1022430537,130.012499999,28.345833333,C2L,0,True,36.0081,7.0815689946,33.7580978634,17.5310836065,14.40324,1901.22768,2955037.70264,7,351.4,1.1167,1.42387929256,1.411792402,18,Kagoshima
1022430537,130.012499999,28.345833333,W1,1,True,4.80108,2.73894892488,0.2737095708,0.59815215396,,,,7,351.4,1.1167,1.42387929256,1.411792402,18,Kagoshima
1022430537,130.012499999,28.345833333,W2,1,True,9.60216,5.47789784976,0.5474191416,1.19630430792,,,,7,351.4,1.1167,1.42387929256,1.411792402,18,Kagoshima
1022430537,130.012499999,28.345833333,RM2,1,True,3.60081,2.05421169366,0.2052821781,0.44861411547,,,,7,351.4,1.1167,1.42387929256,1.411792402,18,Kagoshima
1022430537,130.012499999,28.345833333,C1,1,True,12.0027,6.8473723122,0.684273927,1.4953803849,,,,7,351.4,1.1167,1.42387929256,1.411792402,18,Kagoshima
1022430537,130.012499999,28.345833333,C2,1,True,12.0027,6.8473723122,0.684273927,1.4953803849,,,,7,351.4,1.1167,1.42387929256,1.411792402,18,Kagoshima
1022430537,130.012499999,28.345833333,C2L,1,True,12.0027,6.8473723122,0.684273927,1.4953803849,,,,7,351.4,1.1167,1.42387929256,1.411792402,18,Kagoshima
1022430537,130.012499999,28.345833333,C4,1,True,6.00135,3.4236861561,0.3421369635,0.74769019245,,,,7,351.4,1.1167,1.42387929256,1.411792402,18,Kagoshima
1022430537,130.012499999,28.345833333,S1,1,True,24.0054,13.6947446244,1.368547854,2.9907607698,,,,7,351.4,1.1167,1.42387929256,1.411792402,18,Kagoshima
1022430537,130.012499999,28.345833333,S2,1,True,12.0027,6.8473723122,0.684273927,1.4953803849,,,,7,351.4,1.1167,1.42387929256,1.411792402,18,Kagoshima
1022430537,130.012499999,28.345833333,S4,1,True,24.0054,13.6947446244,1.368547854,2.9907607698,,,,7,351.4,1.1167,1.42387929256,1.411792402,18,Kagoshima
1022561612,130.029166665,28.370833333,W1,0,True,35.70416,7.02179433056,33.4731498582,17.3831058584,14.281664,1885.179648,2930094.58819,7,351.4,1.1167,1.42387929256,1.411792402,18,Kagoshima
1022561612,130.029166665,28.370833333,W2,0,True,26.77812,5.26634574792,25.1048623937,13.0373293938,10.711248,1413.884736,2197570.94114,7,351.4,1.1167,1.42387929256,1.411792402,18,Kagoshima
1022561612,130.029166665,28.370833333,C2L,0,True,26.77812,5.26634574792,25.1048623937,13.0373293938,10.711248,1413.884736,2197570.94114,7,351.4,1.1167,1.42387929256,1.411792402,18,Kagoshima
1022561612,130.029166665,28.370833333,W1,1,True,3.570416,2.03687234218,0.20354941616,0.444827418192,,,,7,351.4,1.1167,1.42387929256,1.411792402,18,Kagoshima
1022561612,130.029166665,28.370833333,W2,1,True,7.140832,4.07374468435,0.40709883232,0.889654836384,,,,7,351.4,1.1167,1.42387929256,1.411792402,18,Kagoshima
1022561612,130.029166665,28.370833333,RM2,1,True,2.677812,1.52765425663,0.15266206212,0.333620563644,,,,7,351.4,1.1167,1.42387929256,1.411792402,18,Kagoshima
1022561612,130.029166665,28.370833333,C1,1,True,8.92604,5.09218085544,0.5088735404,1.11206854548,,,,7,351.4,1.1167,1.42387929256,1.411792402,18,Kagoshima
1022561612,130.029166665,28.370833333,C2,1,True,8.92604,5.09218085544,0.5088735404,1.11206854548,,,,7,351.4,1.1167,1.42387929256,1.411792402,18,Kagoshima
1022561612,130.029166665,28.370833333,C2L,1,True,8.92604,5.09218085544,0.5088735404,1.11206854548,,,,7,351.4,1.1167,1.42387929256,1.411792402,18,Kagoshima
1022561612,130.029166665,28.370833333,C4,1,True,4.46302,2.54609042772,0.2544367702,0.55603427274,,,,7,351.4,1.1167,1.42387929256,1.411792402,18,Kagoshima
1022561612,130.029166665,28.370833333,S1,1,True,17.85208,10.1843617109,1.0177470808,2.22413709096,,,,7,351.4,1.1167,1.42387929256,1.411792402,18,Kagoshima
1022561612,130.029166665,28.370833333,S2,1,True,8.92604,5.09218085544,0.5088735404,1.11206854548,,,,7,351.4,1.1167,1.42387929256,1.411792402,18,Kagoshima
1022561612,130.029166665,28.370833333,S4,1,True,17.85208,10.1843617109,1.0177470808,2.22413709096,,,,7,351.4,1.1167,1.42387929256,1.411792402,18,Kagoshima
1022430536,130.012499999,28.3374999997,W1,0,True,31.71628,6.23751392248,29.7344565279,15.4415466622,12.686512,1674.619584,2602825.5639,7,351.4,1.1167,1.42387929256,1.411792402,18,Kagoshima
1022430536,130.012499999,28.3374999997,W2,0,True,23.78721,4.67813544186,22.3008423959,11.5811599966,9.514884,1255.964688,1952119.17292,7,351.4,1.1167,1.42387929256,1.411792402,18,Kagoshima
1022430536,130.012499999,28.3374999997,C2L,0,True,23.78721,4.67813544186,22.3008423959,11.5811599966,9.514884,1255.964688,1952119.17292,7,351.4,1.1167,1.42387929256,1.411792402,18,Kagoshima
1022430536,130.012499999,28.3374999997,W1,1,True,3.171628,1.80936937121,0.18081451228,0.395143617636,,,,7,351.4,1.1167,1.42387929256,1.411792402,18,Kagoshima
1022430536,130.012499999,28.3374999997,W2,1,True,6.343256,3.61873874242,0.36162902456,0.790287235272,,,,7,351.4,1.1167,1.42387929256,1.411792402,18,Kagoshima
1022430536,130.012499999,28.3374999997,RM2,1,True,2.378721,1.35702702841,0.13561088421,0.296357713227,,,,7,351.4,1.1167,1.42387929256,1.411792402,18,Kagoshima
1022430536,130.012499999,28.3374999997,C1,1,True,7.92907,4.52342342802,0.4520362807,0.98785904409,,,,7,351.4,1.1167,1.42387929256,1.411792402,18,Kagoshima
1022430536,130.012499999,28.3374999997,C2,1,True,7.92907,4.52342342802,0.4520362807,0.98785904409,,,,7,351.4,1.1167,1.42387929256,1.411792402,18,Kagoshima
1022430536,130.012499999,28.3374999997,C2L,1,True,7.92907,4.52342342802,0.4520362807,0.98785904409,,,,7,351.4,1.1167,1.42387929256,1.411792402,18,Kagoshima
1022430536,130.012499999,28.3374999997,C4,1,True,3.964535,2.26171171401,0.22601814035,0.493929522045,,,,7,351.4,1.1167,1.42387929256,1.411792402,18,Kagoshima
1022430536,130.012499999,28.3374999997,S1,1,True,15.85814,9.04684685604,0.9040725614,1.97571808818,,,,7,351.4,1.1167,1.42387929256,1.411792402,18,Kagoshima
1022430536,130.012499999,28.3374999997,S2,1,True,7.92907,4.52342342802,0.4520362807,0.98785904409,,,,7,351.4,1.1167,1.42387929256,1.411792402,18,Kagoshima
1022430536,130.012499999,28.3374999997,S4,1,True,15.85814,9.04684685604,0.9040725614,1.97571808818,,,,7,351.4,1.1167,1.42387929256,1.411792402,18,Kagoshima
1022430539,130.012499999,28.3624999997,W1,0,True,48.0032,9.4405973312,45.0036720448,23.371077968,19.20128,2534.56896,3939426.56922,7,351.4,1.1167,1.42387929256,1.411792402,18,Kagoshima
1022430539,130.012499999,28.3624999997,W2,0,True,36.0024,7.0804479984,33.7527540336,17.528308476,14.40096,1900.92672,2954569.92692,7,351.4,1.1167,1.42387929256,1.411792402,18,Kagoshima
1022430539,130.012499999,28.3624999997,C2L,0,True,36.0024,7.0804479984,33.7527540336,17.528308476,14.40096,1900.92672,2954569.92692,7,351.4,1.1167,1.42387929256,1.411792402,18,Kagoshima
1022430539,130.012499999,28.3624999997,W1,1,True,4.80032,2.73851535552,0.2736662432,0.59805746784,,,,7,351.4,1.1167,1.42387929256,1.411792402,18,Kagoshima
1022430539,130.012499999,28.3624999997,W2,1,True,9.60064,5.47703071104,0.5473324864,1.19611493568,,,,7,351.4,1.1167,1.42387929256,1.411792402,18,Kagoshima
1022430539,130.012499999,28.3624999997,RM2,1,True,3.60024,2.05388651664,0.2052496824,0.44854310088,,,,7,351.4,1.1167,1.42387929256,1.411792402,18,Kagoshima
1022430539,130.012499999,28.3624999997,C1,1,True,12.0008,6.8462883888,0.684165608,1.4951436696,,,,7,351.4,1.1167,1.42387929256,1.411792402,18,Kagoshima
1022430539,130.012499999,28.3624999997,C2,1,True,12.0008,6.8462883888,0.684165608,1.4951436696,,,,7,351.4,1.1167,1.42387929256,1.411792402,18,Kagoshima
1022430539,130.012499999,28.3624999997,C2L,1,True,12.0008,6.8462883888,0.684165608,1.4951436696,,,,7,351.4,1.1167,1.42387929256,1.411792402,18,Kagoshima
1022430539,130.012499999,28.3624999997,C4,1,True,6.0004,3.4231441944,0.342082804,0.7475718348,,,,7,351.4,1.1167,1.42387929256,1.411792402,18,Kagoshima
1022430539,130.012499999,28.3624999997,S1,1,True,24.0016,13.6925767776,1.368331216,2.9902873392,,,,7,351.4,1.1167,1.42387929256,1.411792402,18,Kagoshima
1022430539,130.012499999,28.3624999997,S2,1,True,12.0008,6.8462883888,0.684165608,1.4951436696,,,,7,351.4,1.1167,1.42387929256,1.411792402,18,Kagoshima
1022430539,130.012499999,28.3624999997,S4,1,True,24.0016,13.6925767776,1.368331216,2.9902873392,,,,7,351.4,1.1167,1.42387929256,1.411792402,18,Kagoshima
1022561611,130.029166665,28.3624999997,W1,0,True,48.0912,9.4579039392,45.0861732768,23.413922088,19.23648,2539.21536,3946648.36981,7,351.4,1.1167,1.42387929256,1.411792402,18,Kagoshima
1022561611,130.029166665,28.3624999997,W2,0,True,36.0684,7.0934279544,33.8146299576,17.560441566,14.42736,1904.41152,2959986.27736,7,351.4,1.1167,1.42387929256,1.411792402,18,Kagoshima
1022561611,130.029166665,28.3624999997,C2L,0,True,36.0684,7.0934279544,33.8146299576,17.560441566,14.42736,1904.41152,2959986.27736,7,351.4,1.1167,1.42387929256,1.411792402,18,Kagoshima
1022561611,130.029166665,28.3624999997,W1,1,True,4.80912,2.74353563232,0.2741679312,0.59915383344,,,,7,351.4,1.1167,1.42387929256,1.411792402,18,Kagoshima
1022561611,130.029166665,28.3624999997,W2,1,True,9.61824,5.48707126464,0.5483358624,1.19830766688,,,,7,351.4,1.1167,1.42387929256,1.411792402,18,Kagoshima
1022561611,130.029166665,28.3624999997,RM2,1,True,3.60684,2.05765172424,0.2056259484,0.44936537508,,,,7,351.4,1.1167,1.42387929256,1.411792402,18,Kagoshima
1022561611,130.029166665,28.3624999997,C1,1,True,12.0228,6.8588390808,0.685419828,1.4978845836,,,,7,351.4,1.1167,1.42387929256,1.411792402,18,Kagoshima
1022561611,130.029166665,28.3624999997,C2,1,True,12.0228,6.8588390808,0.685419828,1.4978845836,,,,7,351.4,1.1167,1.42387929256,1.411792402,18,Kagoshima
1022561611,130.029166665,28.3624999997,C2L,1,True,12.0228,6.8588390808,0.685419828,1.4978845836,,,,7,351.4,1.1167,1.42387929256,1.411792402,18,Kagoshima
1022561611,130.029166665,28.3624999997,C4,1,True,6.0114,3.4294195404,0.342709914,0.7489422918,,,,7,351.4,1.1167,1.42387929256,1.411792402,18,Kagoshima
1022561611,130.029166665,28.3624999997,S1,1,True,24.0456,13.7176781616,1.370839656,2.9957691672,,,,7,351.4,1.1167,1.42387929256,1.411792402,18,Kagoshima
1022561611,130.029166665,28.3624999997,S2,1,True,12.0228,6.8588390808,0.685419828,1.4978845836,,,,7,351.4,1.1167,1.42387929256,1.411792402,18,Kagoshima
1022561611,130.029166665,28.3624999997,S4,1,True,24.0456,13.7176781616,1.370839656,2.9957691672,,,,7,351.4,1.1167,1.42387929256,1.411792402,18,Kagoshima
1022365003,130.004166665,28.3624999997,W1,0,True,47.8928,9.4188854048,44.9001704992,23.317328072,19.15712,2528.73984,3930366.49212,7,351.4,1.1167,1.42387929256,1.411792402,18,Kagoshima
1022365003,130.004166665,28.3624999997,W2,0,True,35.9196,7.0641640536,33.6751278744,17.487996054,14.36784,1896.55488,2947774.86909,7,351.4,1.1167,1.42387929256,1.411792402,18,Kagoshima
1022365003,130.004166665,28.3624999997,C2L,0,True,35.9196,7.0641640536,33.6751278744,17.487996054,14.36784,1896.55488,2947774.86909,7,351.4,1.1167,1.42387929256,1.411792402,18,Kagoshima
1022365003,130.004166665,28.3624999997,W1,1,True,4.78928,2.73221719008,0.2730368528,0.59668202736,,,,7,351.4,1.1167,1.42387929256,1.411792402,18,Kagoshima
1022365003,130.004166665,28.3624999997,W2,1,True,9.57856,5.46443438016,0.5460737056,1.19336405472,,,,7,351.4,1.1167,1.42387929256,1.411792402,18,Kagoshima
1022365003,130.004166665,28.3624999997,RM2,1,True,3.59196,2.04916289256,0.2047776396,0.44751152052,,,,7,351.4,1.1167,1.42387929256,1.411792402,18,Kagoshima
1022365003,130.004166665,28.3624999997,C1,1,True,11.9732,6.8305429752,0.682592132,1.4917050684,,,,7,351.4,1.1167,1.42387929256,1.411792402,18,Kagoshima
1022365003,130.004166665,28.3624999997,C2,1,True,11.9732,6.8305429752,0.682592132,1.4917050684,,,,7,351.4,1.1167,1.42387929256,1.411792402,18,Kagoshima
1022365003,130.004166665,28.3624999997,C2L,1,True,11.9732,6.8305429752,0.682592132,1.4917050684,,,,7,351.4,1.1167,1.42387929256,1.411792402,18,Kagoshima
1022365003,130.004166665,28.3624999997,C4,1,True,5.9866,3.4152714876,0.341296066,0.7458525342,,,,7,351.4,1.1167,1.42387929256,1.411792402,18,Kagoshima
1022365003,130.004166665,28.3624999997,S1,1,True,23.9464,13.6610859504,1.365184264,2.9834101368,,,,7,351.4,1.1167,1.42387929256,1.411792402,18,Kagoshima
1022365003,130.004166665,28.3624999997,S2,1,True,11.9732,6.8305429752,0.682592132,1.4917050684,,,,7,351.4,1.1167,1.42387929256,1.411792402,18,Kagoshima
1022365003,130.004166665,28.3624999997,S4,1,True,23.9464,13.6610859504,1.365184264,2.9834101368,,,,7,351.4,1.1167,1.42387929256,1.411792402,18,Kagoshima
1022365002,130.004166665,28.3541666663,W1,0,True,48.0072,9.4413839952,45.0074221008,23.373025428,19.20288,2534.78016,3939754.83288,7,351.4,1.1167,1.42387929256,1.411792402,18,Kagoshima
1022365002,130.004166665,28.3541666663,W2,0,True,36.0054,7.0810379964,33.7555665756,17.529769071,14.40216,1901.08512,2954816.12466,7,351.4,1.1167,1.42387929256,1.411792402,18,Kagoshima
1022365002,130.004166665,28.3541666663,C2L,0,True,36.0054,7.0810379964,33.7555665756,17.529769071,14.40216,1901.08512,2954816.12466,7,351.4,1.1167,1.42387929256,1.411792402,18,Kagoshima
1022365002,130.004166665,28.3541666663,W1,1,True,4.80072,2.73874354992,0.2736890472,0.59810730264,,,,7,351.4,1.1167,1.42387929256,1.411792402,18,Kagoshima
1022365002,130.004166665,28.3541666663,W2,1,True,9.60144,5.47748709984,0.5473780944,1.19621460528,,,,7,351.4,1.1167,1.42387929256,1.411792402,18,Kagoshima
1022365002,130.004166665,28.3541666663,RM2,1,True,3.60054,2.05405766244,0.2052667854,0.44858047698,,,,7,351.4,1.1167,1.42387929256,1.411792402,18,Kagoshima
1022365002,130.004166665,28.3541666663,C1,1,True,12.0018,6.8468588748,0.684222618,1.4952682566,,,,7,351.4,1.1167,1.42387929256,1.411792402,18,Kagoshima
1022365002,130.004166665,28.3541666663,C2,1,True,12.0018,6.8468588748,0.684222618,1.4952682566,,,,7,351.4,1.1167,1.42387929256,1.411792402,18,Kagoshima
1022365002,130.004166665,28.3541666663,C2L,1,True,12.0018,6.8468588748,0.684222618,1.4952682566,,,,7,351.4,1.1167,1.42387929256,1.411792402,18,Kagoshima
1022365002,130.004166665,28.3541666663,C4,1,True,6.0009,3.4234294374,0.342111309,0.7476341283,,,,7,351.4,1.1167,1.42387929256,1.411792402,18,Kagoshima
1022365002,130.004166665,28.3541666663,S1,1,True,24.0036,13.6937177496,1.368445236,2.9905365132,,,,7,351.4,1.1167,1.42387929256,1.411792402,18,Kagoshima
1022365002,130.004166665,28.3541666663,S2,1,True,12.0018,6.8468588748,0.684222618,1.4952682566,,,,7,351.4,1.1167,1.42387929256,1.411792402,18,Kagoshima
1022365002,130.004166665,28.3541666663,S4,1,True,24.0036,13.6937177496,1.368445236,2.9905365132,,,,7,351.4,1.1167,1.42387929256,1.411792402,18,Kagoshima
1022365001,130.004166665,28.345833333,W1,0,True,48.0108,9.4420919928,45.0107971512,23.374778142,19.20432,2534.97024,3940050.27018,7,351.4,1.1167,1.42387929256,1.411792402,18,Kagoshima
1022365001,130.004166665,28.345833333,W2,0,True,36.0081,7.0815689946,33.7580978634,17.5310836065,14.40324,1901.22768,2955037.70264,7,351.4,1.1167,1.42387929256,1.411792402,18,Kagoshima
1022365001,130.004166665,28.345833333,C2L,0,True,36.0081,7.0815689946,33.7580978634,17.5310836065,14.40324,1901.22768,2955037.70264,7,351.4,1.1167,1.42387929256,1.411792402,18,Kagoshima
1022365001,130.004166665,28.345833333,W1,1,True,4.80108,2.73894892488,0.2737095708,0.59815215396,,,,7,351.4,1.1167,1.42387929256,1.411792402,18,Kagoshima
1022365001,130.004166665,28.345833333,W2,1,True,9.60216,5.47789784976,0.5474191416,1.19630430792,,,,7,351.4,1.1167,1.42387929256,1.411792402,18,Kagoshima
1022365001,130.004166665,28.345833333,RM2,1,True,3.60081,2.05421169366,0.2052821781,0.44861411547,,,,7,351.4,1.1167,1.42387929256,1.411792402,18,Kagoshima
1022365001,130.004166665,28.345833333,C1,1,True,12.0027,6.8473723122,0.684273927,1.4953803849,,,,7,351.4,1.1167,1.42387929256,1.411792402,18,Kagoshima
1022365001,130.004166665,28.345833333,C2,1,True,12.0027,6.8473723122,0.684273927,1.4953803849,,,,7,351.4,1.1167,1.42387929256,1.411792402,18,Kagoshima
1022365001,130.004166665,28.345833333,C2L,1,True,12.0027,6.8473723122,0.684273927,1.4953803849,,,,7,351.4,1.1167,1.42387929256,1.411792402,18,Kagoshima
1022365001,130.004166665,28.345833333,C4,1,True,6.00135,3.4236861561,0.3421369635,0.74769019245,,,,7,351.4,1.1167,1.42387929256,1.411792402,18,Kagoshima
1022365001,130.004166665,28.345833333,S1,1,True,24.0054,13.6947446244,1.368547854,2.9907607698,,,,7,351.4,1.1167,1.42387929256,1.411792402,18,Kagoshima
1022365001,130.004166665,28.345833333,S2,1,True,12.0027,6.8473723122,0.684273927,1.4953803849,,,,7,351.4,1.1167,1.42387929256,1.411792402,18,Kagoshima
1022365001,130.004166665,28.345833333,S4,1,True,24.0054,13.6947446244,1.368547854,2.9907607698,,,,7,351.4,1.1167,1.42387929256,1.411792402,18,Kagoshima
